# This file uses centimeters as units for non-parametric coordinates.

mtllib BrokenUrn.mtl
g default
v -0.099358 0.000000 -0.305794
v -0.052236 0.000000 -0.160766
v 0.000000 0.000000 0.000000
v -0.267727 0.000000 -0.378334
v -0.274309 0.000000 -0.248949
v -0.462556 0.000000 -0.027444
v -0.415310 0.000000 0.134943
v -0.442549 0.000000 0.321531
v -0.234911 0.000000 0.414405
v -0.054796 0.000000 0.483128
v 0.044488 0.000000 -0.352532
v -0.115421 0.000000 -0.355230
v 0.332192 0.000000 -0.285674
v 0.400680 0.000000 -0.130189
v 0.033143 0.000000 0.102003
v 0.023153 0.000000 0.170215
v -0.001504 0.000000 0.338566
v -0.234911 0.050000 0.414405
v -0.442549 0.050000 0.321531
v 0.023153 0.050000 0.170215
v -0.001504 0.050000 0.338566
v -0.054796 0.050000 0.483128
v 0.044488 0.050000 -0.352532
v 0.332192 0.050000 -0.285674
v -0.052236 0.050000 -0.160766
v -0.099358 0.050000 -0.305794
v 0.400680 0.050000 -0.130189
v 0.000000 0.050000 0.000000
v 0.033143 0.050000 0.102003
v -0.462556 0.050000 -0.027444
v -0.274309 0.050000 -0.248949
v -0.415310 0.050000 0.134943
v -0.115421 0.050000 -0.355230
v -0.267727 0.050000 -0.378334
vt 0.370570 0.549104
vt 0.329686 0.567390
vt 0.421382 0.597183
vt 0.416527 0.564036
vt 0.406034 0.535572
vt 0.425582 0.700111
vt 0.482231 0.686947
vt 0.406538 0.662353
vt 0.397260 0.690908
vt 0.495715 0.656333
vt 0.416823 0.630699
vt 0.423349 0.610614
vt 0.325747 0.636103
vt 0.362813 0.679716
vt 0.335050 0.604129
vt 0.394097 0.700642
vt 0.364108 0.705191
vt 0.370570 0.549104
vt 0.329686 0.567390
vt 0.421382 0.597183
vt 0.416527 0.564036
vt 0.406034 0.535572
vt 0.425582 0.700111
vt 0.482231 0.686947
vt 0.406538 0.662353
vt 0.397260 0.690908
vt 0.495715 0.656333
vt 0.416823 0.630699
vt 0.423349 0.610614
vt 0.325747 0.636103
vt 0.362813 0.679716
vt 0.335050 0.604129
vt 0.394097 0.700642
vt 0.364108 0.705191
vt 0.370570 0.549104
vt 0.329686 0.567390
vt 0.421382 0.597183
vt 0.416527 0.564036
vt 0.406034 0.535572
vt 0.425582 0.700111
vt 0.482231 0.686947
vt 0.495715 0.656333
vt 0.423349 0.610614
vt 0.325747 0.636103
vt 0.362813 0.679716
vt 0.335050 0.604129
vt 0.394097 0.700642
vt 0.364108 0.705191
vn -0.085362 0.975069 0.204827
vn 0.189469 0.980752 0.047198
vn 0.082444 0.996523 0.012075
vn -0.165476 0.980412 0.106819
vn 0.197685 0.768606 0.608413
vn 0.046723 0.952581 -0.300677
vn 0.000000 1.000000 -0.000000
vn 0.000000 1.000000 0.000000
vn 0.121739 0.973214 -0.195025
vn 0.000000 1.000000 0.000000
vn 0.265157 0.942261 0.204539
vn 0.095458 0.988178 0.119965
vn -0.193048 0.975317 -0.107188
vn -0.205115 0.975834 -0.075338
vn -0.099090 0.995062 0.005681
vn 0.047534 0.816649 -0.575174
vn -0.316932 0.821621 -0.473806
vn -0.085362 -0.975069 0.204827
vn -0.165476 -0.980412 0.106819
vn 0.082444 -0.996523 0.012075
vn 0.189469 -0.980752 0.047198
vn 0.197685 -0.768606 0.608413
vn 0.046723 -0.952581 -0.300677
vn 0.121739 -0.973214 -0.195025
vn 0.000000 -1.000000 0.000000
vn 0.000000 -1.000000 0.000000
vn 0.265157 -0.942261 0.204539
vn 0.000000 -1.000000 0.000000
vn 0.095458 -0.988178 0.119965
vn -0.205115 -0.975834 -0.075338
vn -0.193048 -0.975317 -0.107188
vn -0.099090 -0.995062 0.005681
vn 0.047534 -0.816649 -0.575174
vn -0.316932 -0.821621 -0.473806
s 1
g UrnPiece26 BrokenUrn
usemtl initialShadingGroup
f 18/35/1 21/38/2 20/37/3 19/36/4
f 22/39/5 21/38/2 18/35/1
f 23/40/6 26/9/7 25/8/8 24/41/9
f 24/41/9 25/8/8 28/11/10 27/42/11
f 27/42/11 28/11/10 29/43/12
f 26/9/7 31/45/13 30/44/14 25/8/8
f 25/8/8 30/44/14 32/46/15 28/11/10
f 19/36/4 20/37/3 29/43/12 28/11/10 32/46/15
f 33/47/16 26/9/7 23/40/6
f 34/48/17 31/45/13 26/9/7 33/47/16
f 9/18/18 8/19/19 16/20/20 17/21/21
f 10/22/22 9/18/18 17/21/21
f 11/23/23 13/24/24 2/25/25 1/26/26
f 13/24/24 14/27/27 3/28/28 2/25/25
f 14/27/27 15/29/29 3/28/28
f 1/26/26 2/25/25 6/30/30 5/31/31
f 2/25/25 3/28/28 7/32/32 6/30/30
f 8/19/19 7/32/32 3/28/28 15/29/29 16/20/20
f 12/33/33 11/23/23 1/26/26
f 4/34/34 12/33/33 1/26/26 5/31/31
f 9/1/18 18/35/1 19/36/4 8/2/19
f 16/3/20 20/37/3 21/38/2 17/4/21
f 10/5/22 22/39/5 18/35/1 9/1/18
f 17/4/21 21/38/2 22/39/5 10/5/22
f 11/6/23 23/40/6 24/41/9 13/7/24
f 13/7/24 24/41/9 27/42/11 14/10/27
f 14/10/27 27/42/11 29/43/12 15/12/29
f 6/13/30 30/44/14 31/45/13 5/14/31
f 7/15/32 32/46/15 30/44/14 6/13/30
f 8/2/19 19/36/4 32/46/15 7/15/32
f 15/12/29 29/43/12 20/37/3 16/3/20
f 12/16/33 33/47/16 23/40/6 11/6/23
f 4/17/34 34/48/17 33/47/16 12/16/33
f 5/14/31 31/45/13 34/48/17 4/17/34
g default
v 0.291930 1.657257 0.898469
v 0.555285 1.657257 0.764284
v 0.000000 1.881876 0.738490
v 0.228206 1.881876 0.702346
v 0.434074 1.881876 0.597451
v -0.414495 2.055909 0.570503
v -0.217913 2.055909 0.670667
v 0.000000 2.055909 0.705181
v 0.217913 2.055909 0.670667
v 0.414495 2.055909 0.570503
v -0.721264 2.302704 0.000000
v -0.685963 2.302704 0.222883
v -0.583515 2.302704 0.423948
v -0.423948 2.302704 0.583515
v -0.222883 2.302704 0.685963
v 0.000000 2.302704 0.721264
v 0.222883 2.302704 0.685963
v 0.423948 2.302704 0.583515
v 0.367436 2.023384 0.505732
v 0.193172 2.023384 0.594524
v 0.000000 2.023384 0.625120
v -0.193173 2.023384 0.594524
v 0.403722 2.037882 0.555676
v 0.212249 2.037882 0.653236
v 0.000000 2.037882 0.686853
v -0.212249 2.037882 0.653236
v -0.403722 2.037882 0.555676
v -0.443539 2.303899 -0.144115
v -0.466364 2.303899 0.000000
v -0.443539 2.303899 0.144114
v -0.377297 2.303899 0.274122
v -0.274122 2.303899 0.377296
v -0.144114 2.303899 0.443538
v 0.000000 2.303899 0.466364
v 0.144114 2.303899 0.443538
v 0.274122 2.303899 0.377296
v -0.443539 2.074841 -0.144115
v -0.466364 2.074841 0.000000
v -0.443539 2.074841 0.144114
v -0.377297 2.074841 0.274122
v -0.274122 2.074841 0.377296
v -0.144114 2.074841 0.443538
v 0.000000 2.074841 0.466364
v 0.144114 2.074841 0.443538
v 0.274122 2.074841 0.377296
v 0.279828 2.312427 0.385150
v 0.147114 2.312427 0.452771
v 0.000000 2.312427 0.476072
v -0.147114 2.312427 0.452771
v -0.279828 2.312427 0.385150
v -0.385150 2.312427 0.279828
v -0.452771 2.312427 0.147114
v -0.476072 2.312427 0.000000
v -0.452771 2.312427 -0.147114
v 0.415719 2.312427 0.572188
v 0.218556 2.312427 0.672648
v 0.000000 2.312427 0.707264
v -0.218557 2.312427 0.672648
v -0.415719 2.312427 0.572188
v -0.572189 2.312427 0.415719
v -0.672648 2.312427 0.218557
v -0.707264 2.312427 0.000000
v -0.141655 2.074841 0.102918
v -0.269443 2.074841 0.195762
v -0.370856 2.074841 0.269443
v 0.274122 2.086614 0.377296
v 0.144114 2.086614 0.443538
v 0.000000 2.086614 0.466364
v -0.144114 2.086614 0.443538
v -0.274122 2.086614 0.377296
v -0.377297 2.086614 0.274122
v -0.443539 2.086614 0.144114
v -0.466364 2.086614 0.000000
v -0.443539 2.086614 -0.144115
v -0.228206 1.881876 0.702346
v -0.367436 2.023384 0.505732
v -0.479131 2.037882 0.480267
v -0.570503 2.055909 0.414495
v -0.670667 2.055909 0.217913
v -0.704714 2.055716 -0.001709
v -0.670667 2.055909 -0.217913
v -0.685963 2.302704 -0.222883
v -0.686736 2.037882 -0.000737
v -0.653236 2.037882 -0.212249
v -0.625120 2.023384 0.000000
v -0.594524 2.023384 -0.193173
v -0.672648 2.312427 -0.218557
v -0.385150 2.312427 -0.279828
v -0.377297 2.303899 -0.274122
v -0.377297 2.086614 -0.274122
v -0.377297 2.074841 -0.274122
v -0.155262 2.074841 -0.213699
v 0.578315 1.383671 0.795982
v 0.312715 1.187604 0.962438
v 0.000000 1.657257 0.944707
v 0.764284 1.657257 0.555285
v 0.597451 1.881876 0.434074
v 0.505732 2.023384 0.367436
v 0.555676 2.037882 0.403722
v 0.570503 2.055909 0.414495
v 0.583515 2.302704 0.423948
v 0.572188 2.312427 0.415719
v 0.385150 2.312427 0.279828
v 0.377296 2.303899 0.274122
v 0.377296 2.086614 0.274122
v 0.377296 2.074841 0.274122
v 0.143594 2.074841 0.197640
v 0.019737 2.074841 0.295288
v 0.000000 2.074841 0.000000
v 0.013757 2.074841 -0.255364
v 0.277114 1.635048 0.852869
v 0.000000 1.635048 0.896761
v 0.216388 1.849066 0.665976
v -0.000000 1.849066 0.700248
v 0.527103 1.635048 0.725495
v 0.411596 1.849066 0.566512
v 0.730798 1.635048 0.521799
v 0.570462 1.849533 0.407086
v -0.218155 1.849543 0.665075
v -0.000000 2.053880 0.536133
v -0.165674 2.053879 0.509893
v 0.165672 2.053880 0.509893
v 0.315130 2.053880 0.433740
v 0.443583 2.053880 0.305287
v -0.622590 2.078001 -0.210310
v -0.655451 2.077811 -0.001614
v -0.669142 2.277450 0.000020
v -0.634890 2.277939 -0.214807
v -0.622610 2.059238 0.202340
v -0.636384 2.277439 0.206801
v -0.530628 2.077993 0.385524
v -0.541169 2.277932 0.393182
v -0.385524 2.077993 0.530628
v -0.393183 2.277932 0.541168
v -0.202682 2.077993 0.623791
v -0.206707 2.277932 0.636183
v 0.000000 2.077993 0.655892
v -0.000000 2.277932 0.668922
v 0.202682 2.077993 0.623791
v 0.206706 2.277932 0.636183
v 0.385524 2.077993 0.530628
v 0.393182 2.277932 0.541169
v 0.536080 2.077993 0.380072
v 0.546959 2.277932 0.387392
v 0.537795 2.083263 0.385841
v 0.388673 2.083263 0.534963
v 0.204337 2.083263 0.628887
v 0.000000 2.083263 0.661250
v -0.204337 2.083263 0.628886
v -0.315128 2.053880 0.433742
v -0.388673 2.083263 0.534963
v -0.691248 2.262427 0.000000
v -0.657024 2.262427 -0.216082
v -0.657416 2.262427 0.213608
v -0.559231 2.262427 0.406305
v -0.406305 2.262427 0.559231
v -0.213609 2.262427 0.657415
v 0.000000 2.262427 0.691248
v 0.213609 2.262427 0.657415
v 0.406304 2.262427 0.559232
v 0.561002 2.262427 0.404533
v -0.421847 2.281456 -0.296821
v -0.491685 2.281455 -0.159758
v -0.491685 2.086614 -0.159758
v -0.421847 2.086614 -0.296821
v -0.516987 2.281455 0.000000
v -0.516987 2.086614 0.000000
v -0.491685 2.281456 0.159757
v -0.491685 2.086614 0.159757
v -0.418252 2.281455 0.303878
v -0.418252 2.086614 0.303878
v -0.303877 2.281454 0.418251
v -0.303877 2.086614 0.418251
v -0.159757 2.281454 0.491684
v -0.159757 2.086614 0.491684
v -0.000000 2.281454 0.516987
v 0.000000 2.086614 0.516987
v 0.159757 2.281454 0.491684
v 0.159757 2.086614 0.491684
v 0.303878 2.281454 0.418251
v 0.303878 2.086614 0.418251
v 0.412651 2.281454 0.309477
v 0.412651 2.086614 0.309478
v 0.291147 2.262427 0.400727
v 0.398598 2.262427 0.293276
v 0.153064 2.262427 0.471084
v -0.000000 2.262427 0.495327
v -0.153065 2.262427 0.471083
v -0.291148 2.262427 0.400727
v -0.400729 2.262427 0.291146
v -0.471084 2.262427 0.153067
v -0.495328 2.262427 -0.000000
v -0.471084 2.262427 -0.153067
v -0.402097 2.262427 -0.288463
v -0.303877 2.024841 0.418251
v -0.159757 2.024841 0.491684
v -0.370856 2.024841 0.269443
v -0.418252 2.024841 0.303878
v -0.269443 2.024841 0.195762
v 0.000000 2.024841 0.516987
v -0.141655 2.024841 0.102918
v 0.159757 2.024841 0.491684
v 0.019737 2.024841 0.295288
v 0.143594 2.024841 0.197640
v 0.303877 2.024841 0.418251
v 0.412651 2.024841 0.309478
v 0.013757 2.024841 -0.255364
v -0.155262 2.024841 -0.213699
v 0.000000 2.024841 0.000000
v -0.421847 2.024841 -0.296821
v -0.491685 2.024841 -0.159758
v -0.516987 2.024841 0.000000
v -0.491685 2.024841 0.159757
v -0.461250 2.083263 0.462386
v -0.661760 2.083263 0.003219
v -0.628260 2.083263 -0.208293
v -0.613696 2.072028 0.001810
v -0.583100 2.072028 -0.191363
v 0.548867 1.376496 0.755450
v 0.297233 1.180429 0.914791
vt 0.500000 0.358346
vt 0.550000 0.358346
vt 0.550000 0.407642
vt 0.500000 0.407642
vt 0.600000 0.358346
vt 0.600000 0.407642
vt 0.650000 0.358346
vt 0.650000 0.407642
vt 0.450000 0.407642
vt 0.500000 0.438699
vt 0.450000 0.438699
vt 0.550000 0.438699
vt 0.600000 0.438699
vt 0.650000 0.438699
vt 0.200000 0.445837
vt 0.249608 0.445795
vt 0.250000 0.500000
vt 0.200000 0.500000
vt 0.300000 0.445837
vt 0.300000 0.500000
vt 0.350000 0.445837
vt 0.350000 0.500000
vt 0.400000 0.445837
vt 0.400000 0.500000
vt 0.450000 0.445837
vt 0.450000 0.500000
vt 0.500000 0.445837
vt 0.500000 0.500000
vt 0.550000 0.445837
vt 0.550000 0.500000
vt 0.600000 0.445837
vt 0.600000 0.500000
vt 0.650000 0.445837
vt 0.650000 0.500000
vt 0.650000 0.441880
vt 0.600000 0.441880
vt 0.550000 0.441880
vt 0.500000 0.441880
vt 0.450000 0.441880
vt 0.400000 0.438699
vt 0.400000 0.441880
vt 0.006900 0.701503
vt 0.000000 0.657939
vt 0.001449 0.657939
vt 0.008278 0.701055
vt 0.006900 0.614375
vt 0.008278 0.614823
vt 0.026924 0.575076
vt 0.028096 0.575927
vt 0.058112 0.543887
vt 0.058964 0.545060
vt 0.097412 0.523863
vt 0.097860 0.525241
vt 0.140976 0.516963
vt 0.140976 0.518413
vt 0.184539 0.523863
vt 0.184091 0.525242
vt 0.223839 0.543887
vt 0.222987 0.545060
vt 0.255027 0.575076
vt 0.253855 0.575927
vt 0.789104 0.629150
vt 0.800323 0.629150
vt 0.800323 0.522730
vt 0.789104 0.522730
vt 0.811542 0.629150
vt 0.811542 0.522730
vt 0.822760 0.629150
vt 0.822760 0.522730
vt 0.833979 0.629150
vt 0.833979 0.522730
vt 0.845197 0.629150
vt 0.845197 0.522730
vt 0.856416 0.629150
vt 0.856416 0.522730
vt 0.867635 0.629150
vt 0.867635 0.522730
vt 0.878853 0.629150
vt 0.878853 0.522730
vt 0.890072 0.629150
vt 0.890072 0.522730
vt 0.901291 0.629150
vt 0.901291 0.522730
vt 0.195605 0.582747
vt 0.216167 0.603309
vt 0.214634 0.604423
vt 0.194492 0.584280
vt 0.169696 0.569546
vt 0.169111 0.571348
vt 0.140975 0.564997
vt 0.140975 0.566892
vt 0.112255 0.569546
vt 0.112841 0.571348
vt 0.086346 0.582747
vt 0.087460 0.584280
vt 0.065784 0.603309
vt 0.067317 0.604423
vt 0.052582 0.629218
vt 0.054385 0.629804
vt 0.048034 0.657939
vt 0.049929 0.657939
vt 0.052582 0.686659
vt 0.054385 0.686074
vt 0.065784 0.712569
vt 0.067317 0.711455
vt 0.589190 0.534246
vt 0.614418 0.521391
vt 0.570418 0.555175
vt 0.569168 0.554267
vt 0.590098 0.569474
vt 0.642384 0.516962
vt 0.614896 0.587490
vt 0.670350 0.521391
vt 0.646214 0.550160
vt 0.670249 0.569109
vt 0.695579 0.534246
vt 0.715600 0.554267
vt 0.645054 0.657017
vt 0.612255 0.648931
vt 0.642384 0.607462
vt 0.569168 0.660656
vt 0.556314 0.635428
vt 0.551885 0.607462
vt 0.556314 0.579496
vt 0.901291 0.516963
vt 0.890072 0.516963
vt 0.878853 0.516963
vt 0.867635 0.516963
vt 0.856416 0.516963
vt 0.845197 0.516963
vt 0.833979 0.516963
vt 0.822760 0.516963
vt 0.811542 0.516963
vt 0.800323 0.516963
vt 0.789104 0.516963
vt 0.375187 0.441880
vt 0.200000 0.441880
vt 0.249826 0.441880
vt 0.200000 0.438699
vt 0.250000 0.438699
vt 0.600000 0.298303
vt 0.550000 0.255272
vt 0.500000 0.358346
vt 0.550000 0.358346
vt 0.550000 0.407642
vt 0.500000 0.407642
vt 0.600000 0.358346
vt 0.600000 0.407642
vt 0.650000 0.358346
vt 0.650000 0.407642
vt 0.450000 0.407642
vt 0.500000 0.438699
vt 0.450000 0.438699
vt 0.550000 0.438699
vt 0.600000 0.438699
vt 0.650000 0.438699
vt 0.200000 0.445837
vt 0.249608 0.445795
vt 0.250000 0.500000
vt 0.200000 0.500000
vt 0.300000 0.445837
vt 0.300000 0.500000
vt 0.350000 0.445837
vt 0.350000 0.500000
vt 0.400000 0.445837
vt 0.400000 0.500000
vt 0.450000 0.445837
vt 0.450000 0.500000
vt 0.500000 0.445837
vt 0.500000 0.500000
vt 0.550000 0.445837
vt 0.550000 0.500000
vt 0.600000 0.445837
vt 0.600000 0.500000
vt 0.650000 0.445837
vt 0.650000 0.500000
vt 0.650000 0.441880
vt 0.600000 0.441880
vt 0.550000 0.441880
vt 0.500000 0.441880
vt 0.450000 0.441880
vt 0.400000 0.438699
vt 0.400000 0.441880
vt 0.006900 0.701503
vt 0.000000 0.657939
vt 0.001449 0.657939
vt 0.008278 0.701055
vt 0.006900 0.614375
vt 0.008278 0.614823
vt 0.026924 0.575076
vt 0.028096 0.575927
vt 0.058112 0.543887
vt 0.058964 0.545060
vt 0.097412 0.523863
vt 0.097860 0.525241
vt 0.140976 0.516963
vt 0.140976 0.518413
vt 0.184539 0.523863
vt 0.184091 0.525242
vt 0.223839 0.543887
vt 0.222987 0.545060
vt 0.255027 0.575076
vt 0.253855 0.575927
vt 0.789104 0.629150
vt 0.800323 0.629150
vt 0.800323 0.522730
vt 0.789104 0.522730
vt 0.811542 0.629150
vt 0.811542 0.522730
vt 0.822760 0.629150
vt 0.822760 0.522730
vt 0.833979 0.629150
vt 0.833979 0.522730
vt 0.845197 0.629150
vt 0.845197 0.522730
vt 0.856416 0.629150
vt 0.856416 0.522730
vt 0.867635 0.629150
vt 0.867635 0.522730
vt 0.878853 0.629150
vt 0.878853 0.522730
vt 0.890072 0.629150
vt 0.890072 0.522730
vt 0.901291 0.629150
vt 0.901291 0.522730
vt 0.195605 0.582747
vt 0.216167 0.603309
vt 0.214634 0.604423
vt 0.194492 0.584280
vt 0.169696 0.569546
vt 0.169111 0.571348
vt 0.140975 0.564997
vt 0.140975 0.566892
vt 0.112255 0.569546
vt 0.112841 0.571348
vt 0.086346 0.582747
vt 0.087460 0.584280
vt 0.065784 0.603309
vt 0.067317 0.604423
vt 0.052582 0.629218
vt 0.054385 0.629804
vt 0.048034 0.657939
vt 0.049929 0.657939
vt 0.052582 0.686659
vt 0.054385 0.686074
vt 0.065784 0.712569
vt 0.067317 0.711455
vt 0.589190 0.534246
vt 0.614418 0.521391
vt 0.570418 0.555175
vt 0.569168 0.554267
vt 0.590098 0.569474
vt 0.642384 0.516962
vt 0.614896 0.587490
vt 0.670350 0.521391
vt 0.646214 0.550160
vt 0.670249 0.569109
vt 0.695579 0.534246
vt 0.715600 0.554267
vt 0.645054 0.657017
vt 0.612255 0.648931
vt 0.642384 0.607462
vt 0.569168 0.660656
vt 0.556314 0.635428
vt 0.551885 0.607462
vt 0.556314 0.579496
vt 0.901291 0.516963
vt 0.890072 0.516963
vt 0.878853 0.516963
vt 0.867635 0.516963
vt 0.856416 0.516963
vt 0.845197 0.516963
vt 0.833979 0.516963
vt 0.822760 0.516963
vt 0.811542 0.516963
vt 0.800323 0.516963
vt 0.789104 0.516963
vt 0.375187 0.441880
vt 0.200000 0.441880
vt 0.249826 0.441880
vt 0.200000 0.438699
vt 0.250000 0.438699
vt 0.600000 0.298303
vt 0.550000 0.255272
vt 0.650000 0.358346
vt 0.650000 0.407642
vt 0.650000 0.438699
vt 0.200000 0.500000
vt 0.200000 0.445837
vt 0.249608 0.445795
vt 0.300000 0.445837
vt 0.350000 0.445837
vt 0.650000 0.445837
vt 0.650000 0.500000
vt 0.650000 0.441880
vt 0.008278 0.701055
vt 0.006900 0.701503
vt 0.255027 0.575076
vt 0.253855 0.575927
vt 0.789104 0.522730
vt 0.789104 0.629150
vt 0.901291 0.629150
vt 0.901291 0.522730
vt 0.216167 0.603309
vt 0.214634 0.604423
vt 0.067317 0.711455
vt 0.065784 0.712569
vt 0.670249 0.569109
vt 0.646214 0.550160
vt 0.715600 0.554267
vt 0.645054 0.657017
vt 0.612255 0.648931
vt 0.642384 0.607462
vt 0.569168 0.660656
vt 0.901291 0.516963
vt 0.789104 0.516963
vt 0.450000 0.407642
vt 0.500000 0.358346
vt 0.400000 0.438699
vt 0.375187 0.441880
vt 0.249826 0.441880
vt 0.200000 0.441880
vt 0.200000 0.438699
vt 0.250000 0.438699
vt 0.600000 0.298303
vt 0.550000 0.255272
vn -0.433758 -0.661372 -0.611915
vn -0.024076 -0.652990 -0.756984
vn -0.232892 -0.657272 -0.716767
vn -0.304035 -0.395722 -0.866583
vn -0.444804 -0.657148 -0.608528
vn -0.501414 -0.421837 -0.755406
vn -0.398624 -0.625877 -0.670356
vn -0.226755 -0.663575 -0.712917
vn -0.171808 -0.775237 -0.607856
vn 0.258392 0.039875 -0.965217
vn 0.000516 -0.164831 -0.986322
vn -0.304829 -0.164082 -0.938167
vn -0.582857 -0.164671 -0.795714
vn -0.611980 -0.171948 -0.771955
vn 0.985807 0.038187 -0.163481
vn 0.966093 0.168840 -0.195337
vn 0.979702 0.200457 -0.001191
vn 0.996930 -0.077151 -0.013320
vn 0.932533 0.197738 -0.302130
vn 0.932396 -0.198861 -0.301813
vn 0.794574 0.200333 -0.573166
vn 0.807832 -0.104705 -0.580039
vn 0.575462 0.203703 -0.792054
vn 0.587745 0.041372 -0.807988
vn 0.302539 0.203702 -0.931115
vn 0.308798 0.037842 -0.950375
vn -0.000001 0.203702 -0.979033
vn -0.000001 0.037842 -0.999284
vn -0.302538 0.203702 -0.931116
vn -0.308798 0.037841 -0.950375
vn -0.578011 0.202749 -0.790441
vn -0.589785 0.037976 -0.806667
vn -0.411079 0.168154 -0.895957
vn -0.448266 0.037708 -0.893104
vn -0.114294 0.981127 -0.155972
vn 0.042070 0.941114 -0.335462
vn -0.059643 0.981197 -0.183560
vn -0.000000 0.981197 -0.193008
vn 0.059643 0.981197 -0.183561
vn 0.063268 0.387518 -0.919688
vn 0.088172 0.983708 -0.156669
vn -0.201724 -0.871719 -0.446557
vn -0.104616 -0.994513 -0.000287
vn -0.098406 -0.994631 0.032039
vn -0.085120 -0.994444 0.061935
vn -0.062394 -0.994350 0.085878
vn -0.032803 -0.994350 0.100954
vn 0.000000 -0.994350 0.106148
vn 0.032803 -0.994350 0.100952
vn 0.063508 -0.994177 0.087052
vn 0.329904 -0.905887 -0.265579
vn -0.606420 0.111459 -0.787294
vn -0.718162 -0.000000 -0.695876
vn -0.952278 0.000000 -0.305233
vn -0.946465 0.110655 -0.303248
vn -1.000000 0.000000 0.000000
vn -0.993956 0.109778 0.000000
vn -0.951057 0.000000 0.309015
vn -0.945309 0.109776 0.307148
vn -0.809017 0.000000 0.587786
vn -0.804127 0.109775 0.584233
vn -0.587783 0.000000 0.809019
vn -0.584231 0.109776 0.804129
vn -0.309018 0.000000 0.951056
vn -0.307151 0.109778 0.945308
vn -0.000000 -0.000000 1.000000
vn -0.000000 0.109778 0.993956
vn 0.309018 0.000000 0.951056
vn 0.307150 0.109779 0.945308
vn 0.584564 0.000000 0.811348
vn 0.580880 0.110659 0.806433
vn 0.883742 -0.000000 0.467975
vn 0.936156 0.111463 0.333449
vn -0.051077 -0.996188 -0.070714
vn 0.135580 -0.938564 -0.317356
vn -0.027453 -0.996046 -0.084491
vn 0.000000 -0.996046 -0.088838
vn 0.027453 -0.996046 -0.084490
vn 0.052220 -0.996046 -0.071872
vn 0.071876 -0.996046 -0.052219
vn 0.084496 -0.996046 -0.027455
vn 0.088517 -0.996075 0.000000
vn 0.121099 -0.991875 0.038976
vn -0.101256 -0.242437 -0.964869
vn -0.379935 -0.763010 0.522939
vn -0.522939 -0.763009 0.379937
vn 0.000000 -1.000000 -0.000000
vn -0.085908 -0.960580 0.264396
vn 0.000000 -1.000000 0.000000
vn -0.000000 -0.985163 0.171624
vn 0.000000 -1.000000 0.000000
vn 0.052484 -0.997894 -0.038132
vn 0.063356 -0.978757 0.194989
vn -0.003279 -0.935726 -0.352712
vn 0.192069 -0.944480 0.266584
vn 0.502839 -0.863433 -0.040448
vn 0.491135 -0.794644 -0.356830
vn 0.298287 -0.954471 -0.003239
vn 0.012564 -0.984931 -0.172488
vn -0.084929 -0.984270 -0.154918
vn -0.167435 -0.984421 -0.053668
vn -0.278001 -0.960581 -0.000001
vn -0.614749 -0.763011 0.199743
vn 0.048396 -0.670336 -0.740478
vn 0.228200 0.869737 -0.437588
vn 0.139530 0.886174 0.441846
vn 0.834221 0.549080 -0.050847
vn 0.778531 0.547201 0.307345
vn -0.316392 -0.327643 -0.890251
vn -0.470506 -0.456158 -0.755344
vn -0.128086 0.355332 0.925923
vn 0.304090 0.397216 0.865880
vn 0.231767 0.661424 0.713304
vn 0.028661 0.657460 0.752944
vn 0.500521 0.421312 0.756290
vn 0.440845 0.661424 0.606773
vn 0.787012 0.451428 0.420507
vn 0.660913 0.657100 0.362512
vn -0.557763 0.288274 0.778330
vn 0.000000 0.316491 0.948595
vn -0.255437 0.178166 0.950268
vn 0.293132 0.316492 0.902168
vn 0.557570 0.316491 0.767430
vn 0.949715 0.279550 0.141046
vn -0.945704 -0.123059 -0.300834
vn -0.983295 -0.181749 -0.009946
vn -0.999914 -0.013121 0.000663
vn -0.959109 -0.012780 -0.282748
vn -0.923040 -0.242249 0.298851
vn -0.951308 -0.013042 0.307965
vn -0.793922 -0.192341 0.576796
vn -0.808956 -0.012231 0.587742
vn -0.582820 -0.116205 0.804250
vn -0.587742 -0.012230 0.808956
vn -0.306673 -0.122960 0.943839
vn -0.308994 -0.012230 0.950985
vn 0.000000 -0.122960 0.992412
vn -0.000000 -0.012230 0.999925
vn 0.306673 -0.122960 0.943839
vn 0.308994 -0.012230 0.950985
vn 0.583326 -0.122960 0.802877
vn 0.587742 -0.012229 0.808956
vn 0.799160 -0.123188 0.588361
vn 0.792454 -0.012604 0.609801
vn 0.427938 -0.899550 0.087627
vn 0.236078 -0.915798 0.324934
vn 0.124114 -0.915798 0.381983
vn 0.000000 -0.915797 0.401642
vn -0.124114 -0.915797 0.381984
vn -0.460271 -0.879508 -0.120897
vn -0.243030 -0.897502 0.368005
vn -0.056019 0.998430 -0.000000
vn -0.101666 0.968387 -0.227795
vn -0.053277 0.998430 0.017311
vn -0.045320 0.998430 0.032927
vn -0.032927 0.998430 0.045320
vn -0.017311 0.998430 0.053277
vn 0.000000 0.998430 0.056019
vn 0.017311 0.998430 0.053277
vn 0.032927 0.998430 0.045320
vn 0.152985 0.980245 -0.125361
vn 0.966564 0.043673 0.252680
vn 0.950029 0.046491 0.308681
vn 0.951057 0.000000 0.309015
vn 0.992473 -0.000000 0.122467
vn 0.998919 0.046492 0.000000
vn 1.000000 0.000000 0.000000
vn 0.950029 0.046491 -0.308681
vn 0.951057 0.000000 -0.309015
vn 0.808142 0.046491 -0.587151
vn 0.809016 0.000000 -0.587786
vn 0.587147 0.046493 -0.808144
vn 0.587782 0.000000 -0.809019
vn 0.308684 0.046495 -0.950028
vn 0.309018 0.000000 -0.951056
vn -0.000000 0.046495 -0.998919
vn 0.000000 0.000000 -1.000000
vn -0.308684 0.046495 -0.950028
vn -0.309018 0.000000 -0.951056
vn -0.587149 0.046495 -0.808143
vn -0.587784 0.000000 -0.809018
vn -0.539001 0.043677 -0.841172
vn -0.423164 -0.000000 -0.906053
vn -0.014119 0.999711 -0.019434
vn 0.076402 0.985370 -0.152347
vn -0.007423 0.999712 -0.022845
vn -0.000000 0.999711 -0.024021
vn 0.007423 0.999711 -0.022846
vn 0.014119 0.999711 -0.019435
vn 0.019434 0.999711 -0.014120
vn 0.022846 0.999711 -0.007423
vn 0.024021 0.999711 0.000000
vn 0.032199 0.999427 0.010462
vn -0.115660 0.742488 -0.659799
vn 0.232346 0.918554 -0.319802
vn 0.018340 0.998237 -0.056446
vn 0.000000 1.000000 -0.000000
vn 0.319797 0.918556 -0.232346
vn 0.000000 1.000000 -0.000000
vn 0.000000 0.999350 -0.036055
vn 0.000000 1.000000 -0.000000
vn -0.014245 0.998937 -0.043841
vn 0.063692 0.996896 -0.046275
vn -0.004484 0.875970 -0.482345
vn -0.046747 0.996832 -0.064342
vn 0.317131 0.306410 -0.897519
vn 0.491134 0.794644 -0.356830
vn 0.013686 0.982095 -0.187887
vn 0.321107 0.947037 -0.003488
vn 0.115385 0.952457 -0.281979
vn 0.034290 0.999350 0.011142
vn 0.059350 0.998237 -0.000000
vn 0.375941 0.918558 -0.122149
vn -0.173946 -0.956468 -0.234334
vn -0.343358 -0.914902 -0.212272
vn -0.399401 -0.911819 0.095207
vn 0.398819 -0.912005 -0.095870
vn 0.350965 -0.911243 0.215545
vn 0.593515 -0.014960 0.804684
vn 0.245775 -0.146393 0.958209
s 1
g BrokenUrn UrnPiece19
usemtl initialShadingGroup
f 146/366/35 148/52/36 147/51/37 145/50/38
f 145/50/38 147/51/37 150/54/39 149/53/40
f 149/53/40 150/54/39 152/334/41 151/333/42
f 153/365/43 155/59/44 154/58/45 148/52/36
f 148/52/36 154/58/45 156/60/46 147/51/37
f 147/51/37 156/60/46 157/61/47 150/54/39
f 150/54/39 157/61/47 158/335/48 152/334/41
f 159/337/49 162/336/50 161/65/51 160/338/52
f 160/338/52 161/65/51 164/68/53 163/339/54
f 163/339/54 164/68/53 166/70/55 165/340/56
f 165/340/56 166/70/55 168/72/57 167/71/58
f 167/71/58 168/72/57 170/74/59 169/73/60
f 169/73/60 170/74/59 172/76/61 171/75/62
f 171/75/62 172/76/61 174/78/63 173/77/64
f 173/77/64 174/78/63 176/80/65 175/79/66
f 175/79/66 176/80/65 178/342/67 177/341/68
f 157/61/47 180/84/69 179/343/70 158/335/48
f 156/60/46 181/85/71 180/84/69 157/61/47
f 154/58/45 182/86/72 181/85/71 156/60/46
f 155/59/44 183/87/73 182/86/72 154/58/45
f 184/367/74 185/89/75 183/87/73 155/59/44
f 180/84/69 175/79/66 177/341/68 179/343/70
f 181/85/71 173/77/64 175/79/66 180/84/69
f 182/86/72 171/75/62 173/77/64 181/85/71
f 183/87/73 169/73/60 171/75/62 182/86/72
f 185/89/75 167/71/58 169/73/60 183/87/73
f 162/345/50 187/344/76 186/92/77 161/91/51
f 161/91/51 186/92/77 188/95/78 164/94/53
f 164/94/53 188/95/78 189/97/79 166/96/55
f 166/96/55 189/97/79 190/99/80 168/98/57
f 168/98/57 190/99/80 191/101/81 170/100/59
f 170/100/59 191/101/81 192/103/82 172/102/61
f 172/102/61 192/103/82 193/105/83 174/104/63
f 174/104/63 193/105/83 194/107/84 176/106/65
f 176/106/65 194/107/84 195/347/85 178/346/67
f 196/349/86 199/348/87 198/112/88 197/111/89
f 197/111/89 198/112/88 201/115/90 200/114/91
f 200/114/91 201/115/90 203/117/92 202/116/93
f 202/116/93 203/117/92 205/119/94 204/118/95
f 204/118/95 205/119/94 207/121/96 206/120/97
f 206/120/97 207/121/96 209/123/98 208/122/99
f 208/122/99 209/123/98 211/125/100 210/124/101
f 210/124/101 211/125/100 213/127/102 212/126/103
f 212/126/103 213/127/102 215/129/104 214/128/105
f 214/128/105 215/129/104 217/351/106 216/350/107
f 218/132/108 214/135/105 216/353/107 219/352/109
f 220/136/110 212/137/103 214/135/105 218/132/108
f 221/138/111 210/139/101 212/137/103 220/136/110
f 222/140/112 208/141/99 210/139/101 221/138/111
f 223/142/113 206/143/97 208/141/99 222/140/112
f 224/144/114 204/145/95 206/143/97 223/142/113
f 225/146/115 202/147/93 204/145/95 224/144/114
f 226/148/116 200/149/91 202/147/93 225/146/115
f 227/150/117 197/151/89 200/149/91 226/148/116
f 228/355/118 196/354/86 197/151/89 227/150/117
f 194/107/84 218/132/108 219/352/109 195/347/85
f 193/105/83 220/136/110 218/132/108 194/107/84
f 192/103/82 221/138/111 220/136/110 193/105/83
f 191/101/81 222/140/112 221/138/111 192/103/82
f 190/99/80 223/142/113 222/140/112 191/101/81
f 189/97/79 224/144/114 223/142/113 190/99/80
f 188/95/78 225/146/115 224/144/114 189/97/79
f 186/92/77 226/148/116 225/146/115 188/95/78
f 187/344/76 227/150/117 226/148/116 186/92/77
f 228/355/118 227/150/117 187/344/76
f 229/154/119 232/157/120 231/156/121 230/155/122
f 233/158/123 234/159/124 230/155/122 231/156/121
f 235/160/125 237/357/126 236/161/127 234/159/124 233/158/123
f 238/356/128 239/164/129 236/161/127 237/357/126
f 240/358/130 239/164/129 238/356/128
f 241/359/131 243/361/132 242/360/133
f 242/360/133 243/361/132 235/160/125 244/362/134
f 244/362/134 235/160/125 233/158/123 245/170/135
f 245/170/135 233/158/123 231/156/121 246/171/136
f 231/156/121 232/157/120 247/172/137 246/171/136
f 215/129/104 239/174/129 240/363/130 217/351/106
f 213/127/102 236/175/127 239/174/129 215/129/104
f 211/125/100 234/176/124 236/175/127 213/127/102
f 209/123/98 230/177/122 234/176/124 211/125/100
f 207/121/96 229/178/119 230/177/122 209/123/98
f 205/119/94 232/179/120 229/178/119 207/121/96
f 203/117/92 247/180/137 232/179/120 205/119/94
f 201/115/90 246/181/136 247/180/137 203/117/92
f 198/112/88 245/182/135 246/181/136 201/115/90
f 199/348/87 244/364/134 245/182/135 198/112/88
f 153/365/43 148/52/36 146/366/35
f 184/367/74 155/59/44 153/365/43
f 248/368/138 185/89/75 184/367/74
f 165/340/56 167/71/58 185/89/75 248/368/138
f 250/370/139 159/337/49 160/338/52 249/369/140
f 252/371/141 250/370/139 249/369/140 251/372/142
f 253/373/143 149/53/40 151/333/42
f 254/374/144 145/50/38 149/53/40 253/373/143
f 146/366/35 145/50/38 254/374/144
f 243/361/132 237/357/126 235/160/125
f 129/191/145 35/192/146 38/193/147 37/194/148
f 35/192/146 36/195/149 39/196/150 38/193/147
f 36/195/149 130/197/151 131/198/152 39/196/150
f 109/199/153 37/194/148 55/200/154 56/201/155
f 37/194/148 38/193/147 54/202/156 55/200/154
f 38/193/147 39/196/150 53/203/157 54/202/156
f 39/196/150 131/198/152 132/204/158 53/203/157
f 115/205/159 114/206/160 45/207/161 116/208/162
f 114/206/160 113/209/163 46/210/164 45/207/161
f 113/209/163 112/211/165 47/212/166 46/210/164
f 112/211/165 40/213/167 48/214/168 47/212/166
f 40/213/167 41/215/169 49/216/170 48/214/168
f 41/215/169 42/217/171 50/218/172 49/216/170
f 42/217/171 43/219/173 51/220/174 50/218/172
f 43/219/173 44/221/175 52/222/176 51/220/174
f 44/221/175 134/223/177 135/224/178 52/222/176
f 53/203/157 132/204/158 133/225/179 57/226/180
f 54/202/156 53/203/157 57/226/180 58/227/181
f 55/200/154 54/202/156 58/227/181 59/228/182
f 56/201/155 55/200/154 59/228/182 60/229/183
f 110/230/184 56/201/155 60/229/183 61/231/185
f 57/226/180 133/225/179 134/223/177 44/221/175
f 58/227/181 57/226/180 44/221/175 43/219/173
f 59/228/182 58/227/181 43/219/173 42/217/171
f 60/229/183 59/228/182 42/217/171 41/215/169
f 61/231/185 60/229/183 41/215/169 40/213/167
f 116/232/162 45/233/161 96/234/186 121/235/187
f 45/233/161 46/236/164 95/237/188 96/234/186
f 46/236/164 47/238/166 94/239/189 95/237/188
f 47/238/166 48/240/168 93/241/190 94/239/189
f 48/240/168 49/242/170 92/243/191 93/241/190
f 49/242/170 50/244/172 91/245/192 92/243/191
f 50/244/172 51/246/174 90/247/193 91/245/192
f 51/246/174 52/248/176 89/249/194 90/247/193
f 52/248/176 135/250/178 136/251/195 89/249/194
f 123/252/196 62/253/197 108/254/198 124/255/199
f 62/253/197 63/256/200 107/257/201 108/254/198
f 63/256/200 64/258/202 106/259/203 107/257/201
f 64/258/202 65/260/204 105/261/205 106/259/203
f 65/260/204 66/262/206 104/263/207 105/261/205
f 66/262/206 67/264/208 103/265/209 104/263/207
f 67/264/208 68/266/210 102/267/211 103/265/209
f 68/266/210 69/268/212 101/269/213 102/267/211
f 69/268/212 70/270/214 100/271/215 101/269/213
f 70/270/214 138/272/216 139/273/217 100/271/215
f 80/274/218 137/275/219 138/276/216 70/277/214
f 81/278/220 80/274/218 70/277/214 69/279/212
f 82/280/221 81/278/220 69/279/212 68/281/210
f 83/282/222 82/280/221 68/281/210 67/283/208
f 84/284/223 83/282/222 67/283/208 66/285/206
f 85/286/224 84/284/223 66/285/206 65/287/204
f 86/288/225 85/286/224 65/287/204 64/289/202
f 87/290/226 86/288/225 64/289/202 63/291/200
f 88/292/227 87/290/226 63/291/200 62/293/197
f 122/294/228 88/292/227 62/293/197 123/295/196
f 89/249/194 136/251/195 137/275/219 80/274/218
f 90/247/193 89/249/194 80/274/218 81/278/220
f 91/245/192 90/247/193 81/278/220 82/280/221
f 92/243/191 91/245/192 82/280/221 83/282/222
f 93/241/190 92/243/191 83/282/222 84/284/223
f 94/239/189 93/241/190 84/284/223 85/286/224
f 95/237/188 94/239/189 85/286/224 86/288/225
f 96/234/186 95/237/188 86/288/225 87/290/226
f 121/235/187 96/234/186 87/290/226 88/292/227
f 122/294/228 121/235/187 88/292/227
f 75/296/229 76/297/230 99/298/231 74/299/232
f 98/300/233 99/298/231 76/297/230 77/301/234
f 97/302/235 98/300/233 77/301/234 78/303/236 142/304/237
f 141/305/238 142/304/237 78/303/236 79/306/239
f 140/307/240 141/305/238 79/306/239
f 144/308/241 126/309/242 143/310/243
f 126/309/242 125/311/244 97/302/235 143/310/243
f 125/311/244 71/312/245 98/300/233 97/302/235
f 71/312/245 72/313/246 99/298/231 98/300/233
f 99/298/231 72/313/246 73/314/247 74/299/232
f 100/271/215 139/273/217 140/315/240 79/316/239
f 101/269/213 100/271/215 79/316/239 78/317/236
f 102/267/211 101/269/213 78/317/236 77/318/234
f 103/265/209 102/267/211 77/318/234 76/319/230
f 104/263/207 103/265/209 76/319/230 75/320/229
f 105/261/205 104/263/207 75/320/229 74/321/232
f 106/259/203 105/261/205 74/321/232 73/322/247
f 107/257/201 106/259/203 73/322/247 72/323/246
f 108/254/198 107/257/201 72/323/246 71/324/245
f 124/255/199 108/254/198 71/324/245 125/325/244
f 109/199/153 129/191/145 37/194/148
f 110/230/184 109/199/153 56/201/155
f 111/326/248 110/230/184 61/231/185
f 112/211/165 111/326/248 61/231/185 40/213/167
f 118/327/249 117/328/250 114/206/160 115/205/159
f 120/329/251 119/330/252 117/328/250 118/327/249
f 127/331/253 130/197/151 36/195/149
f 128/332/254 127/331/253 36/195/149 35/192/146
f 129/191/145 128/332/254 35/192/146
f 143/310/243 97/302/235 142/304/237
f 130/55/151 151/333/42 152/334/41 131/56/152
f 131/56/152 152/334/41 158/335/48 132/62/158
f 116/66/162 162/336/50 159/337/49 115/63/159
f 114/64/160 160/338/52 163/339/54 113/67/163
f 113/67/163 163/339/54 165/340/56 112/69/165
f 134/81/177 177/341/68 178/342/67 135/82/178
f 132/62/158 158/335/48 179/343/70 133/83/179
f 133/83/179 179/343/70 177/341/68 134/81/177
f 121/93/187 187/344/76 162/345/50 116/90/162
f 135/108/178 178/346/67 195/347/85 136/109/195
f 124/113/199 199/348/87 196/349/86 123/110/196
f 138/130/216 216/350/107 217/351/106 139/131/217
f 137/133/219 219/352/109 216/353/107 138/134/216
f 123/153/196 196/354/86 228/355/118 122/152/228
f 136/109/195 195/347/85 219/352/109 137/133/219
f 122/152/228 228/355/118 187/344/76 121/93/187
f 141/163/238 238/356/128 237/357/126 142/162/237
f 140/165/240 240/358/130 238/356/128 141/163/238
f 144/166/241 241/359/131 242/360/133 126/167/242
f 143/168/243 243/361/132 241/359/131 144/166/241
f 126/167/242 242/360/133 244/362/134 125/169/244
f 139/131/217 217/351/106 240/363/130 140/173/240
f 125/183/244 244/364/134 199/348/87 124/113/199
f 109/57/153 153/365/43 146/366/35 129/49/145
f 110/88/184 184/367/74 153/365/43 109/57/153
f 111/184/248 248/368/138 184/367/74 110/88/184
f 112/69/165 165/340/56 248/368/138 111/184/248
f 117/186/250 249/369/140 160/338/52 114/64/160
f 115/63/159 159/337/49 250/370/139 118/185/249
f 120/187/251 252/371/141 251/372/142 119/188/252
f 119/188/252 251/372/142 249/369/140 117/186/250
f 118/185/249 250/370/139 252/371/141 120/187/251
f 127/189/253 253/373/143 151/333/42 130/55/151
f 128/190/254 254/374/144 253/373/143 127/189/253
f 129/49/145 146/366/35 254/374/144 128/190/254
f 142/162/237 237/357/126 243/361/132 143/168/243
g default
v -0.818698 1.187604 -0.594819
v -0.764284 1.657257 -0.555285
v -0.898470 1.657257 -0.291930
v -0.944707 1.657257 0.000000
v -0.702346 1.881876 -0.228206
v -0.738490 1.881876 0.000000
v -0.702346 1.881876 0.228206
v -0.625120 2.023384 0.000000
v -0.926115 1.454284 -0.300913
v -0.594524 2.023384 -0.193173
v -0.597451 1.881876 -0.434074
v -0.555285 1.657257 -0.764284
v -0.521799 1.635048 -0.730798
v -0.778166 1.180429 -0.565371
v -0.725494 1.635048 -0.527103
v -0.878468 1.447109 -0.285431
v -0.852870 1.635048 -0.277114
v -0.896760 1.635047 0.000000
v -0.565651 1.848701 -0.413531
v -0.665975 1.849066 -0.216388
v -0.700248 1.849066 0.000000
v -0.664648 1.849533 0.222236
v -0.557130 1.991884 -0.181023
v -0.585802 1.991884 0.000000
vt 0.100000 0.358346
vt 0.150000 0.255272
vt 0.150000 0.358346
vt 0.200000 0.313800
vt 0.200000 0.358346
vt 0.250000 0.358346
vt 0.150000 0.407642
vt 0.200000 0.407642
vt 0.250000 0.407642
vt 0.300000 0.407642
vt 0.200000 0.438699
vt 0.250000 0.438699
vt 0.100000 0.358346
vt 0.150000 0.255272
vt 0.150000 0.358346
vt 0.200000 0.313800
vt 0.200000 0.358346
vt 0.250000 0.358346
vt 0.150000 0.407642
vt 0.200000 0.407642
vt 0.250000 0.407642
vt 0.300000 0.407642
vt 0.200000 0.438699
vt 0.250000 0.438699
vt 0.100000 0.358346
vt 0.150000 0.255272
vt 0.200000 0.313800
vt 0.250000 0.358346
vt 0.150000 0.407642
vt 0.300000 0.407642
vt 0.200000 0.438699
vt 0.250000 0.438699
vn 0.940063 -0.315018 0.130554
vn 0.768620 -0.370526 0.521473
vn 0.784185 -0.515134 0.345964
vn 0.838142 -0.443387 0.317689
vn 0.769404 -0.336228 0.543110
vn 0.510774 -0.785070 0.350392
vn 0.847350 -0.461927 0.261956
vn 0.714172 -0.663606 0.222678
vn 0.750487 -0.659600 0.041188
vn 0.619658 -0.543261 0.566473
vn 0.961900 -0.261343 0.080306
vn 0.940252 -0.259202 0.220774
vn -0.288530 0.282640 -0.914803
vn -0.750805 -0.201545 -0.629024
vn -0.769576 0.371487 -0.519375
vn -0.953574 -0.021351 -0.300401
vn -0.838894 0.442467 -0.316986
vn -0.894439 0.431205 0.118500
vn -0.416013 0.792935 -0.445182
vn -0.713890 0.663986 -0.222448
vn -0.749976 0.660082 -0.042764
vn -0.509131 0.444934 0.736763
vn -0.462599 0.853034 -0.241526
vn -0.515746 0.852383 0.086311
s 1
g BrokenUrn UrnPiece23
usemtl initialShadingGroup
f 267/399/255 269/377/256 268/400/257
f 268/400/257 269/377/256 271/379/258 270/401/259
f 270/401/259 271/379/258 272/402/260
f 267/399/255 273/403/261 269/377/256
f 269/377/256 273/403/261 274/382/262 271/379/258
f 271/379/258 274/382/262 275/383/263 272/402/260
f 272/402/260 275/383/263 276/404/264
f 273/403/261 277/405/265 274/382/262
f 274/382/262 277/405/265 278/406/266 275/383/263
f 275/383/263 278/406/266 276/404/264
f 266/387/267 255/388/268 256/389/269
f 255/388/268 263/390/270 257/391/271 256/389/269
f 263/390/270 258/392/272 257/391/271
f 266/387/267 256/389/269 265/393/273
f 256/389/269 257/391/271 259/394/274 265/393/273
f 257/391/271 258/392/272 260/395/275 259/394/274
f 258/392/272 261/396/276 260/395/275
f 265/393/273 259/394/274 264/397/277
f 259/394/274 260/395/275 262/398/278 264/397/277
f 260/395/275 261/396/276 262/398/278
f 266/375/267 267/399/255 268/400/257 255/376/268
f 255/376/268 268/400/257 270/401/259 263/378/270
f 263/378/270 270/401/259 272/402/260 258/380/272
f 265/381/273 273/403/261 267/399/255 266/375/267
f 258/380/272 272/402/260 276/404/264 261/384/276
f 264/385/277 277/405/265 273/403/261 265/381/273
f 262/386/278 278/406/266 277/405/265 264/385/277
f 261/384/276 276/404/264 278/406/266 262/386/278
g default
v 0.169039 0.000000 0.520248
v 0.321531 0.000000 0.442549
v 0.000000 0.713779 0.924380
v 0.285649 0.713779 0.879138
v 0.312715 1.187604 0.962438
v 0.594819 1.187604 0.818698
v 0.818698 1.187604 0.594819
v 0.764284 1.657257 0.555285
v 0.052236 0.000000 0.160765
v 0.099358 0.000000 0.305794
v 0.136755 0.000000 0.420889
v 0.339538 0.024458 0.467334
v 0.178506 0.024458 0.549384
v 0.000000 0.000000 0.547021
v 0.000000 0.024458 0.577657
v 0.000000 1.187604 1.011967
v 0.000000 1.657257 0.944707
v -0.285649 0.713779 0.879138
v 0.929592 1.428752 0.302043
v 0.578315 1.383671 0.795982
v 0.442549 0.000000 0.321531
v 0.467334 0.024458 0.339538
v -0.001504 0.000000 0.338566
v -0.054796 0.000000 0.483128
v 0.023153 0.000000 0.170215
v 0.033143 0.000000 0.102003
v 0.190279 0.000000 0.115912
v 0.350577 0.000000 0.224168
v 0.543337 0.713779 0.747839
v 0.776379 0.904624 0.564073
v 0.962438 1.187604 0.312715
v 1.011967 1.187604 0.000000
v -0.002766 0.050000 0.529558
v 0.163507 0.050000 0.503223
v 0.166137 0.056965 0.511317
v -0.000000 0.056481 0.537238
v 0.311009 0.050000 0.428067
v 0.316011 0.056965 0.434952
v 0.430047 0.050000 0.309029
v 0.439105 0.056481 0.311310
v -0.000000 0.730062 0.875984
v 0.270694 0.730062 0.833111
v 0.296871 1.188644 0.913676
v -0.002700 1.191424 0.961045
v 0.514891 0.730062 0.708686
v 0.564682 1.188644 0.777218
v 0.736123 0.913822 0.534825
v 0.777218 1.188644 0.564682
v 0.914725 1.185852 0.294391
v -0.007745 1.650254 0.895809
v 0.548867 1.376496 0.755450
v 0.723753 1.650082 0.525837
v 0.881945 1.421577 0.286561
v 0.963069 1.180601 -0.007744
v 0.136755 0.050000 0.420889
v -0.054796 0.050000 0.483128
v 0.052236 0.050000 0.160765
v 0.099358 0.050000 0.305794
v 0.190279 0.050000 0.115912
v 0.350577 0.050000 0.224168
v -0.278153 0.729703 0.831809
v 0.033143 0.050000 0.102003
v 0.023153 0.050000 0.170215
v -0.001504 0.050000 0.338566
vt 0.416823 0.522992
vt 0.450106 0.528263
vt 0.451970 0.522526
vt 0.416823 0.516960
vt 0.480131 0.543562
vt 0.483677 0.538682
vt 0.503960 0.567390
vt 0.508840 0.563844
vt 0.500000 0.151283
vt 0.550000 0.151283
vt 0.550000 0.255272
vt 0.500000 0.255272
vt 0.600000 0.151283
vt 0.600000 0.255272
vt 0.650000 0.193167
vt 0.650000 0.255272
vt 0.700000 0.255272
vt 0.500000 0.358346
vt 0.600000 0.298303
vt 0.650000 0.358346
vt 0.700000 0.308196
vt 0.750000 0.255272
vt 0.443750 0.547827
vt 0.406034 0.535572
vt 0.436386 0.570489
vt 0.427108 0.599044
vt 0.454288 0.607876
vt 0.485850 0.586560
vt 0.600000 0.000000
vt 0.650000 0.000000
vt 0.550000 0.000000
vt 0.500000 0.000000
vt 0.450000 0.151283
vt 0.423349 0.610614
vt 0.421382 0.597183
vt 0.416527 0.564036
vt 0.416823 0.522992
vt 0.450106 0.528263
vt 0.451970 0.522526
vt 0.416823 0.516960
vt 0.480131 0.543562
vt 0.483677 0.538682
vt 0.503960 0.567390
vt 0.508840 0.563844
vt 0.500000 0.151283
vt 0.550000 0.151283
vt 0.550000 0.255272
vt 0.500000 0.255272
vt 0.600000 0.151283
vt 0.600000 0.255272
vt 0.650000 0.193167
vt 0.650000 0.255272
vt 0.700000 0.255272
vt 0.500000 0.358346
vt 0.600000 0.298303
vt 0.650000 0.358346
vt 0.700000 0.308196
vt 0.750000 0.255272
vt 0.443750 0.547827
vt 0.406034 0.535572
vt 0.436386 0.570489
vt 0.427108 0.599044
vt 0.454288 0.607876
vt 0.485850 0.586560
vt 0.600000 0.000000
vt 0.650000 0.000000
vt 0.550000 0.000000
vt 0.500000 0.000000
vt 0.450000 0.151283
vt 0.423349 0.610614
vt 0.421382 0.597183
vt 0.416527 0.564036
vt 0.416823 0.516960
vt 0.416823 0.522992
vt 0.503960 0.567390
vt 0.508840 0.563844
vt 0.600000 0.151283
vt 0.650000 0.193167
vt 0.700000 0.255272
vt 0.550000 0.255272
vt 0.500000 0.358346
vt 0.500000 0.255272
vt 0.600000 0.298303
vt 0.650000 0.358346
vt 0.700000 0.308196
vt 0.750000 0.255272
vt 0.406034 0.535572
vt 0.454288 0.607876
vt 0.485850 0.586560
vt 0.650000 0.000000
vt 0.450000 0.151283
vt 0.500000 0.000000
vt 0.423349 0.610614
vt 0.421382 0.597183
vt 0.416527 0.564036
vn -0.227273 0.968427 0.102452
vn -0.306507 0.360828 -0.880827
vn -0.275259 0.452661 -0.848134
vn -0.024412 0.996922 -0.074505
vn -0.473969 0.453329 -0.754882
vn -0.040974 0.997561 -0.056508
vn 0.051139 0.502576 -0.863019
vn 0.165167 0.959243 -0.229286
vn -0.041293 0.334290 -0.941565
vn -0.352443 0.146272 -0.924331
vn -0.235575 0.232406 -0.943659
vn -0.291284 0.328600 -0.898430
vn -0.601141 0.072084 -0.795885
vn -0.368184 0.280351 -0.886478
vn -0.793401 -0.003358 -0.608691
vn -0.635323 -0.000471 -0.772246
vn -0.832024 -0.310857 -0.459460
vn -0.142076 0.359044 -0.922444
vn -0.780213 0.054022 -0.623177
vn -0.820575 0.132926 -0.555867
vn -0.839698 0.045945 -0.541106
vn -0.668325 -0.118366 -0.734391
vn 0.000000 1.000000 0.000000
vn -0.448605 0.893730 0.000272
vn 0.000000 1.000000 -0.000000
vn 0.160331 0.967031 -0.197848
vn 0.125700 0.936760 -0.326619
vn 0.000000 1.000000 0.000000
vn -0.333108 0.341552 -0.878852
vn -0.285813 0.380182 -0.879643
vn -0.638961 0.763525 -0.093582
vn -0.417005 0.902949 -0.103879
vn -0.086515 -0.967752 0.236582
vn 0.060809 -0.980448 0.187149
vn 0.274147 -0.461467 0.843737
vn -0.041404 -0.508342 0.860159
vn 0.106253 -0.983526 0.146244
vn 0.470303 -0.465754 0.749592
vn 0.193339 -0.980870 -0.022689
vn 0.916051 -0.304094 0.261492
vn 0.043487 -0.334687 0.941325
vn 0.291808 -0.329058 0.898092
vn 0.326399 -0.051219 0.943843
vn -0.047806 -0.029763 0.998413
vn 0.574625 -0.316233 0.754853
vn 0.600722 -0.072421 0.796171
vn 0.767514 -0.322162 0.554198
vn 0.792718 0.002566 0.609583
vn 0.945105 -0.057534 0.321662
vn 0.127405 0.619451 0.774628
vn 0.558445 0.293402 0.775922
vn 0.750568 0.363717 0.551686
vn 0.911179 0.290226 0.292441
vn 0.881829 0.105095 -0.459708
vn 0.000000 -1.000000 0.000000
vn -0.401500 -0.915859 0.000243
vn 0.000000 -1.000000 0.000000
vn 0.000000 -1.000000 0.000000
vn 0.125700 -0.936760 -0.326619
vn 0.152462 -0.970237 -0.188138
vn -0.518943 -0.311128 0.796177
vn -0.285813 -0.380182 -0.879643
vn -0.638961 -0.763525 -0.093582
vn -0.417005 -0.902949 -0.103879
s 1
g BrokenUrn UrnPiece21
usemtl initialShadingGroup
f 311/480/279 314/479/280 313/409/281 312/408/282
f 312/408/282 313/409/281 316/412/283 315/411/284
f 315/411/284 316/412/283 318/482/285 317/481/286
f 319/415/287 322/488/288 321/486/289 320/416/290
f 320/416/290 321/486/289 324/420/291 323/483/292
f 323/483/292 324/420/291 326/422/293 325/484/294
f 325/484/294 326/422/293 327/485/295
f 322/488/288 328/487/296 321/486/289
f 321/486/289 329/489/297 324/420/291
f 324/420/291 329/489/297 330/490/298 326/422/293
f 326/422/293 330/490/298 331/491/299 327/485/295
f 327/485/295 331/491/299 332/492/300
f 333/429/301 334/493/302 311/480/279 312/408/282
f 336/431/303 338/495/304 337/494/305 335/432/306
f 333/429/301 317/481/286 338/495/304 336/431/303
f 315/411/284 317/481/286 333/429/301 312/408/282
f 316/435/283 323/483/292 318/496/285
f 313/437/281 320/416/290 323/483/292 316/435/283
f 314/498/280 319/415/287 320/416/290 313/437/281
f 339/497/307 319/415/287 314/498/280
f 339/497/307 322/488/288 319/415/287
f 335/432/306 337/494/305 340/499/308
f 341/500/309 335/432/306 340/499/308
f 342/501/310 336/431/303 335/432/306 341/500/309
f 334/493/302 333/429/301 336/431/303 342/501/310
f 292/443/311 279/444/312 291/445/313 293/446/314
f 279/444/312 280/447/315 290/448/316 291/445/313
f 280/447/315 299/449/317 300/450/318 290/448/316
f 281/451/319 282/452/320 283/453/321 294/454/322
f 282/452/320 307/455/323 284/456/324 283/453/321
f 307/455/323 308/457/325 285/458/326 284/456/324
f 308/457/325 309/459/327 285/458/326
f 294/454/322 283/453/321 295/460/328
f 283/453/321 284/456/324 298/461/329
f 284/456/324 285/458/326 286/462/330 298/461/329
f 285/458/326 309/459/327 297/463/331 286/462/330
f 309/459/327 310/464/332 297/463/331
f 289/465/333 279/444/312 292/443/311 302/466/334
f 288/467/335 287/468/336 305/469/337 306/470/338
f 289/465/333 288/467/335 306/470/338 299/449/317
f 280/447/315 279/444/312 289/465/333 299/449/317
f 290/471/316 300/472/318 307/455/323
f 291/473/313 290/471/316 307/455/323 282/452/320
f 293/474/314 291/473/313 282/452/320 281/451/319
f 296/475/339 293/474/314 281/451/319
f 296/475/339 281/451/319 294/454/322
f 287/468/336 304/476/340 305/469/337
f 303/477/341 304/476/340 287/468/336
f 301/478/342 303/477/341 287/468/336 288/467/335
f 302/466/334 301/478/342 288/467/335 289/465/333
f 293/410/314 314/479/280 311/480/279 292/407/311
f 299/413/317 317/481/286 318/482/285 300/414/318
f 307/419/323 323/483/292 325/484/294 308/421/325
f 308/421/325 325/484/294 327/485/295 309/423/327
f 283/417/321 321/486/289 328/487/296 295/424/328
f 295/424/328 328/487/296 322/488/288 294/418/322
f 298/425/329 329/489/297 321/486/289 283/417/321
f 286/426/330 330/490/298 329/489/297 298/425/329
f 297/427/331 331/491/299 330/490/298 286/426/330
f 309/423/327 327/485/295 332/492/300 310/428/332
f 310/428/332 332/492/300 331/491/299 297/427/331
f 292/407/311 311/480/279 334/493/302 302/430/334
f 305/433/337 337/494/305 338/495/304 306/434/338
f 306/434/338 338/495/304 317/481/286 299/413/317
f 300/436/318 318/496/285 323/483/292 307/419/323
f 296/439/339 339/497/307 314/498/280 293/438/314
f 294/418/322 322/488/288 339/497/307 296/439/339
f 304/440/340 340/499/308 337/494/305 305/433/337
f 303/441/341 341/500/309 340/499/308 304/440/340
f 301/442/342 342/501/310 341/500/309 303/441/341
f 302/430/334 334/493/302 342/501/310 301/442/342
g default
v 0.442549 0.000000 0.321531
v 0.520248 0.000000 0.169039
v 0.547021 0.000000 0.000000
v 0.879138 0.713779 -0.285649
v 0.543337 0.713779 0.747839
v 0.747839 0.713779 0.543337
v 0.879138 0.713779 0.285649
v 0.924380 0.713779 0.000000
v 0.962438 1.187604 0.312715
v 1.011967 1.187604 0.000000
v 0.549385 0.024458 -0.178506
v 0.577657 0.024458 0.000000
v 0.549384 0.024458 0.178506
v 0.467334 0.024458 0.339538
v 0.769997 0.406850 0.000000
v 0.190279 0.000000 0.115912
v 0.350577 0.000000 0.224168
v 0.776379 0.904624 0.564073
v 0.400680 0.000000 -0.130189
v 0.033143 0.000000 0.102003
v 0.426795 0.050000 0.313504
v 0.503223 0.050000 0.163507
v 0.511317 0.056965 0.166137
v 0.434634 0.056481 0.315780
v 0.529120 0.050000 -0.000000
v 0.537631 0.056965 0.000000
v 0.509955 0.056481 -0.172261
v 0.833111 0.730062 0.270694
v 0.875984 0.730062 0.000000
v 0.962207 1.196802 0.000000
v 0.915114 1.196802 0.297339
v 0.831809 0.729703 -0.278153
v 0.724983 0.429492 0.002377
v 0.708686 0.730062 0.514891
v 0.033143 0.050000 0.102003
v 0.190279 0.050000 0.115912
v 0.400680 0.050000 -0.130189
v 0.350577 0.050000 0.224168
v 0.509453 0.729703 0.713955
v 0.736123 0.913822 0.534825
vt 0.503960 0.567390
vt 0.519258 0.597415
vt 0.524995 0.595551
vt 0.508840 0.563844
vt 0.524530 0.630699
vt 0.530562 0.630699
vt 0.524995 0.665846
vt 0.700000 0.151283
vt 0.750000 0.151283
vt 0.750000 0.255272
vt 0.700000 0.255272
vt 0.800000 0.151283
vt 0.750000 0.000000
vt 0.800000 0.000000
vt 0.750000 0.083922
vt 0.700000 0.000000
vt 0.650000 0.000000
vt 0.650000 0.151283
vt 0.454288 0.607876
vt 0.423349 0.610614
vt 0.495715 0.656333
vt 0.485850 0.586560
vt 0.600000 0.151283
vt 0.650000 0.193167
vt 0.503960 0.567390
vt 0.519258 0.597415
vt 0.524995 0.595551
vt 0.508840 0.563844
vt 0.524530 0.630699
vt 0.530562 0.630699
vt 0.524995 0.665846
vt 0.700000 0.151283
vt 0.750000 0.151283
vt 0.750000 0.255272
vt 0.700000 0.255272
vt 0.800000 0.151283
vt 0.750000 0.000000
vt 0.800000 0.000000
vt 0.750000 0.083922
vt 0.700000 0.000000
vt 0.650000 0.000000
vt 0.650000 0.151283
vt 0.454288 0.607876
vt 0.423349 0.610614
vt 0.495715 0.656333
vt 0.485850 0.586560
vt 0.600000 0.151283
vt 0.650000 0.193167
vt 0.508840 0.563844
vt 0.503960 0.567390
vt 0.524530 0.630699
vt 0.524995 0.665846
vt 0.750000 0.255272
vt 0.700000 0.255272
vt 0.800000 0.151283
vt 0.800000 0.000000
vt 0.750000 0.083922
vt 0.454288 0.607876
vt 0.423349 0.610614
vt 0.495715 0.656333
vt 0.485850 0.586560
vt 0.600000 0.151283
vt 0.650000 0.000000
vt 0.650000 0.193167
vn -0.605399 0.632004 0.483801
vn -0.892764 0.360829 -0.269769
vn -0.847713 0.452611 -0.276632
vn -0.038726 0.999172 -0.012477
vn -0.887689 0.451587 -0.089870
vn -0.031242 0.990890 -0.131000
vn -0.707952 0.422098 -0.566248
vn -0.898382 0.338969 -0.279303
vn -0.926673 0.349862 -0.137380
vn -0.895320 0.363081 -0.258021
vn -0.946221 0.316616 -0.066486
vn -0.875152 0.265975 -0.404185
vn -0.878203 0.423938 -0.221440
vn -0.780623 0.366765 -0.506075
vn -0.054713 0.988330 0.142166
vn -0.079956 0.914853 -0.395792
vn -0.465881 0.790134 -0.398299
vn -0.159614 0.968032 0.193489
vn -0.892507 0.391398 -0.224142
vn -0.881482 0.368371 -0.295453
vn -0.006644 -0.917575 0.397507
vn 0.120502 -0.991941 0.039154
vn 0.843737 -0.461467 0.274147
vn 0.671546 -0.508342 0.539087
vn 0.070599 -0.994975 -0.070995
vn 0.882118 -0.462488 0.089284
vn 0.625054 -0.311010 -0.715947
vn 0.898007 -0.340261 0.278937
vn 0.945504 -0.318343 0.068419
vn 0.999498 -0.016923 -0.026801
vn 0.952022 -0.038579 0.303588
vn 0.775210 -0.234430 -0.586593
vn 0.887224 -0.460725 0.023773
vn 0.781615 -0.366816 0.504503
vn -0.052122 -0.989415 0.135433
vn -0.453386 -0.802617 -0.387617
vn -0.077341 -0.920569 -0.382847
vn -0.144060 -0.974038 0.174635
vn 0.312611 -0.357276 0.880130
vn 0.801275 -0.017131 0.598051
s 1
g BrokenUrn UrnPiece16
usemtl initialShadingGroup
f 363/551/343 366/550/344 365/504/345 364/503/346
f 364/503/346 365/504/345 368/507/347 367/552/348
f 367/552/348 368/507/347 369/553/349
f 370/509/350 373/555/351 372/554/352 371/510/353
f 371/510/353 372/554/352 374/556/354
f 368/514/347 375/558/355 369/557/349
f 365/517/345 370/509/350 371/510/353 375/558/355 368/514/347
f 366/564/344 376/519/356 370/509/350 365/517/345
f 375/558/355 371/510/353 374/556/354
f 378/559/357 367/552/348 379/561/358 377/560/359
f 380/562/360 364/503/346 367/552/348 378/559/357
f 363/551/343 364/503/346 380/562/360
f 381/563/361 376/519/356 366/564/344
f 381/563/361 382/565/362 376/519/356
f 376/519/356 382/565/362 373/555/351 370/509/350
f 343/526/363 344/527/364 355/528/365 356/529/366
f 344/527/364 345/530/367 354/531/368 355/528/365
f 345/530/367 353/532/369 354/531/368
f 349/533/370 350/534/371 352/535/372 351/536/373
f 350/534/371 346/537/374 352/535/372
f 354/538/368 353/539/369 357/540/375
f 355/541/365 354/538/368 357/540/375 350/534/371 349/533/370
f 356/542/366 355/541/365 349/533/370 348/543/376
f 357/540/375 346/537/374 350/534/371
f 358/544/377 362/545/378 361/546/379 345/530/367
f 359/547/380 358/544/377 345/530/367 344/527/364
f 343/526/363 359/547/380 344/527/364
f 347/548/381 356/542/366 348/543/376
f 347/548/381 348/543/376 360/549/382
f 348/543/376 349/533/370 351/536/373 360/549/382
f 356/505/366 366/550/344 363/551/343 343/502/363
f 345/506/367 367/552/348 369/553/349 353/508/369
f 352/511/372 372/554/352 373/555/351 351/512/373
f 346/513/374 374/556/354 372/554/352 352/511/372
f 353/515/369 369/557/349 375/558/355 357/516/375
f 357/516/375 375/558/355 374/556/354 346/513/374
f 358/520/377 378/559/357 377/560/359 362/521/378
f 362/521/378 377/560/359 379/561/358 361/522/379
f 361/522/379 379/561/358 367/552/348 345/506/367
f 359/523/380 380/562/360 378/559/357 358/520/377
f 343/502/363 363/551/343 380/562/360 359/523/380
f 347/524/381 381/563/361 366/564/344 356/518/366
f 360/525/382 382/565/362 381/563/361 347/524/381
f 351/512/373 373/555/351 382/565/362 360/525/382
g default
v 0.169039 0.000000 -0.520248
v 0.000000 0.000000 -0.547021
v 0.285649 0.713779 -0.879138
v 0.000000 0.713779 -0.924381
v -0.285649 0.713779 -0.879138
v 0.000000 1.187604 -1.011967
v -0.312715 1.187604 -0.962438
v -0.594819 1.187604 -0.818699
v 0.000000 1.657257 -0.944707
v -0.291931 1.657257 -0.898470
v -0.136755 0.000000 -0.420890
v 0.000000 0.024458 -0.577657
v 0.178506 0.024458 -0.549385
v -0.169039 0.000000 -0.520248
v -0.178506 0.024458 -0.549385
v 0.000000 1.881876 -0.738490
v -0.269220 1.737309 -0.828573
v -0.555285 1.657257 -0.764284
v -0.543337 0.713779 -0.747840
v -0.818698 1.187604 -0.594819
v 0.044488 0.000000 -0.352532
v -0.115421 0.000000 -0.355230
v -0.267727 0.000000 -0.378334
v 0.207054 1.657257 -0.911913
v 0.312715 1.187604 -0.962438
v 0.153896 1.881876 -0.714115
v 0.193173 2.023384 -0.594525
v 0.345192 0.713779 -0.848799
v 0.166273 0.050000 -0.502785
v -0.000000 0.050000 -0.529120
v 0.000000 0.056965 -0.537631
v 0.166016 0.056481 -0.510944
v -0.166273 0.050000 -0.502785
v -0.166016 0.056481 -0.510944
v 0.299547 1.191424 -0.913173
v 0.323437 0.729703 -0.806103
v 0.270694 0.730062 -0.833111
v 0.000000 0.730062 -0.875985
v 0.000000 1.188644 -0.960695
v -0.270694 0.730062 -0.833111
v -0.296871 1.188644 -0.913675
v -0.516518 0.727704 -0.706799
v -0.564682 1.188644 -0.777219
v -0.000000 1.635048 -0.896760
v 0.199646 1.635048 -0.865140
v -0.277114 1.635048 -0.852870
v -0.527103 1.635048 -0.725494
v 0.147926 1.849533 -0.676418
v -0.002072 1.848701 -0.700689
v -0.257761 1.703266 -0.793306
v 0.187039 1.992358 -0.555798
v -0.136755 0.050000 -0.420890
v 0.044488 0.050000 -0.352532
v -0.115421 0.050000 -0.355230
v -0.782889 1.188619 -0.559010
v -0.267727 0.050000 -0.378334
vt 0.450106 0.733134
vt 0.416823 0.738405
vt 0.416823 0.744437
vt 0.451970 0.738871
vt 0.383540 0.733134
vt 0.381676 0.738871
vt 0.950000 0.255272
vt 0.938447 0.151283
vt 0.950000 0.151283
vt 1.000000 0.151283
vt 1.000000 0.255272
vt 0.000000 0.151283
vt 0.050000 0.151283
vt 0.050000 0.255272
vt 0.000000 0.255272
vt 0.100000 0.151283
vt 0.100000 0.255272
vt 1.000000 0.358346
vt 0.964537 0.358346
vt 0.050000 0.358346
vt 0.000000 0.358346
vt 0.100000 0.358346
vt 0.966281 0.407642
vt 1.000000 0.407642
vt 0.050000 0.375915
vt 0.000000 0.407642
vt 0.950000 0.438699
vt 0.389896 0.713570
vt 0.425582 0.700111
vt 0.394097 0.700642
vt 0.000000 0.000000
vt 0.050000 0.000000
vt 0.950000 0.000000
vt 1.000000 0.000000
vt 0.150000 0.255272
vt 0.364108 0.705191
vt 0.450106 0.733134
vt 0.416823 0.738405
vt 0.416823 0.744437
vt 0.451970 0.738871
vt 0.383540 0.733134
vt 0.381676 0.738871
vt 0.950000 0.255272
vt 0.938447 0.151283
vt 0.950000 0.151283
vt 1.000000 0.151283
vt 1.000000 0.255272
vt 0.000000 0.151283
vt 0.050000 0.151283
vt 0.050000 0.255272
vt 0.000000 0.255272
vt 0.100000 0.151283
vt 0.100000 0.255272
vt 1.000000 0.358346
vt 0.964537 0.358346
vt 0.050000 0.358346
vt 0.000000 0.358346
vt 0.100000 0.358346
vt 0.966281 0.407642
vt 1.000000 0.407642
vt 0.050000 0.375915
vt 0.000000 0.407642
vt 0.950000 0.438699
vt 0.389896 0.713570
vt 0.425582 0.700111
vt 0.394097 0.700642
vt 0.000000 0.000000
vt 0.050000 0.000000
vt 0.950000 0.000000
vt 1.000000 0.000000
vt 0.150000 0.255272
vt 0.364108 0.705191
vt 0.451970 0.738871
vt 0.450106 0.733134
vt 0.383540 0.733134
vt 0.381676 0.738871
vt 0.950000 0.255272
vt 0.938447 0.151283
vt 0.964537 0.358346
vt 0.966281 0.407642
vt 0.050000 0.375915
vt 0.000000 0.407642
vt 0.100000 0.358346
vt 0.950000 0.438699
vt 1.000000 0.407642
vt 0.425582 0.700111
vt 0.394097 0.700642
vt 0.950000 0.000000
vt 0.150000 0.255272
vt 0.100000 0.151283
vt 0.050000 0.000000
vt 0.364108 0.705191
vn 0.540790 0.717972 0.438248
vn 0.083311 0.406215 0.909972
vn 0.000000 0.452689 0.891668
vn 0.000000 0.997693 0.067884
vn -0.016624 0.362342 0.931897
vn -0.365744 0.913536 -0.177998
vn 0.057650 0.075354 0.995489
vn -0.178920 0.327615 0.927715
vn 0.649084 0.190595 0.736453
vn 0.004903 0.027857 0.999600
vn -0.000514 0.328635 0.944457
vn 0.309403 0.022111 0.950674
vn 0.278534 0.314553 0.907455
vn 0.548092 0.022657 0.836111
vn 0.231003 0.149187 0.961447
vn 0.103673 -0.249774 0.962738
vn 0.008274 -0.300819 0.953645
vn 0.287210 -0.245800 0.925793
vn 0.333211 0.040527 0.941981
vn 0.205019 -0.643592 0.737399
vn -0.231562 -0.452313 0.861274
vn 0.031056 -0.401659 0.915263
vn -0.153364 0.287196 0.945515
vn 0.000000 1.000000 0.000000
vn -0.036960 0.893659 0.447223
vn 0.218664 0.891808 0.396061
vn 0.270382 0.020606 0.962533
vn -0.826028 0.491383 0.276082
vn 0.338184 -0.940698 0.026807
vn 0.000000 -0.983526 -0.180769
vn 0.000000 -0.461467 -0.887157
vn 0.305837 -0.473550 -0.825962
vn -0.239934 -0.928964 -0.281882
vn -0.304196 -0.508230 -0.805709
vn 0.319769 -0.016186 -0.947357
vn 0.971319 -0.173335 -0.162769
vn 0.180225 -0.328751 -0.927061
vn 0.000000 -0.329057 -0.944310
vn -0.005775 -0.026312 -0.999637
vn -0.277590 -0.314622 -0.907720
vn -0.308953 -0.020351 -0.950860
vn -0.616521 -0.351797 -0.704373
vn -0.546510 -0.020618 -0.837199
vn -0.009421 0.301373 -0.953460
vn 0.307073 0.315846 -0.897746
vn -0.287039 0.249635 -0.924819
vn -0.583642 0.284451 -0.760559
vn 0.420202 0.610293 -0.671545
vn -0.135853 0.803925 -0.579006
vn -0.223048 0.826548 -0.516786
vn -0.026879 0.989115 0.144667
vn 0.000000 -1.000000 0.000000
vn 0.201254 -0.909186 0.364525
vn -0.035123 -0.904515 0.424993
vn -0.936043 -0.020936 -0.351263
vn -0.879677 -0.373799 0.294013
s 1
g BrokenUrn UrnPiece22
usemtl initialShadingGroup
f 411/639/383 414/638/384 413/568/385 412/567/386
f 412/567/386 413/568/385 416/641/387 415/640/388
f 417/642/389 419/574/390 418/643/391
f 419/574/390 417/642/389 421/576/392 420/575/393
f 420/577/393 421/580/392 423/579/394 422/578/395
f 422/578/395 423/579/394 425/582/396 424/655/397
f 417/642/389 427/644/398 426/583/399 421/576/392
f 421/580/392 426/586/399 428/585/400 423/579/394
f 423/579/394 428/585/400 429/648/401 425/582/396
f 430/645/402 431/650/403 426/583/399 427/644/398
f 426/586/399 431/647/403 432/646/404 428/585/400
f 428/585/400 432/646/404 429/648/401
f 433/649/405 431/650/403 430/645/402
f 415/640/388 434/593/406 411/639/383 412/567/386
f 411/639/383 434/593/406 436/652/407 435/651/408
f 413/596/385 420/577/393 422/578/395 416/656/387
f 414/653/384 419/574/390 420/575/393 413/599/385
f 418/643/391 419/574/390 414/653/384
f 425/582/396 429/648/401 437/654/409
f 424/655/397 425/582/396 437/654/409
f 416/656/387 422/578/395 424/655/397
f 438/657/410 434/593/406 415/640/388
f 434/593/406 438/657/410 436/652/407
f 383/602/411 384/603/412 394/604/413 395/605/414
f 384/603/412 396/606/415 397/607/416 394/604/413
f 407/608/417 410/609/418 385/610/419
f 385/610/419 386/611/420 388/612/421 407/608/417
f 386/613/420 387/614/422 389/615/423 388/616/421
f 387/614/422 401/617/424 390/618/425 389/615/423
f 407/608/417 388/612/421 391/619/426 406/620/427
f 388/616/421 389/615/423 392/621/428 391/622/426
f 389/615/423 390/618/425 400/623/429 392/621/428
f 408/624/430 406/620/427 391/619/426 398/625/431
f 391/622/426 392/621/428 399/626/432 398/627/431
f 392/621/428 400/623/429 399/626/432
f 409/628/433 408/624/430 398/625/431
f 396/606/415 384/603/412 383/602/411 393/629/434
f 383/602/411 403/630/435 404/631/436 393/629/434
f 394/632/413 397/633/416 387/614/422 386/613/420
f 395/634/414 394/635/413 386/611/420 385/610/419
f 410/609/418 395/634/414 385/610/419
f 390/618/425 402/636/437 400/623/429
f 401/617/424 402/636/437 390/618/425
f 397/633/416 401/617/424 387/614/422
f 405/637/438 396/606/415 393/629/434
f 393/629/434 404/631/436 405/637/438
f 395/569/414 414/638/384 411/639/383 383/566/411
f 396/570/415 415/640/388 416/641/387 397/571/416
f 407/572/417 417/642/389 418/643/391 410/573/418
f 406/584/427 427/644/398 417/642/389 407/572/417
f 408/588/430 430/645/402 427/644/398 406/584/427
f 399/590/432 432/646/404 431/647/403 398/591/431
f 400/587/429 429/648/401 432/646/404 399/590/432
f 409/592/433 433/649/405 430/645/402 408/588/430
f 398/589/431 431/650/403 433/649/405 409/592/433
f 383/566/411 411/639/383 435/651/408 403/594/435
f 403/594/435 435/651/408 436/652/407 404/595/436
f 410/573/418 418/643/391 414/653/384 395/598/414
f 402/600/437 437/654/409 429/648/401 400/587/429
f 401/581/424 424/655/397 437/654/409 402/600/437
f 397/597/416 416/656/387 424/655/397 401/581/424
f 405/601/438 438/657/410 415/640/388 396/570/415
f 404/595/436 436/652/407 438/657/410 405/601/438
g default
v 0.520248 0.000000 -0.169039
v 0.442549 0.000000 -0.321531
v 0.321531 0.000000 -0.442549
v 0.747840 0.713779 -0.543337
v 0.543337 0.713779 -0.747840
v 0.962438 1.187604 -0.312715
v 0.818699 1.187604 -0.594819
v 0.898470 1.657257 -0.291931
v 0.898469 1.657257 0.291930
v 0.944706 1.657257 0.000000
v 0.597451 1.881876 0.434074
v 0.702346 1.881876 0.228206
v 0.670667 2.055909 -0.217913
v 0.570503 2.055909 0.414495
v 0.670667 2.055909 0.217913
v 0.705181 2.055909 0.000000
v 0.685963 2.302704 -0.222883
v 0.583515 2.302704 0.423948
v 0.685963 2.302704 0.222883
v 0.721264 2.302704 0.000000
v 0.625120 2.023384 0.000000
v 0.594524 2.023384 0.193172
v 0.505732 2.023384 0.367436
v 0.686853 2.037882 0.000000
v 0.653236 2.037882 0.212249
v 0.555676 2.037882 0.403722
v 0.443539 2.303899 -0.144115
v 0.377297 2.303899 -0.274122
v 0.377296 2.303899 0.274122
v 0.443538 2.303899 0.144114
v 0.466364 2.303899 0.000000
v 0.443539 2.074841 -0.144115
v 0.377297 2.074841 -0.274122
v 0.274122 2.074841 -0.377297
v 0.377296 2.074841 0.274122
v 0.443538 2.074841 0.144114
v 0.466364 2.074841 0.000000
v 0.452771 2.312427 -0.147114
v 0.476071 2.312427 0.000000
v 0.452771 2.312427 0.147114
v 0.385150 2.312427 0.279828
v 0.385150 2.312427 -0.279828
v 0.672648 2.312427 -0.218557
v 0.707263 2.312427 0.000000
v 0.672648 2.312427 0.218556
v 0.572188 2.312427 0.415719
v 0.370856 2.074841 -0.269443
v 0.269443 2.074841 -0.195762
v 0.141654 2.074841 -0.102918
v 0.000000 2.074841 0.000000
v 0.443539 2.086614 -0.144115
v 0.466364 2.086614 0.000000
v 0.443538 2.086614 0.144114
v 0.377296 2.086614 0.274122
v 0.274122 2.086614 -0.377297
v 0.377297 2.086614 -0.274122
v 0.339538 0.024458 -0.467335
v 0.467335 0.024458 -0.339539
v 0.013757 2.074841 -0.255364
v 0.122125 2.074841 -0.343713
v 0.144114 2.074841 -0.443539
v 0.332192 0.000000 -0.285674
v 0.400680 0.000000 -0.130189
v 0.547021 0.000000 0.000000
v 0.549385 0.024458 -0.178506
v 0.044488 0.000000 -0.352532
v 0.169039 0.000000 -0.520248
v 0.178506 0.024458 -0.549385
v 0.345192 0.713779 -0.848799
v 0.594819 1.187604 -0.818699
v 0.764284 1.657257 -0.555285
v 0.769997 0.406850 0.000000
v 0.879138 0.713779 -0.285649
v 1.011967 1.187604 0.000000
v 0.772586 1.801430 -0.251028
v 0.738490 1.881876 0.000000
v 0.929592 1.428752 0.302043
v 0.764284 1.657257 0.555285
v 0.594524 2.023384 -0.193173
v 0.653237 2.037882 -0.212249
v 0.570503 2.055909 -0.414495
v 0.583515 2.302704 -0.423949
v 0.572189 2.312427 -0.415719
v 0.279828 2.312427 -0.385150
v 0.274122 2.303899 -0.377297
v 0.144114 2.086614 -0.443539
v 0.143594 2.074841 0.197640
v 0.019737 2.074841 0.295288
v 0.503223 0.050000 -0.163508
v 0.428067 0.050000 -0.311009
v 0.434953 0.056965 -0.316012
v 0.511318 0.056965 -0.166137
v 0.311010 0.050000 -0.428067
v 0.316011 0.056965 -0.434953
v 0.161012 0.050000 -0.504495
v 0.160382 0.056481 -0.513815
v 0.833111 0.730062 -0.270694
v 0.708687 0.730062 -0.514890
v 0.777219 1.188644 -0.564682
v 0.913675 1.188644 -0.296871
v 0.514891 0.730062 -0.708687
v 0.562703 1.191424 -0.779089
v 0.725494 1.635048 -0.527103
v 0.852870 1.635048 -0.277115
v 0.960927 1.185852 0.002683
v 0.896760 1.635048 0.000000
v 0.737320 1.767386 -0.239570
v 0.852869 1.635048 0.277114
v 0.722089 1.635048 0.533786
v 0.665975 1.849066 0.216389
v 0.563443 1.849533 0.416746
v 0.700248 1.849066 0.000000
v 0.509893 2.053880 0.165672
v 0.427420 2.053880 0.327534
v 0.536133 2.053880 0.000002
v 0.507715 2.053880 -0.179423
v 0.623790 2.077993 -0.202683
v 0.527127 2.077993 -0.392394
v 0.537452 2.277932 -0.400479
v 0.636182 2.277932 -0.206708
v 0.527127 2.077993 0.392394
v 0.623791 2.077993 0.202682
v 0.636182 2.277932 0.206709
v 0.537452 2.277932 0.400478
v 0.655892 2.077993 0.000000
v 0.668922 2.277931 -0.000001
v 0.628887 2.083263 -0.204337
v 0.661250 2.083263 0.000000
v 0.628886 2.083263 0.204337
v 0.533144 2.083263 0.392242
v 0.558094 2.262427 -0.408537
v 0.657416 2.262427 -0.213606
v 0.657416 2.262427 0.213607
v 0.558093 2.262427 0.408538
v 0.691247 2.262427 -0.000000
v 0.418252 2.086614 -0.303877
v 0.491685 2.086614 -0.159758
v 0.491685 2.281456 -0.159758
v 0.418252 2.281456 -0.303877
v 0.303878 2.281456 -0.418252
v 0.303878 2.086614 -0.418252
v 0.166813 2.086614 -0.488089
v 0.421846 2.281454 0.296822
v 0.491684 2.281455 0.159758
v 0.491684 2.086614 0.159758
v 0.421846 2.086614 0.296822
v 0.516987 2.281456 0.000000
v 0.516987 2.086614 0.000000
v 0.495327 2.262427 -0.000003
v 0.471085 2.262427 -0.153065
v 0.471085 2.262427 0.153063
v 0.402095 2.262427 0.288462
v 0.400730 2.262427 -0.291146
v 0.293277 2.262427 -0.398599
v 0.269443 2.024841 -0.195762
v 0.141654 2.024841 -0.102918
v 0.421846 2.024841 0.296822
v 0.491684 2.024841 0.159758
v 0.370856 2.024841 -0.269443
v 0.516987 2.024841 0.000000
v 0.491685 2.024841 -0.159758
v 0.418252 2.024841 -0.303877
v 0.303877 2.024841 -0.418252
v 0.166813 2.024841 -0.488089
v 0.122125 2.024841 -0.343713
v 0.013757 2.024841 -0.255364
v 0.323437 0.729703 -0.806103
v 0.044488 0.050000 -0.352532
v 0.332192 0.050000 -0.285674
v 0.400680 0.050000 -0.130189
v 0.529558 0.050000 0.002766
v 0.725770 0.429096 0.007005
v 0.881945 1.421577 0.286561
v 0.000000 2.024841 0.000000
v 0.143594 2.024841 0.197640
v 0.019737 2.024841 0.295288
vt 0.519258 0.663982
vt 0.503960 0.694007
vt 0.508840 0.697553
vt 0.524995 0.665846
vt 0.480131 0.717835
vt 0.483677 0.722715
vt 0.450106 0.733134
vt 0.451970 0.738871
vt 0.800000 0.151283
vt 0.850000 0.151283
vt 0.850000 0.255272
vt 0.800000 0.255272
vt 0.900000 0.151283
vt 0.900000 0.255272
vt 0.850000 0.358346
vt 0.800000 0.358346
vt 0.750000 0.255272
vt 0.750000 0.358346
vt 0.800000 0.389987
vt 0.650000 0.358346
vt 0.700000 0.358346
vt 0.700000 0.407642
vt 0.650000 0.407642
vt 0.750000 0.407642
vt 0.700000 0.438699
vt 0.650000 0.438699
vt 0.750000 0.438699
vt 0.800000 0.438699
vt 0.800000 0.445837
vt 0.850000 0.445837
vt 0.850000 0.500000
vt 0.800000 0.500000
vt 0.650000 0.445837
vt 0.700000 0.445837
vt 0.700000 0.500000
vt 0.650000 0.500000
vt 0.750000 0.445837
vt 0.750000 0.500000
vt 0.800000 0.441880
vt 0.750000 0.441880
vt 0.700000 0.441880
vt 0.650000 0.441880
vt 0.275051 0.701503
vt 0.255027 0.740802
vt 0.253855 0.739950
vt 0.273673 0.701055
vt 0.255027 0.575076
vt 0.275051 0.614375
vt 0.273673 0.614823
vt 0.253855 0.575927
vt 0.281951 0.657939
vt 0.280502 0.657939
vt 0.946165 0.522730
vt 0.934946 0.522730
vt 0.934946 0.629150
vt 0.946165 0.629150
vt 0.957384 0.629150
vt 0.957384 0.522730
vt 0.968602 0.522730
vt 0.901291 0.629150
vt 0.912509 0.629150
vt 0.912509 0.522730
vt 0.901291 0.522730
vt 0.923728 0.629150
vt 0.923728 0.522730
vt 0.233917 0.657939
vt 0.229369 0.686659
vt 0.227566 0.686074
vt 0.232022 0.657939
vt 0.229369 0.629218
vt 0.227566 0.629804
vt 0.216167 0.603309
vt 0.214634 0.604423
vt 0.216167 0.712569
vt 0.195605 0.733130
vt 0.194492 0.731597
vt 0.214634 0.711455
vt 0.694671 0.645450
vt 0.669873 0.627434
vt 0.715600 0.554267
vt 0.728455 0.579496
vt 0.714351 0.659748
vt 0.732884 0.607462
vt 0.728455 0.635428
vt 0.715600 0.660656
vt 0.695579 0.680678
vt 0.670350 0.693532
vt 0.666083 0.674161
vt 0.645054 0.657017
vt 0.934946 0.516963
vt 0.923728 0.516963
vt 0.912509 0.516963
vt 0.901291 0.516963
vt 0.968602 0.516963
vt 0.957384 0.516963
vt 0.946165 0.516963
vt 0.850000 0.000000
vt 0.900000 0.000000
vt 0.800000 0.000000
vt 0.938447 0.151283
vt 0.950000 0.000000
vt 0.425582 0.700111
vt 0.482231 0.686947
vt 0.495715 0.656333
vt 0.524530 0.630699
vt 0.750000 0.083922
vt 0.700000 0.308196
vt 0.642384 0.607462
vt 0.670249 0.569109
vt 0.646214 0.550160
vt 0.519258 0.663982
vt 0.503960 0.694007
vt 0.508840 0.697553
vt 0.524995 0.665846
vt 0.480131 0.717835
vt 0.483677 0.722715
vt 0.450106 0.733134
vt 0.451970 0.738871
vt 0.800000 0.151283
vt 0.850000 0.151283
vt 0.850000 0.255272
vt 0.800000 0.255272
vt 0.900000 0.151283
vt 0.900000 0.255272
vt 0.850000 0.358346
vt 0.800000 0.358346
vt 0.750000 0.255272
vt 0.750000 0.358346
vt 0.800000 0.389987
vt 0.650000 0.358346
vt 0.700000 0.358346
vt 0.700000 0.407642
vt 0.650000 0.407642
vt 0.750000 0.407642
vt 0.700000 0.438699
vt 0.650000 0.438699
vt 0.750000 0.438699
vt 0.800000 0.438699
vt 0.800000 0.445837
vt 0.850000 0.445837
vt 0.850000 0.500000
vt 0.800000 0.500000
vt 0.650000 0.445837
vt 0.700000 0.445837
vt 0.700000 0.500000
vt 0.650000 0.500000
vt 0.750000 0.445837
vt 0.750000 0.500000
vt 0.800000 0.441880
vt 0.750000 0.441880
vt 0.700000 0.441880
vt 0.650000 0.441880
vt 0.275051 0.701503
vt 0.255027 0.740802
vt 0.253855 0.739950
vt 0.273673 0.701055
vt 0.255027 0.575076
vt 0.275051 0.614375
vt 0.273673 0.614823
vt 0.253855 0.575927
vt 0.281951 0.657939
vt 0.280502 0.657939
vt 0.946165 0.522730
vt 0.934946 0.522730
vt 0.934946 0.629150
vt 0.946165 0.629150
vt 0.957384 0.629150
vt 0.957384 0.522730
vt 0.968602 0.522730
vt 0.901291 0.629150
vt 0.912509 0.629150
vt 0.912509 0.522730
vt 0.901291 0.522730
vt 0.923728 0.629150
vt 0.923728 0.522730
vt 0.233917 0.657939
vt 0.229369 0.686659
vt 0.227566 0.686074
vt 0.232022 0.657939
vt 0.229369 0.629218
vt 0.227566 0.629804
vt 0.216167 0.603309
vt 0.214634 0.604423
vt 0.216167 0.712569
vt 0.195605 0.733130
vt 0.194492 0.731597
vt 0.214634 0.711455
vt 0.694671 0.645450
vt 0.669873 0.627434
vt 0.715600 0.554267
vt 0.728455 0.579496
vt 0.714351 0.659748
vt 0.732884 0.607462
vt 0.728455 0.635428
vt 0.715600 0.660656
vt 0.695579 0.680678
vt 0.670350 0.693532
vt 0.666083 0.674161
vt 0.645054 0.657017
vt 0.934946 0.516963
vt 0.923728 0.516963
vt 0.912509 0.516963
vt 0.901291 0.516963
vt 0.968602 0.516963
vt 0.957384 0.516963
vt 0.946165 0.516963
vt 0.850000 0.000000
vt 0.900000 0.000000
vt 0.800000 0.000000
vt 0.938447 0.151283
vt 0.950000 0.000000
vt 0.425582 0.700111
vt 0.482231 0.686947
vt 0.495715 0.656333
vt 0.524530 0.630699
vt 0.750000 0.083922
vt 0.700000 0.308196
vt 0.642384 0.607462
vt 0.670249 0.569109
vt 0.646214 0.550160
vt 0.450106 0.733134
vt 0.451970 0.738871
vt 0.900000 0.255272
vt 0.850000 0.358346
vt 0.800000 0.389987
vt 0.650000 0.407642
vt 0.650000 0.358346
vt 0.750000 0.407642
vt 0.650000 0.438699
vt 0.800000 0.438699
vt 0.850000 0.445837
vt 0.850000 0.500000
vt 0.650000 0.500000
vt 0.650000 0.445837
vt 0.800000 0.441880
vt 0.650000 0.441880
vt 0.255027 0.740802
vt 0.253855 0.739950
vt 0.253855 0.575927
vt 0.255027 0.575076
vt 0.957384 0.629150
vt 0.968602 0.522730
vt 0.901291 0.522730
vt 0.901291 0.629150
vt 0.214634 0.604423
vt 0.216167 0.603309
vt 0.195605 0.733130
vt 0.194492 0.731597
vt 0.670350 0.693532
vt 0.666083 0.674161
vt 0.645054 0.657017
vt 0.901291 0.516963
vt 0.968602 0.516963
vt 0.938447 0.151283
vt 0.950000 0.000000
vt 0.425582 0.700111
vt 0.482231 0.686947
vt 0.495715 0.656333
vt 0.524530 0.630699
vt 0.524995 0.665846
vt 0.750000 0.083922
vt 0.800000 0.000000
vt 0.800000 0.151283
vt 0.750000 0.255272
vt 0.700000 0.308196
vt 0.670249 0.569109
vt 0.715600 0.554267
vt 0.642384 0.607462
vt 0.646214 0.550160
vn -0.067343 0.997395 0.025833
vn -0.769020 0.417704 0.483872
vn -0.721398 0.452633 0.524126
vn -0.049519 0.998125 0.035978
vn -0.531058 0.452904 0.716139
vn -0.031372 0.998578 0.043093
vn -0.648207 0.431316 0.627531
vn -0.493940 0.826273 -0.270733
vn -0.808628 0.310096 0.499962
vn -0.944459 -0.000791 0.328627
vn -0.820189 0.044418 0.570366
vn -0.763800 0.328564 0.555568
vn -0.835575 0.241135 0.493627
vn -0.577439 0.348537 0.738300
vn -0.918576 -0.273295 0.285530
vn -0.950213 0.012464 0.311351
vn -0.941850 -0.219053 0.254822
vn -0.939552 -0.342162 0.012948
vn -0.897058 -0.438500 0.054819
vn -0.727162 -0.686465 0.000831
vn -0.760729 -0.625876 -0.171963
vn -0.716197 -0.657147 -0.234989
vn -0.866803 -0.437040 -0.240100
vn -0.758068 -0.639957 -0.125655
vn -0.923283 -0.171952 -0.343482
vn -0.936881 -0.164672 -0.308443
vn -0.998162 0.038115 -0.047110
vn -0.853388 0.457388 -0.250051
vn -0.948817 0.044959 0.312611
vn -0.930368 0.202749 0.305463
vn -0.979135 0.168156 0.114096
vn -0.975661 -0.100517 0.194889
vn -0.987915 0.037712 -0.150341
vn -0.979135 0.168159 -0.114093
vn -0.930369 0.202749 -0.305462
vn -0.949439 0.037978 -0.311645
vn -0.979033 0.203701 0.000000
vn -0.999284 0.037841 -0.000001
vn -0.193695 0.981062 0.000699
vn -0.677091 0.727966 -0.107767
vn -0.183657 0.981127 -0.060504
vn -0.306042 0.941115 0.143673
vn 0.101944 -0.994231 -0.033344
vn 0.055131 -0.871185 -0.487849
vn -0.150634 -0.905891 0.395818
vn 0.102414 -0.994178 0.033498
vn 0.106146 -0.994351 0.000000
vn 0.809017 -0.000000 -0.587786
vn 0.804135 0.109208 -0.584329
vn 0.945310 0.109773 -0.307147
vn 0.951057 -0.000000 -0.309015
vn 0.620310 0.000000 -0.784357
vn 0.372645 0.298548 -0.878638
vn -0.058304 0.298937 -0.952490
vn 0.606421 0.111464 0.787292
vn 0.718165 0.000000 0.695873
vn 0.952277 0.000000 0.305235
vn 0.946464 0.110658 0.303250
vn 1.000000 -0.000000 0.000004
vn 0.993957 0.109775 0.000003
vn -0.088845 -0.996045 0.000001
vn -0.084187 -0.996074 0.027354
vn -0.083040 -0.996188 -0.026725
vn -0.259926 -0.938565 0.227011
vn -0.104458 -0.991639 0.075770
vn -0.230333 -0.197021 -0.952958
vn 0.000000 -1.000000 -0.000000
vn 0.167434 -0.984422 0.053667
vn 0.081976 -0.983200 0.163090
vn 0.000000 -1.000000 0.000000
vn 0.000000 -1.000000 0.000000
vn 0.278001 -0.960581 0.000001
vn 0.614749 -0.763012 -0.199742
vn 0.527722 -0.757960 -0.383413
vn 0.014447 -0.931212 -0.364192
vn 0.383562 -0.760779 -0.523541
vn -0.137629 -0.986139 -0.092672
vn -0.405556 -0.902641 -0.144098
vn -0.684278 0.433788 0.586168
vn -0.543147 0.737955 0.400516
vn -0.172727 0.945304 0.276707
vn -0.491376 0.796296 0.352792
vn -0.002165 0.664648 0.747154
vn -0.778541 0.441701 0.445841
vn -0.942215 -0.334516 -0.018176
vn 0.004011 -0.987876 0.155196
vn -0.326075 -0.945337 0.003542
vn -0.579802 -0.697408 0.421250
vn 0.171400 -0.982971 -0.066250
vn 0.131339 -0.986734 -0.095424
vn 0.717725 -0.461467 -0.521458
vn 0.831313 -0.476220 -0.286588
vn 0.087786 -0.988784 -0.120827
vn 0.529637 -0.462336 -0.711147
vn -0.187835 -0.922537 -0.337109
vn 0.209268 -0.447610 -0.869397
vn 0.893471 -0.337254 -0.296597
vn 0.763963 -0.329057 -0.555051
vn 0.820888 -0.042832 -0.569481
vn 0.944228 0.001865 -0.329288
vn 0.578668 -0.348893 -0.737168
vn 0.531605 0.002130 -0.846990
vn 0.750654 0.296632 -0.590363
vn 0.917626 0.275724 -0.286250
vn 0.998947 -0.022652 0.039893
vn 0.939192 0.343160 -0.012608
vn 0.532586 0.815976 -0.224801
vn 0.638947 0.468643 0.610017
vn 0.868447 0.434478 0.238808
vn 0.713305 0.661424 0.231766
vn 0.549003 0.657099 0.516542
vn 0.735367 0.676288 -0.043245
vn 0.902168 0.316492 0.293132
vn 0.427622 0.279555 0.859644
vn 0.982693 0.178165 0.050714
vn 0.171320 -0.732156 -0.659240
vn 0.946094 -0.109432 -0.304845
vn 0.771532 -0.228787 -0.593628
vn 0.824837 -0.012607 -0.565230
vn 0.950985 -0.012230 -0.308994
vn 0.806517 -0.123187 0.578234
vn 0.943839 -0.122960 0.306673
vn 0.950985 -0.012229 0.308994
vn 0.824837 -0.012602 0.565230
vn 0.992412 -0.122959 0.000000
vn 0.999925 -0.012228 -0.000000
vn 0.058072 -0.990919 -0.121276
vn 0.401641 -0.915797 0.000000
vn 0.381983 -0.915797 0.124114
vn 0.215581 -0.899550 0.379914
vn 0.026301 0.968386 -0.248068
vn 0.053277 0.998430 -0.017311
vn 0.053277 0.998430 0.017311
vn -0.071952 0.980245 0.184235
vn 0.056018 0.998430 0.000000
vn -0.809017 0.000000 0.587786
vn -0.951057 0.000000 0.309015
vn -0.950029 0.046490 0.308681
vn -0.808142 0.046490 0.587151
vn -0.800490 0.192328 0.567650
vn -0.626859 0.000000 0.779132
vn -0.883394 0.442741 0.153608
vn -0.966563 0.043677 -0.252684
vn -0.950028 0.046494 -0.308684
vn -0.951056 0.000000 -0.309018
vn -0.992473 0.000000 -0.122468
vn -0.998919 0.046491 -0.000003
vn -1.000000 0.000000 -0.000003
vn -0.024022 0.999711 -0.000000
vn -0.022846 0.999711 0.007423
vn -0.022846 0.999711 -0.007423
vn -0.121280 0.985370 0.119740
vn -0.027390 0.999427 0.019901
vn -0.087526 0.742560 -0.664036
vn 0.000000 1.000000 -0.000000
vn 0.000000 1.000000 0.000000
vn -0.137090 0.942405 0.305090
vn -0.034290 0.999350 -0.011142
vn 0.000000 1.000000 -0.000000
vn -0.059350 0.998237 -0.000001
vn -0.375939 0.918559 0.122147
vn -0.319793 0.918558 0.232343
vn -0.232345 0.918556 0.319798
vn -0.551618 0.828277 -0.098362
vn -0.154014 0.982611 -0.103705
vn -0.405556 0.902641 -0.144098
vn 0.160932 -0.327104 -0.931184
vn -0.507208 -0.776436 0.374015
vn -0.151108 -0.958419 0.242074
vn -0.410956 -0.862588 0.295053
vn 0.242923 -0.235396 0.941051
vn 0.899718 -0.404861 0.163082
vn 0.948446 -0.018453 0.316401
vn -0.352267 0.935892 0.003826
vn 0.004356 0.985680 0.168569
vn -0.579801 0.697408 0.421252
s 1
g BrokenUrn UrnPiece25
usemtl initialShadingGroup
f 527/658/439 530/917/440 529/660/441 528/659/442
f 528/659/442 529/660/441 532/663/443 531/662/444
f 531/662/444 532/663/443 534/879/445 533/878/446
f 535/920/447 538/669/448 537/668/449 536/667/450
f 536/667/450 537/668/449 540/880/451 539/670/452
f 538/669/448 542/673/453 541/881/454 537/668/449
f 537/668/449 541/881/454 540/880/451
f 543/921/455 544/675/456 542/673/453 538/669/448
f 542/673/453 545/882/457 541/881/454
f 547/884/458 549/883/459 548/679/460 546/678/461
f 546/678/461 548/679/460 550/885/462 544/675/456
f 544/675/456 550/885/462 545/882/457 542/673/453
f 549/883/459 552/886/463 551/682/464 548/679/460
f 548/679/460 551/682/464 553/684/465 550/885/462
f 550/885/462 553/684/465 554/887/466
f 555/686/467 558/689/468 557/889/469 556/888/470
f 559/891/471 562/890/472 561/692/473 560/691/474
f 560/691/474 561/692/473 564/695/475 563/694/476
f 563/694/476 564/695/475 558/689/468 555/686/467
f 553/684/465 566/697/477 565/892/478 554/887/466
f 551/682/464 567/698/479 566/697/477 553/684/465
f 552/886/463 568/893/480 567/698/479 551/682/464
f 566/697/477 563/694/476 555/686/467 565/892/478
f 567/698/479 560/691/474 563/694/476 566/697/477
f 568/893/480 559/891/471 560/691/474 567/698/479
f 565/892/478 555/686/467 556/888/470
f 558/700/468 570/703/481 569/895/482 557/894/469
f 562/897/472 572/896/483 571/706/484 561/705/473
f 561/705/473 571/706/484 573/709/485 564/708/475
f 564/708/475 573/709/485 570/703/481 558/700/468
f 574/710/486 577/713/487 576/712/488 575/711/489
f 577/713/487 574/710/486 579/715/490 578/898/491
f 578/898/491 579/715/490 580/899/492
f 581/901/493 584/900/494 583/719/495 582/718/496
f 582/718/496 583/719/495 586/722/497 585/721/498
f 585/721/498 586/722/497 575/711/489 576/712/488
f 587/723/499 585/726/498 576/725/488 588/724/500
f 589/727/501 582/728/496 585/726/498 587/723/499
f 590/903/502 581/902/493 582/728/496 589/727/501
f 591/731/503 577/734/487 578/905/491 592/904/504
f 588/724/500 576/725/488 577/734/487 591/731/503
f 573/709/485 587/723/499 588/724/500 570/703/481
f 571/706/484 589/727/501 587/723/499 573/709/485
f 572/896/483 590/903/502 589/727/501 571/706/484
f 569/895/482 591/731/503 592/904/504
f 570/703/481 588/724/500 591/731/503 569/895/482
f 593/735/505 596/738/506 595/924/507 594/736/508
f 597/739/509 598/740/510 596/738/506 593/735/505
f 599/741/511 598/740/510 597/739/509 600/742/512
f 600/742/512 597/739/509 602/906/513 601/743/514
f 602/906/513 597/739/509 593/735/505 603/907/515
f 603/907/515 593/735/505 594/736/508 604/908/516
f 586/722/497 598/748/510 599/747/511 575/711/489
f 583/719/495 596/749/506 598/748/510 586/722/497
f 584/900/494 595/909/507 596/749/506 583/719/495
f 579/715/490 601/752/514 602/910/513 580/899/492
f 574/710/486 600/753/512 601/752/514 579/715/490
f 599/747/511 600/753/512 574/710/486 575/711/489
f 529/754/441 536/667/450 539/670/452 532/755/443
f 530/919/440 535/920/447 536/667/450 529/754/441
f 539/670/452 540/880/451 605/911/517
f 532/755/443 539/670/452 605/911/517 534/912/445
f 533/878/446 606/913/518 531/662/444
f 531/662/444 606/913/518 607/914/519 528/659/442
f 528/659/442 607/914/519 608/915/520 527/658/439
f 609/916/521 527/658/439 608/915/520
f 609/916/521 530/917/440 527/658/439
f 610/918/522 535/920/447 530/919/440
f 543/921/455 538/669/448 535/920/447
f 611/922/523 546/678/461 544/675/456 543/921/455
f 547/884/458 546/678/461 611/922/523
f 594/736/508 595/924/507 613/923/524 612/925/525
f 612/925/525 613/923/524 614/926/526
f 604/908/516 594/736/508 612/925/525
f 439/768/527 440/769/528 496/770/529 503/771/530
f 440/769/528 441/772/531 495/773/532 496/770/529
f 441/772/531 505/774/533 506/775/534 495/773/532
f 511/776/535 442/777/536 445/778/537 444/779/538
f 442/777/536 443/780/539 508/781/540 445/778/537
f 444/779/538 445/778/537 509/782/541 446/783/542
f 445/778/537 508/781/540 509/782/541
f 512/784/543 444/779/538 446/783/542 448/785/544
f 446/783/542 509/782/541 513/786/545
f 516/787/546 447/788/547 450/789/548 449/790/549
f 447/788/547 448/785/544 514/791/550 450/789/548
f 448/785/544 446/783/542 513/786/545 514/791/550
f 449/790/549 450/789/548 460/792/551 461/793/552
f 450/789/548 514/791/550 459/794/553 460/792/551
f 514/791/550 517/795/554 459/794/553
f 451/796/555 519/797/556 520/798/557 455/799/558
f 452/800/559 453/801/560 457/802/561 456/803/562
f 453/801/560 454/804/563 458/805/564 457/802/561
f 454/804/563 451/796/555 455/799/558 458/805/564
f 459/794/553 517/795/554 518/806/565 462/807/566
f 460/792/551 459/794/553 462/807/566 463/808/567
f 461/793/552 460/792/551 463/808/567 464/809/568
f 462/807/566 518/806/565 451/796/555 454/804/563
f 463/808/567 462/807/566 454/804/563 453/801/560
f 464/809/568 463/808/567 453/801/560 452/800/559
f 518/806/565 519/797/556 451/796/555
f 455/810/558 520/811/557 521/812/569 481/813/570
f 456/814/562 457/815/561 483/816/571 484/817/572
f 457/815/561 458/818/564 482/819/573 483/816/571
f 458/818/564 455/810/558 481/813/570 482/819/573
f 494/820/574 489/821/575 465/822/576 466/823/577
f 466/823/577 523/824/578 493/825/579 494/820/574
f 523/824/578 524/826/580 493/825/579
f 467/827/581 468/828/582 491/829/583 492/830/584
f 468/828/582 469/831/585 490/832/586 491/829/583
f 469/831/585 465/822/576 489/821/575 490/832/586
f 477/833/587 476/834/588 465/835/576 469/836/585
f 478/837/589 477/833/587 469/836/585 468/838/582
f 479/839/590 478/837/589 468/838/582 467/840/581
f 480/841/591 522/842/592 523/843/578 466/844/577
f 476/834/588 480/841/591 466/844/577 465/835/576
f 482/819/573 481/813/570 476/834/588 477/833/587
f 483/816/571 482/819/573 477/833/587 478/837/589
f 484/817/572 483/816/571 478/837/589 479/839/590
f 521/812/569 522/842/592 480/841/591
f 481/813/570 521/812/569 480/841/591 476/834/588
f 486/845/593 487/846/594 473/847/595 474/848/596
f 485/849/597 486/845/593 474/848/596 475/850/598
f 470/851/599 471/852/600 485/849/597 475/850/598
f 471/852/600 472/853/601 499/854/602 485/849/597
f 499/854/602 498/855/603 486/845/593 485/849/597
f 498/855/603 497/856/604 487/846/594 486/845/593
f 490/832/586 489/821/575 470/857/599 475/858/598
f 491/829/583 490/832/586 475/858/598 474/859/596
f 492/830/584 491/829/583 474/859/596 473/860/595
f 493/825/579 524/826/580 499/861/602 472/862/601
f 494/820/574 493/825/579 472/862/601 471/863/600
f 470/857/599 489/821/575 494/820/574 471/863/600
f 496/864/529 495/865/532 443/780/539 442/777/536
f 503/866/530 496/864/529 442/777/536 511/776/535
f 443/780/539 507/867/605 508/781/540
f 495/865/532 506/868/534 507/867/605 443/780/539
f 505/774/533 441/772/531 504/869/606
f 441/772/531 440/769/528 500/870/607 504/869/606
f 440/769/528 439/768/527 501/871/608 500/870/607
f 502/872/609 501/871/608 439/768/527
f 502/872/609 439/768/527 503/771/530
f 510/873/610 503/866/530 511/776/535
f 512/784/543 511/776/535 444/779/538
f 515/874/611 512/784/543 448/785/544 447/788/547
f 516/787/546 515/874/611 447/788/547
f 487/846/594 488/875/612 525/876/613 473/847/595
f 488/875/612 526/877/614 525/876/613
f 497/856/604 488/875/612 487/846/594
f 505/664/533 533/878/446 534/879/445 506/665/534
f 508/671/540 540/880/451 541/881/454 509/672/541
f 509/672/541 541/881/454 545/882/457 513/676/545
f 449/680/549 549/883/459 547/884/458 516/677/546
f 513/676/545 545/882/457 550/885/462 514/681/550
f 461/683/552 552/886/463 549/883/459 449/680/549
f 514/681/550 550/885/462 554/887/466 517/685/554
f 519/687/556 556/888/470 557/889/469 520/688/557
f 456/693/562 562/890/472 559/891/471 452/690/559
f 517/685/554 554/887/466 565/892/478 518/696/565
f 464/699/568 568/893/480 552/886/463 461/683/552
f 452/690/559 559/891/471 568/893/480 464/699/568
f 518/696/565 565/892/478 556/888/470 519/687/556
f 520/701/557 557/894/469 569/895/482 521/702/569
f 484/707/572 572/896/483 562/897/472 456/704/562
f 523/714/578 578/898/491 580/899/492 524/716/580
f 492/720/584 584/900/494 581/901/493 467/717/581
f 467/730/581 581/902/493 590/903/502 479/729/590
f 522/732/592 592/904/504 578/905/491 523/733/578
f 479/729/590 590/903/502 572/896/483 484/707/572
f 521/702/569 569/895/482 592/904/504 522/732/592
f 499/744/602 602/906/513 603/907/515 498/745/603
f 498/745/603 603/907/515 604/908/516 497/746/604
f 473/750/595 595/909/507 584/900/494 492/720/584
f 524/716/580 580/899/492 602/910/513 499/751/602
f 507/757/605 605/911/517 540/880/451 508/671/540
f 506/758/534 534/912/445 605/911/517 507/757/605
f 504/759/606 606/913/518 533/878/446 505/664/533
f 500/760/607 607/914/519 606/913/518 504/759/606
f 501/761/608 608/915/520 607/914/519 500/760/607
f 502/762/609 609/916/521 608/915/520 501/761/608
f 503/661/530 530/917/440 609/916/521 502/762/609
f 510/763/610 610/918/522 530/919/440 503/756/530
f 511/666/535 535/920/447 610/918/522 510/763/610
f 512/674/543 543/921/455 535/920/447 511/666/535
f 515/764/611 611/922/523 543/921/455 512/674/543
f 516/677/546 547/884/458 611/922/523 515/764/611
f 525/766/613 613/923/524 595/924/507 473/737/595
f 488/765/612 612/925/525 614/926/526 526/767/614
f 526/767/614 614/926/526 613/923/524 525/766/613
f 497/746/604 604/908/516 612/925/525 488/765/612
g default
v -0.169039 0.000000 -0.520248
v -0.321531 0.000000 -0.442549
v -0.442549 0.000000 -0.321531
v -0.520248 0.000000 -0.169039
v -0.547021 0.000000 0.000000
v -0.520248 0.000000 0.169039
v -0.543337 0.713779 -0.747840
v -0.747840 0.713779 -0.543337
v -0.879138 0.713779 -0.285649
v -0.962438 1.187604 -0.312715
v -0.577657 0.024458 0.000000
v -0.549384 0.024458 -0.178506
v -0.467334 0.024458 -0.339538
v -0.339538 0.024458 -0.467334
v -0.178506 0.024458 -0.549385
v -0.267727 0.000000 -0.378334
v -0.274309 0.000000 -0.248949
v -0.462556 0.000000 -0.027444
v -0.415310 0.000000 0.134943
v -0.442549 0.000000 0.321531
v -0.549384 0.024458 0.178506
v -0.924380 0.713779 0.000000
v -1.011967 1.187604 0.000000
v -0.944707 1.657257 0.000000
v -0.926115 1.454284 -0.300913
v -0.818698 1.187604 -0.594819
v -0.161012 0.050000 -0.504494
v -0.311009 0.050000 -0.428067
v -0.316011 0.056965 -0.434952
v -0.160382 0.056481 -0.513815
v -0.428067 0.050000 -0.311009
v -0.434952 0.056965 -0.316011
v -0.503223 0.050000 -0.163507
v -0.511317 0.056965 -0.166137
v -0.529120 0.050000 0.000000
v -0.537631 0.056965 0.000000
v -0.503223 0.050000 0.163507
v -0.510943 0.056481 0.166016
v -0.426795 0.050000 0.313504
v -0.513341 0.732263 -0.711080
v -0.708687 0.730062 -0.514890
v -0.775914 1.191424 -0.567072
v -0.833111 0.730062 -0.270694
v -0.913675 1.188644 -0.296871
v -0.877009 0.732263 0.002660
v -0.961949 1.188619 0.007922
v -0.415310 0.050000 0.134943
v -0.462556 0.050000 -0.027444
v -0.274309 0.050000 -0.248949
v -0.267727 0.050000 -0.378334
v -0.878468 1.447109 -0.285431
v -0.895809 1.650254 0.007745
vt 0.383540 0.733134
vt 0.353515 0.717835
vt 0.349969 0.722715
vt 0.381676 0.738871
vt 0.329686 0.694007
vt 0.324806 0.697553
vt 0.314388 0.663982
vt 0.308651 0.665846
vt 0.309116 0.630699
vt 0.303084 0.630699
vt 0.314388 0.597415
vt 0.308651 0.595551
vt 0.329686 0.567390
vt 0.100000 0.151283
vt 0.150000 0.151283
vt 0.150000 0.255272
vt 0.200000 0.151283
vt 0.200000 0.255272
vt 0.250000 0.151283
vt 0.250000 0.255272
vt 0.335050 0.604129
vt 0.325747 0.636103
vt 0.362813 0.679716
vt 0.364108 0.705191
vt 0.250000 0.000000
vt 0.300000 0.000000
vt 0.200000 0.000000
vt 0.150000 0.000000
vt 0.100000 0.000000
vt 0.050000 0.000000
vt 0.200000 0.313800
vt 0.250000 0.358346
vt 0.383540 0.733134
vt 0.353515 0.717835
vt 0.349969 0.722715
vt 0.381676 0.738871
vt 0.329686 0.694007
vt 0.324806 0.697553
vt 0.314388 0.663982
vt 0.308651 0.665846
vt 0.309116 0.630699
vt 0.303084 0.630699
vt 0.314388 0.597415
vt 0.308651 0.595551
vt 0.329686 0.567390
vt 0.100000 0.151283
vt 0.150000 0.151283
vt 0.150000 0.255272
vt 0.200000 0.151283
vt 0.200000 0.255272
vt 0.250000 0.151283
vt 0.250000 0.255272
vt 0.335050 0.604129
vt 0.325747 0.636103
vt 0.362813 0.679716
vt 0.364108 0.705191
vt 0.250000 0.000000
vt 0.300000 0.000000
vt 0.200000 0.000000
vt 0.150000 0.000000
vt 0.100000 0.000000
vt 0.050000 0.000000
vt 0.200000 0.313800
vt 0.250000 0.358346
vt 0.381676 0.738871
vt 0.383540 0.733134
vt 0.329686 0.567390
vt 0.308651 0.595551
vt 0.150000 0.255272
vt 0.100000 0.151283
vt 0.250000 0.151283
vt 0.250000 0.255272
vt 0.335050 0.604129
vt 0.325747 0.636103
vt 0.362813 0.679716
vt 0.364108 0.705191
vt 0.300000 0.000000
vt 0.050000 0.000000
vt 0.200000 0.313800
vt 0.250000 0.358346
vn 0.798471 0.249185 0.548043
vn 0.839994 0.500631 0.209232
vn 0.571368 0.453166 0.684236
vn 0.064003 0.994070 0.087917
vn 0.720827 0.452520 0.525009
vn 0.046788 0.998326 0.033994
vn 0.848433 0.452520 0.274568
vn 0.053364 0.998425 0.017339
vn 0.889299 0.453086 0.062127
vn 0.072992 0.997333 0.000227
vn 0.565157 0.578199 0.588459
vn 0.080135 0.996558 -0.021237
vn 0.461871 0.661923 0.590367
vn 0.794944 0.470561 0.382932
vn 0.914748 0.315782 0.252029
vn 0.770321 0.348290 0.534134
vn 0.956693 0.067460 0.283175
vn 0.898451 0.328527 0.291301
vn 0.931298 0.035202 0.362554
vn 0.875068 0.339315 0.345140
vn 0.683803 0.727570 -0.055272
vn 0.351159 0.927390 0.128979
vn 0.414464 0.880489 0.230128
vn 0.356489 0.922520 0.147893
vn 0.997384 0.041356 0.059280
vn 0.939149 0.076205 0.334949
vn 0.389193 -0.921038 0.014742
vn -0.141635 -0.970534 -0.194942
vn -0.567574 -0.465755 -0.678919
vn 0.027798 -0.307770 -0.951055
vn -0.130936 -0.986816 -0.095131
vn -0.717725 -0.461468 -0.521458
vn -0.145244 -0.988270 -0.047193
vn -0.843737 -0.461467 -0.274146
vn -0.185521 -0.982640 0.000000
vn -0.882870 -0.465754 -0.060116
vn -0.201041 -0.978128 0.053370
vn -0.774894 -0.251530 0.579890
vn 0.394954 -0.092777 0.914004
vn -0.465160 -0.306041 -0.830641
vn -0.770694 -0.348781 -0.533276
vn -0.773110 -0.009837 -0.634195
vn -0.898092 -0.329058 -0.291807
vn -0.956390 -0.068860 -0.283859
vn -0.950817 -0.308118 0.031800
vn -0.999205 -0.038797 0.009207
vn 0.565374 -0.823568 -0.045700
vn 0.302067 -0.946809 0.110947
vn 0.374713 -0.903495 0.208056
vn 0.282930 -0.951932 0.117376
vn -0.909696 0.288433 -0.298763
vn -0.940617 0.338075 0.030743
s 1
g BrokenUrn UrnPiece24
usemtl initialShadingGroup
f 641/992/615 644/991/616 643/929/617 642/928/618
f 642/928/618 643/929/617 646/932/619 645/931/620
f 645/931/620 646/932/619 648/934/621 647/933/622
f 647/933/622 648/934/621 650/936/623 649/935/624
f 649/935/624 650/936/623 652/994/625 651/937/626
f 651/937/626 652/994/625 653/993/627
f 654/996/628 656/995/629 655/941/630
f 655/941/630 656/995/629 658/944/631 657/943/632
f 657/943/632 658/944/631 660/998/633 659/997/634
f 653/993/627 661/999/635 651/937/626
f 662/1000/636 649/935/624 651/937/626 661/999/635
f 663/1001/637 647/933/622 649/935/624 662/1000/636
f 664/1002/638 645/931/620 647/933/622 663/1001/637
f 642/928/618 645/931/620 664/1002/638 641/992/615
f 650/951/623 659/997/634 652/1003/625
f 648/953/621 657/943/632 659/997/634 650/951/623
f 646/954/619 655/941/630 657/943/632 648/953/621
f 643/955/617 654/996/628 655/941/630 646/954/619
f 644/1004/616 654/996/628 643/955/617
f 656/995/629 665/1005/639 658/944/631
f 658/944/631 665/1005/639 666/1006/640 660/998/633
f 615/959/641 616/960/642 628/961/643 629/962/644
f 616/960/642 617/963/645 627/964/646 628/961/643
f 617/963/645 618/965/647 626/966/648 627/964/646
f 618/965/647 619/967/649 625/968/650 626/966/648
f 619/967/649 620/969/651 635/970/652 625/968/650
f 620/969/651 634/971/653 635/970/652
f 621/972/654 622/973/655 640/974/656
f 622/973/655 623/975/657 624/976/658 640/974/656
f 623/975/657 636/977/659 637/978/660 624/976/658
f 634/971/653 620/969/651 633/979/661
f 632/980/662 633/979/661 620/969/651 619/967/649
f 631/981/663 632/980/662 619/967/649 618/965/647
f 630/982/664 631/981/663 618/965/647 617/963/645
f 616/960/642 615/959/641 630/982/664 617/963/645
f 625/983/650 635/984/652 636/977/659
f 626/985/648 625/983/650 636/977/659 623/975/657
f 627/986/646 626/985/648 623/975/657 622/973/655
f 628/987/643 627/986/646 622/973/655 621/972/654
f 629/988/644 628/987/643 621/972/654
f 640/974/656 624/976/658 639/989/665
f 624/976/658 637/978/660 638/990/666 639/989/665
f 629/930/644 644/991/616 641/992/615 615/927/641
f 634/939/653 653/993/627 652/994/625 635/938/652
f 640/942/656 656/995/629 654/996/628 621/940/654
f 636/945/659 659/997/634 660/998/633 637/946/660
f 633/947/661 661/999/635 653/993/627 634/939/653
f 632/948/662 662/1000/636 661/999/635 633/947/661
f 631/949/663 663/1001/637 662/1000/636 632/948/662
f 630/950/664 664/1002/638 663/1001/637 631/949/663
f 615/927/641 641/992/615 664/1002/638 630/950/664
f 635/952/652 652/1003/625 659/997/634 636/945/659
f 621/940/654 654/996/628 644/1004/616 629/956/644
f 639/957/665 665/1005/639 656/995/629 640/942/656
f 637/946/660 660/998/633 666/1006/640 638/958/666
f 638/958/666 666/1006/640 665/1005/639 639/957/665
g default
v -0.747839 0.713779 0.543337
v -0.285649 0.713779 0.879138
v -0.962438 1.187604 0.312715
v -0.818698 1.187604 0.594819
v -0.594819 1.187604 0.818698
v -0.312715 1.187604 0.962438
v 0.000000 1.187604 1.011967
v -0.898470 1.657257 0.291930
v -0.764284 1.657257 0.555285
v -0.555285 1.657257 0.764284
v -0.291930 1.657257 0.898470
v 0.000000 1.657257 0.944707
v -0.597451 1.881876 0.434074
v -0.434074 1.881876 0.597451
v -0.228206 1.881876 0.702346
v -0.704714 2.055716 -0.001709
v -0.670667 2.055909 0.217913
v -0.570503 2.055909 0.414495
v -0.367436 2.023384 0.505732
v -0.505733 2.023384 0.367436
v -0.594524 2.023384 0.193173
v -0.555676 2.037882 0.403722
v -0.653236 2.037882 0.212249
v -0.686736 2.037882 -0.000737
v -0.479131 2.037882 0.480267
v -0.702346 1.881876 0.228206
v -0.625120 2.023384 0.000000
v -0.944707 1.657257 0.000000
v -0.914725 1.185852 0.294391
v -0.707582 0.722977 0.514089
v -0.777218 1.188644 0.564682
v -0.564682 1.188644 0.777218
v -0.270272 0.722977 0.831814
v -0.296871 1.188644 0.913676
v 0.007922 1.188619 0.961949
v -0.897934 1.635048 -0.007408
v -0.852870 1.635048 0.277114
v -0.725494 1.635048 0.527103
v -0.527103 1.635048 0.725495
v -0.277114 1.635048 0.852870
v 0.007408 1.635048 0.897934
v -0.566512 1.849066 0.411596
v -0.665975 1.849066 0.216389
v -0.411596 1.849066 0.566512
v -0.214554 1.848701 0.667036
v -0.433742 2.053880 0.315130
v -0.510115 2.054551 0.165756
v -0.315131 2.053880 0.433740
v -0.461250 2.083263 0.462386
v -0.534963 2.083263 0.388673
v -0.629280 2.083515 0.204492
v -0.538332 2.053851 -0.013735
v -0.661637 2.083229 -0.004675
v -0.541963 2.091775 0.393760
v -0.637031 2.091707 0.207029
v -0.669710 2.090996 -0.007190
vt 0.300000 0.255272
vt 0.350000 0.151283
vt 0.350000 0.255272
vt 0.400000 0.255272
vt 0.450000 0.151283
vt 0.450000 0.255272
vt 0.500000 0.255272
vt 0.250000 0.358346
vt 0.300000 0.358346
vt 0.350000 0.358346
vt 0.400000 0.358346
vt 0.450000 0.358346
vt 0.500000 0.358346
vt 0.350000 0.407642
vt 0.300000 0.407642
vt 0.400000 0.407642
vt 0.450000 0.407642
vt 0.350000 0.438699
vt 0.300000 0.438699
vt 0.400000 0.438699
vt 0.375187 0.441880
vt 0.350000 0.441880
vt 0.300000 0.441880
vt 0.250000 0.438699
vt 0.249826 0.441880
vt 0.350000 0.445837
vt 0.300000 0.445837
vt 0.249608 0.445795
vt 0.300000 0.255272
vt 0.350000 0.151283
vt 0.350000 0.255272
vt 0.400000 0.255272
vt 0.450000 0.151283
vt 0.450000 0.255272
vt 0.500000 0.255272
vt 0.250000 0.358346
vt 0.300000 0.358346
vt 0.350000 0.358346
vt 0.400000 0.358346
vt 0.450000 0.358346
vt 0.500000 0.358346
vt 0.350000 0.407642
vt 0.300000 0.407642
vt 0.400000 0.407642
vt 0.450000 0.407642
vt 0.350000 0.438699
vt 0.300000 0.438699
vt 0.400000 0.438699
vt 0.375187 0.441880
vt 0.350000 0.441880
vt 0.300000 0.441880
vt 0.250000 0.438699
vt 0.249826 0.441880
vt 0.350000 0.445837
vt 0.300000 0.445837
vt 0.249608 0.445795
vt 0.300000 0.255272
vt 0.350000 0.151283
vt 0.400000 0.255272
vt 0.450000 0.151283
vt 0.500000 0.255272
vt 0.250000 0.358346
vt 0.500000 0.358346
vt 0.450000 0.407642
vt 0.400000 0.438699
vt 0.375187 0.441880
vt 0.249826 0.441880
vt 0.250000 0.438699
vt 0.350000 0.445837
vt 0.300000 0.445837
vt 0.249608 0.445795
vt 0.300000 0.407642
vn 0.743051 -0.221051 -0.631674
vn 0.809221 -0.028727 -0.586802
vn 0.762232 -0.336098 -0.553209
vn 0.580689 -0.154918 -0.799250
vn 0.306905 -0.028546 -0.951312
vn 0.292603 -0.339933 -0.893773
vn 0.421185 -0.139966 -0.896110
vn 0.658860 -0.314770 -0.683245
vn 0.878417 -0.340765 -0.335056
vn 0.762749 -0.334890 -0.553229
vn 0.553542 -0.335853 -0.762099
vn 0.301805 -0.304748 -0.903351
vn 0.412806 -0.120950 -0.902753
vn 0.652457 -0.614669 -0.443263
vn 0.609705 -0.657079 -0.443291
vn 0.450106 -0.660106 -0.601386
vn 0.546532 -0.461090 -0.699070
vn 0.934576 0.045075 -0.352896
vn 0.787446 -0.236929 -0.569029
vn 0.733810 -0.336559 -0.590128
vn 0.224606 0.963033 -0.148724
vn 0.076345 0.978309 0.192567
vn 0.268318 0.959450 -0.086377
vn 0.727352 0.479158 -0.491291
vn 0.265139 0.917543 -0.296338
vn -0.481566 0.782117 0.395458
vn -0.535865 0.826854 0.170769
vn -0.580233 0.814434 0.005159
vn -0.968833 -0.048090 0.243003
vn -0.625421 -0.634587 0.454034
vn -0.808628 0.031011 0.587503
vn -0.587769 -0.007488 0.808994
vn -0.235302 -0.631605 0.738721
vn -0.308869 0.031012 0.950599
vn 0.063213 -0.011423 0.997935
vn -0.908971 0.284227 -0.304936
vn -0.877501 0.341585 0.336618
vn -0.762186 0.335292 0.553761
vn -0.553761 0.335292 0.762186
vn -0.303504 0.304654 0.902813
vn 0.036992 0.282233 0.958632
vn -0.606772 0.661424 0.440846
vn -0.714374 0.686216 0.137032
vn -0.446797 0.663986 0.599579
vn -0.081066 0.781078 0.619149
vn -0.754922 0.362885 0.546267
vn -0.918940 0.178193 0.351849
vn -0.196461 0.746413 0.635823
vn -0.291020 -0.499207 0.816149
vn -0.309198 -0.930410 0.196807
vn -0.382594 -0.915555 0.124018
vn -0.360557 -0.740777 -0.566788
vn -0.399167 -0.894944 -0.199350
vn -0.763114 0.339362 0.549991
vn -0.906685 0.304936 0.291439
vn -0.938148 0.339565 0.067636
s 1
g BrokenUrn UrnPiece15
usemtl initialShadingGroup
f 695/1063/667 697/1009/668 696/1064/669
f 696/1064/669 697/1009/668 698/1065/670
f 698/1065/670 700/1012/671 699/1066/672
f 699/1066/672 700/1012/671 701/1067/673
f 702/1068/674 703/1015/675 695/1063/667
f 695/1063/667 703/1015/675 704/1016/676 697/1009/668
f 697/1009/668 704/1016/676 705/1017/677 698/1065/670
f 698/1065/670 705/1017/677 706/1018/678 700/1012/671
f 700/1012/671 706/1018/678 707/1069/679 701/1067/673
f 703/1015/675 709/1078/680 708/1020/681 704/1016/676
f 704/1016/676 708/1020/681 710/1022/682 705/1017/677
f 705/1017/677 710/1022/682 711/1070/683 706/1018/678
f 706/1018/678 711/1070/683 707/1069/679
f 709/1078/680 713/1025/684 712/1024/685 708/1020/681
f 708/1020/681 712/1024/685 714/1071/686 710/1022/682
f 710/1022/682 714/1071/686 711/1070/683
f 712/1024/685 716/1028/687 715/1072/688 714/1071/686
f 713/1025/684 717/1029/689 716/1028/687 712/1024/685
f 718/1074/690 719/1073/691 717/1029/689 713/1025/684
f 716/1028/687 720/1075/692 715/1072/688
f 717/1029/689 721/1076/693 720/1075/692 716/1028/687
f 719/1073/691 722/1077/694 721/1076/693 717/1029/689
f 702/1068/674 709/1078/680 703/1015/675
f 718/1074/690 713/1025/684 709/1078/680
f 669/1035/695 667/1036/696 670/1037/697
f 667/1036/696 671/1038/698 670/1037/697
f 671/1038/698 668/1039/699 672/1040/700
f 668/1039/699 673/1041/701 672/1040/700
f 694/1042/702 669/1035/695 674/1043/703
f 669/1035/695 670/1037/697 675/1044/704 674/1043/703
f 670/1037/697 671/1038/698 676/1045/705 675/1044/704
f 671/1038/698 672/1040/700 677/1046/706 676/1045/705
f 672/1040/700 673/1041/701 678/1047/707 677/1046/706
f 674/1043/703 675/1044/704 679/1048/708 692/1049/709
f 675/1044/704 676/1045/705 680/1050/710 679/1048/708
f 676/1045/705 677/1046/706 681/1051/711 680/1050/710
f 677/1046/706 678/1047/707 681/1051/711
f 692/1049/709 679/1048/708 686/1052/712 687/1053/713
f 679/1048/708 680/1050/710 685/1054/714 686/1052/712
f 680/1050/710 681/1051/711 685/1054/714
f 686/1052/712 685/1054/714 691/1055/715 688/1056/716
f 687/1053/713 686/1052/712 688/1056/716 689/1057/717
f 693/1058/718 687/1053/713 689/1057/717 690/1059/719
f 688/1056/716 691/1055/715 684/1060/720
f 689/1057/717 688/1056/716 684/1060/720 683/1061/721
f 690/1059/719 689/1057/717 683/1061/721 682/1062/722
f 694/1042/702 674/1043/703 692/1049/709
f 693/1058/718 692/1049/709 687/1053/713
f 669/1007/695 695/1063/667 696/1064/669 667/1008/696
f 667/1008/696 696/1064/669 698/1065/670 671/1010/698
f 671/1010/698 698/1065/670 699/1066/672 668/1011/699
f 668/1011/699 699/1066/672 701/1067/673 673/1013/701
f 694/1014/702 702/1068/674 695/1063/667 669/1007/695
f 673/1013/701 701/1067/673 707/1069/679 678/1019/707
f 678/1019/707 707/1069/679 711/1070/683 681/1023/711
f 681/1023/711 711/1070/683 714/1071/686 685/1026/714
f 685/1026/714 714/1071/686 715/1072/688 691/1027/715
f 690/1031/719 719/1073/691 718/1074/690 693/1030/718
f 691/1027/715 715/1072/688 720/1075/692 684/1032/720
f 684/1032/720 720/1075/692 721/1076/693 683/1033/721
f 683/1033/721 721/1076/693 722/1077/694 682/1034/722
f 682/1034/722 722/1077/694 719/1073/691 690/1031/719
f 692/1021/709 709/1078/680 702/1068/674 694/1014/702
f 693/1030/718 718/1074/690 709/1078/680 692/1021/709
g default
v 0.594819 1.187604 -0.818699
v 0.312715 1.187604 -0.962438
v 0.764284 1.657257 -0.555285
v 0.555285 1.657257 -0.764284
v 0.291931 1.657257 -0.898470
v 0.702346 1.881876 -0.228206
v 0.597451 1.881876 -0.434074
v 0.434074 1.881876 -0.597451
v 0.228206 1.881876 -0.702346
v 0.738490 1.881876 0.000000
v 0.570503 2.055909 -0.414495
v 0.414495 2.055909 -0.570503
v 0.583515 2.302704 -0.423949
v 0.594524 2.023384 -0.193173
v 0.367436 2.023384 -0.505733
v 0.505733 2.023384 -0.367436
v 0.653237 2.037882 -0.212249
v 0.403722 2.037882 -0.555676
v 0.555676 2.037882 -0.403722
v 0.274122 2.303899 -0.377297
v 0.279828 2.312427 -0.385150
v 0.572189 2.312427 -0.415719
v 0.144114 2.086614 -0.443539
v 0.144114 2.303899 -0.443539
v 0.147114 2.312427 -0.452771
v 0.415719 2.312427 -0.572189
v 0.423948 2.302704 -0.583515
v 0.336121 2.055909 -0.610436
v 0.277752 2.037882 -0.619861
v 0.193173 2.023384 -0.594525
v 0.153896 1.881876 -0.714115
v 0.207054 1.657257 -0.911913
v 0.345192 0.713779 -0.848799
v 0.772586 1.801430 -0.251028
v 0.294391 1.185852 -0.914725
v 0.566989 1.185852 -0.775830
v 0.277115 1.635047 -0.852870
v 0.527103 1.635048 -0.725494
v 0.725494 1.635048 -0.527103
v 0.411596 1.849066 -0.566512
v 0.566512 1.849066 -0.411596
v 0.216388 1.849066 -0.665975
v 0.665975 1.849066 -0.216388
v 0.433740 2.053880 -0.315132
v 0.509892 2.053880 -0.165675
v 0.315132 2.053879 -0.433740
v 0.165675 2.053880 -0.509893
v 0.530627 2.077993 -0.385524
v 0.385524 2.077993 -0.530627
v 0.393182 2.277932 -0.541169
v 0.546959 2.277932 -0.387393
v 0.314020 2.077993 -0.567061
v 0.266272 2.083263 -0.597329
v 0.388673 2.083263 -0.534962
v 0.534962 2.083263 -0.388673
v 0.630705 2.083263 -0.200768
v 0.404533 2.262427 -0.561003
v 0.561003 2.262427 -0.404533
v 0.288463 2.262427 -0.402096
v 0.155749 2.262427 -0.469717
v 0.166813 2.281456 -0.488089
v 0.296821 2.281456 -0.421847
v 0.147925 1.849533 -0.676418
v 0.199646 1.635048 -0.865140
v 0.322862 0.722759 -0.804973
v 0.737320 1.767387 -0.239570
v 0.700792 1.849533 0.005971
v 0.166813 2.086614 -0.488089
vt 0.900000 0.255272
vt 0.950000 0.255272
vt 0.950000 0.358346
vt 0.900000 0.358346
vt 0.850000 0.358346
vt 0.900000 0.407642
vt 0.850000 0.407642
vt 0.950000 0.407642
vt 0.800000 0.407642
vt 0.850000 0.438699
vt 0.800000 0.438699
vt 0.900000 0.438699
vt 0.950000 0.438699
vt 0.850000 0.445837
vt 0.900000 0.445837
vt 0.900000 0.500000
vt 0.850000 0.500000
vt 0.919934 0.445837
vt 0.932895 0.441880
vt 0.900000 0.441880
vt 0.850000 0.441880
vt 0.800000 0.441880
vt 0.255027 0.740802
vt 0.223839 0.771990
vt 0.222987 0.770818
vt 0.253855 0.739950
vt 0.195605 0.733130
vt 0.169696 0.746332
vt 0.169111 0.744529
vt 0.194492 0.731597
vt 0.966281 0.407642
vt 0.964537 0.358346
vt 0.938447 0.151283
vt 0.800000 0.389987
vt 0.750000 0.407642
vt 0.957384 0.629150
vt 0.968602 0.629150
vt 0.968602 0.522730
vt 0.900000 0.255272
vt 0.950000 0.255272
vt 0.950000 0.358346
vt 0.900000 0.358346
vt 0.850000 0.358346
vt 0.900000 0.407642
vt 0.850000 0.407642
vt 0.950000 0.407642
vt 0.800000 0.407642
vt 0.850000 0.438699
vt 0.800000 0.438699
vt 0.900000 0.438699
vt 0.950000 0.438699
vt 0.850000 0.445837
vt 0.900000 0.445837
vt 0.900000 0.500000
vt 0.850000 0.500000
vt 0.919934 0.445837
vt 0.932895 0.441880
vt 0.900000 0.441880
vt 0.850000 0.441880
vt 0.800000 0.441880
vt 0.255027 0.740802
vt 0.223839 0.771990
vt 0.222987 0.770818
vt 0.253855 0.739950
vt 0.195605 0.733130
vt 0.169696 0.746332
vt 0.169111 0.744529
vt 0.194492 0.731597
vt 0.966281 0.407642
vt 0.964537 0.358346
vt 0.938447 0.151283
vt 0.800000 0.389987
vt 0.750000 0.407642
vt 0.957384 0.629150
vt 0.968602 0.629150
vt 0.968602 0.522730
vt 0.850000 0.500000
vt 0.850000 0.445837
vt 0.919934 0.445837
vt 0.900000 0.500000
vt 0.950000 0.438699
vt 0.932895 0.441880
vt 0.800000 0.441880
vt 0.800000 0.438699
vt 0.223839 0.771990
vt 0.222987 0.770818
vt 0.253855 0.739950
vt 0.255027 0.740802
vt 0.169696 0.746332
vt 0.169111 0.744529
vt 0.194492 0.731597
vt 0.195605 0.733130
vt 0.966281 0.407642
vt 0.964537 0.358346
vt 0.950000 0.255272
vt 0.900000 0.255272
vt 0.938447 0.151283
vt 0.850000 0.358346
vt 0.800000 0.389987
vt 0.750000 0.407642
vt 0.968602 0.629150
vt 0.968602 0.522730
vt 0.957384 0.629150
vn -0.241051 -0.191961 0.951339
vn -0.516818 -0.373203 0.770467
vn -0.386073 -0.348216 0.854221
vn -0.660269 -0.074008 0.747374
vn -0.309048 -0.688231 0.656374
vn -0.603020 -0.654884 0.455515
vn -0.442986 -0.657272 0.609719
vn -0.299818 -0.656732 0.691963
vn -0.707458 -0.648357 0.281313
vn -0.845175 -0.121913 0.520401
vn -0.798494 -0.161232 0.580010
vn -0.575716 -0.213424 0.789304
vn -0.539523 -0.327576 0.775635
vn -0.330198 0.229211 0.915659
vn -0.406304 0.164396 0.898828
vn -0.848400 0.293641 0.440445
vn -0.672397 0.030334 0.739569
vn -0.862765 0.416488 -0.286661
vn -0.118446 0.980013 0.159828
vn -0.193930 0.979725 -0.050297
vn -0.164846 0.979330 0.117214
vn 0.137299 0.976840 0.164111
vn 0.213324 -0.434772 0.874909
vn -0.149044 -0.744305 -0.650997
vn -0.018971 -0.829238 0.558573
vn 0.897051 -0.405241 0.176295
vn -0.361474 0.185753 -0.913692
vn -0.480720 -0.239011 -0.843671
vn -0.788701 -0.435178 0.434247
vn -0.847983 -0.402899 0.344381
vn -0.432338 -0.304977 0.848571
vn -0.321580 -0.860575 0.394964
vn -0.221845 -0.409631 0.884866
vn 0.225669 -0.867704 -0.442903
vn 0.637786 -0.038595 -0.769246
vn 0.267096 0.006037 -0.963651
vn 0.383881 0.351321 -0.853937
vn 0.517073 0.375176 -0.769336
vn 0.799755 0.385105 -0.460528
vn 0.440847 0.661424 -0.606773
vn 0.598293 0.659153 -0.455591
vn 0.296204 0.660940 -0.689508
vn 0.701527 0.652677 -0.286135
vn 0.767430 0.316490 -0.557571
vn 0.786340 0.614811 0.060640
vn 0.551912 0.348620 -0.757534
vn -0.105342 0.625362 -0.773192
vn 0.817831 -0.031813 -0.574579
vn 0.660436 -0.136802 -0.738315
vn 0.604845 0.034140 -0.795611
vn 0.793238 -0.014378 -0.608742
vn -0.097863 0.065044 -0.993072
vn -0.040008 -0.764986 -0.642803
vn 0.235286 -0.924031 -0.301342
vn 0.293001 -0.928989 -0.226119
vn 0.932393 -0.360255 -0.029312
vn -0.070765 0.934106 -0.349913
vn 0.108855 0.851604 0.512758
vn -0.002702 0.926334 0.376694
vn -0.294250 0.742489 -0.601770
vn -0.761328 0.078934 0.643544
vn 0.078024 -0.274140 0.958520
vn -0.537210 0.535502 -0.651647
vn -0.459335 0.295012 -0.837842
vn 0.356581 -0.618939 -0.699832
vn 0.888628 0.414651 -0.195971
vn 0.748629 0.466072 0.471520
vn -0.327618 -0.692264 0.642991
s 1
g BrokenUrn UrnPiece18
usemtl initialShadingGroup
f 758/1174/723 760/1082/724 759/1081/725 757/1173/726
f 761/1176/727 763/1085/728 762/1084/729 760/1082/724
f 760/1082/724 762/1084/729 764/1086/730 759/1081/725
f 765/1087/731 767/1162/732 766/1088/733 763/1085/728
f 763/1085/728 766/1088/733 768/1090/734 762/1084/729
f 762/1084/729 768/1090/734 769/1159/735 764/1086/730
f 770/1156/736 773/1155/737 772/1158/738 771/1093/739
f 771/1093/739 772/1158/738 774/1157/740
f 768/1090/734 776/1098/741 775/1160/742 769/1159/735
f 766/1088/733 777/1099/743 776/1098/741 768/1090/734
f 767/1162/732 778/1161/744 777/1099/743 766/1088/733
f 776/1098/741 771/1093/739 774/1157/740 775/1160/742
f 777/1099/743 770/1156/736 771/1093/739 776/1098/741
f 773/1166/737 780/1165/745 779/1164/746 772/1163/738
f 781/1170/747 784/1169/748 783/1168/749 782/1167/750
f 779/1164/746 781/1170/747 782/1167/750
f 764/1086/730 769/1159/735 785/1171/751
f 759/1081/725 764/1086/730 785/1171/751 786/1172/752
f 757/1173/726 759/1081/725 786/1172/752
f 758/1174/723 757/1173/726 787/1175/753
f 761/1176/727 760/1082/724 758/1174/723
f 788/1177/754 765/1087/731 763/1085/728 761/1176/727
f 789/1178/755 765/1087/731 788/1177/754
f 789/1178/755 767/1162/732 765/1087/731
f 778/1161/744 770/1156/736 777/1099/743
f 780/1165/745 781/1170/747 779/1164/746
f 784/1181/748 790/1180/756 783/1179/749
f 723/1117/757 724/1118/758 727/1119/759 726/1120/760
f 725/1121/761 726/1120/760 730/1122/762 729/1123/763
f 726/1120/760 727/1119/759 731/1124/764 730/1122/762
f 728/1125/765 729/1123/763 738/1126/766 736/1127/767
f 729/1123/763 730/1122/762 737/1128/768 738/1126/766
f 730/1122/762 731/1124/764 752/1129/769 737/1128/768
f 733/1130/770 734/1131/771 749/1132/772 735/1133/773
f 734/1131/771 750/1134/774 749/1132/772
f 737/1128/768 752/1129/769 751/1135/775 740/1136/776
f 738/1126/766 737/1128/768 740/1136/776 741/1137/777
f 736/1127/767 738/1126/766 741/1137/777 739/1138/778
f 740/1136/776 751/1135/775 750/1134/774 734/1131/771
f 741/1137/777 740/1136/776 734/1131/771 733/1130/770
f 735/1139/773 749/1140/772 748/1141/779 744/1142/780
f 743/1143/781 747/1144/782 746/1145/783 742/1146/784
f 748/1141/779 747/1144/782 743/1143/781
f 731/1124/764 753/1147/785 752/1129/769
f 727/1119/759 754/1148/786 753/1147/785 731/1124/764
f 724/1118/758 754/1148/786 727/1119/759
f 723/1117/757 755/1149/787 724/1118/758
f 725/1121/761 723/1117/757 726/1120/760
f 756/1150/788 725/1121/761 729/1123/763 728/1125/765
f 732/1151/789 756/1150/788 728/1125/765
f 732/1151/789 728/1125/765 736/1127/767
f 739/1138/778 741/1137/777 733/1130/770
f 744/1142/780 748/1141/779 743/1143/781
f 742/1152/784 746/1153/783 745/1154/790
f 735/1095/773 773/1155/737 770/1156/736 733/1092/770
f 750/1096/774 774/1157/740 772/1158/738 749/1094/772
f 752/1091/769 769/1159/735 775/1160/742 751/1097/775
f 739/1100/778 778/1161/744 767/1162/732 736/1089/767
f 751/1097/775 775/1160/742 774/1157/740 750/1096/774
f 749/1102/772 772/1163/738 779/1164/746 748/1103/779
f 744/1104/780 780/1165/745 773/1166/737 735/1101/773
f 747/1106/782 782/1167/750 783/1168/749 746/1107/783
f 742/1108/784 784/1169/748 781/1170/747 743/1105/781
f 748/1103/779 779/1164/746 782/1167/750 747/1106/782
f 753/1109/785 785/1171/751 769/1159/735 752/1091/769
f 754/1110/786 786/1172/752 785/1171/751 753/1109/785
f 724/1080/758 757/1173/726 786/1172/752 754/1110/786
f 723/1079/757 758/1174/723 787/1175/753 755/1111/787
f 755/1111/787 787/1175/753 757/1173/726 724/1080/758
f 725/1083/761 761/1176/727 758/1174/723 723/1079/757
f 756/1112/788 788/1177/754 761/1176/727 725/1083/761
f 732/1113/789 789/1178/755 788/1177/754 756/1112/788
f 736/1089/767 767/1162/732 789/1178/755 732/1113/789
f 733/1092/770 770/1156/736 778/1161/744 739/1100/778
f 743/1105/781 781/1170/747 780/1165/745 744/1104/780
f 746/1115/783 783/1179/749 790/1180/756 745/1116/790
f 745/1116/790 790/1180/756 784/1181/748 742/1114/784
g default
v -0.442549 0.000000 0.321531
v -0.321531 0.000000 0.442549
v -0.169039 0.000000 0.520248
v 0.000000 0.000000 0.547021
v -0.924380 0.713779 0.000000
v -0.879138 0.713779 0.285649
v -0.543337 0.713779 0.747839
v -1.011967 1.187604 0.000000
v 0.000000 0.024458 0.577657
v -0.178506 0.024458 0.549384
v -0.339538 0.024458 0.467334
v -0.467334 0.024458 0.339538
v -0.549384 0.024458 0.178506
v -0.054796 0.000000 0.483128
v -0.234911 0.000000 0.414405
v -0.594819 1.187604 0.818698
v -0.285649 0.713779 0.879138
v -0.747839 0.713779 0.543337
v -0.962438 1.187604 0.312715
v -0.944707 1.657257 0.000000
v -0.428067 0.050000 0.311009
v -0.311009 0.050000 0.428067
v -0.316011 0.056965 0.434952
v -0.434952 0.056965 0.316011
v -0.163507 0.050000 0.503223
v -0.166137 0.056965 0.511317
v 0.002766 0.050000 0.529558
v 0.006245 0.056481 0.538227
v -0.877051 0.729703 -0.007496
v -0.833111 0.730062 0.270694
v -0.913174 1.191424 0.299547
v -0.961949 1.188619 -0.007922
v -0.268481 0.732263 0.834908
v -0.514891 0.730062 0.708686
v -0.708686 0.730062 0.514891
v -0.510943 0.056481 0.166016
v -0.895809 1.650254 -0.007744
v -0.565571 1.196802 0.778442
v -0.054796 0.050000 0.483128
v -0.234911 0.050000 0.414405
vt 0.329686 0.567390
vt 0.353515 0.543562
vt 0.349969 0.538682
vt 0.324806 0.563844
vt 0.383540 0.528263
vt 0.381676 0.522526
vt 0.416823 0.522992
vt 0.416823 0.516960
vt 0.250000 0.151283
vt 0.300000 0.151283
vt 0.300000 0.255272
vt 0.250000 0.255272
vt 0.400000 0.000000
vt 0.450000 0.000000
vt 0.450000 0.151283
vt 0.400000 0.151283
vt 0.350000 0.000000
vt 0.350000 0.151283
vt 0.300000 0.000000
vt 0.250000 0.358346
vt 0.400000 0.255272
vt 0.500000 0.000000
vt 0.406034 0.535572
vt 0.370570 0.549104
vt 0.308651 0.595551
vt 0.329686 0.567390
vt 0.353515 0.543562
vt 0.349969 0.538682
vt 0.324806 0.563844
vt 0.383540 0.528263
vt 0.381676 0.522526
vt 0.416823 0.522992
vt 0.416823 0.516960
vt 0.250000 0.151283
vt 0.300000 0.151283
vt 0.300000 0.255272
vt 0.250000 0.255272
vt 0.400000 0.000000
vt 0.450000 0.000000
vt 0.450000 0.151283
vt 0.400000 0.151283
vt 0.350000 0.000000
vt 0.350000 0.151283
vt 0.300000 0.000000
vt 0.250000 0.358346
vt 0.400000 0.255272
vt 0.500000 0.000000
vt 0.406034 0.535572
vt 0.370570 0.549104
vt 0.308651 0.595551
vt 0.416823 0.522992
vt 0.416823 0.516960
vt 0.250000 0.255272
vt 0.250000 0.151283
vt 0.300000 0.255272
vt 0.250000 0.358346
vt 0.350000 0.151283
vt 0.400000 0.255272
vt 0.450000 0.151283
vt 0.500000 0.000000
vt 0.406034 0.535572
vt 0.370570 0.549104
vt 0.329686 0.567390
vt 0.308651 0.595551
vt 0.300000 0.000000
vn 0.599844 -0.179822 -0.779649
vn 0.721778 0.451813 -0.524310
vn 0.523311 0.452519 -0.722061
vn 0.100885 0.985161 -0.138855
vn 0.331963 0.453166 -0.827310
vn 0.040679 0.991348 -0.124794
vn 0.734224 0.500632 -0.458566
vn 0.690639 0.294685 -0.660438
vn 0.877674 0.215027 -0.428313
vn 0.916725 0.067693 -0.393743
vn 0.965424 0.252208 0.065942
vn 0.898872 0.333920 -0.283771
vn 0.544338 0.373771 -0.750993
vn 0.638071 0.470410 -0.609574
vn 0.710088 0.478414 -0.516619
vn 0.757121 0.323332 -0.567648
vn 0.915981 0.372481 -0.149122
vn 0.432801 0.676750 -0.595561
vn 0.408421 0.475751 -0.779008
vn 0.317803 0.611360 -0.724734
vn 0.241167 -0.853160 -0.462554
vn -0.189561 -0.946569 0.260908
vn -0.521458 -0.461467 0.717725
vn -0.718465 -0.458595 0.522971
vn -0.084954 -0.961468 0.261460
vn -0.329998 -0.465755 0.821081
vn 0.289165 -0.927299 0.237695
vn 0.320332 -0.307768 0.895916
vn -0.943834 -0.319326 -0.084901
vn -0.897758 -0.334999 0.286018
vn -0.926673 0.008968 0.375762
vn -0.996754 -0.070818 -0.038298
vn -0.185202 -0.305537 0.933995
vn -0.544967 -0.374686 0.750081
vn -0.761995 -0.336656 0.553197
vn -0.821903 -0.528006 0.213741
vn -0.794835 0.594553 0.121424
vn -0.545769 0.367735 0.752932
vn 0.346148 -0.666543 -0.660229
vn 0.256356 -0.769750 -0.584608
s 1
g BrokenUrn UrnPiece17
usemtl initialShadingGroup
f 811/1244/791 814/1185/792 813/1184/793 812/1183/794
f 812/1183/794 813/1184/793 816/1187/795 815/1186/796
f 815/1186/796 816/1187/795 818/1233/797 817/1232/798
f 819/1235/799 822/1234/800 821/1236/801 820/1191/802
f 813/1194/793 824/1197/803 823/1240/804 816/1195/795
f 814/1198/792 825/1238/805 824/1197/803 813/1194/793
f 826/1246/806 820/1191/802 825/1238/805 814/1198/792
f 822/1234/800 827/1237/807 821/1236/801
f 820/1191/802 821/1236/801 825/1238/805
f 825/1238/805 828/1239/808 824/1197/803
f 824/1197/803 828/1239/808 823/1240/804
f 816/1195/795 823/1240/804 818/1241/797
f 829/1242/809 815/1186/796 817/1232/798
f 815/1186/796 829/1242/809 830/1243/810 812/1183/794
f 812/1183/794 830/1243/810 811/1244/791
f 826/1245/806 814/1185/792 811/1244/791
f 819/1235/799 820/1191/802 826/1246/806
f 791/1207/811 792/1208/812 801/1209/813 802/1210/814
f 792/1208/812 793/1211/815 800/1212/816 801/1209/813
f 793/1211/815 794/1213/817 799/1214/818 800/1212/816
f 795/1215/819 796/1216/820 809/1217/821 798/1218/822
f 801/1219/813 800/1220/816 807/1221/823 797/1222/824
f 802/1223/814 801/1219/813 797/1222/824 808/1224/825
f 803/1225/826 802/1223/814 808/1224/825 796/1216/820
f 798/1218/822 809/1217/821 810/1226/827
f 796/1216/820 808/1224/825 809/1217/821
f 808/1224/825 797/1222/824 806/1227/828
f 797/1222/824 807/1221/823 806/1227/828
f 800/1220/816 799/1228/818 807/1221/823
f 804/1229/829 794/1213/817 793/1211/815
f 793/1211/815 792/1208/812 805/1230/830 804/1229/829
f 792/1208/812 791/1207/811 805/1230/830
f 803/1231/826 791/1207/811 802/1210/814
f 795/1215/819 803/1225/826 796/1216/820
f 794/1188/817 817/1232/798 818/1233/797 799/1189/818
f 798/1193/822 822/1234/800 819/1235/799 795/1190/819
f 809/1192/821 821/1236/801 827/1237/807 810/1201/827
f 810/1201/827 827/1237/807 822/1234/800 798/1193/822
f 808/1199/825 825/1238/805 821/1236/801 809/1192/821
f 806/1202/828 828/1239/808 825/1238/805 808/1199/825
f 807/1196/823 823/1240/804 828/1239/808 806/1202/828
f 799/1203/818 818/1241/797 823/1240/804 807/1196/823
f 804/1204/829 829/1242/809 817/1232/798 794/1188/817
f 805/1205/830 830/1243/810 829/1242/809 804/1204/829
f 791/1182/811 811/1244/791 830/1243/810 805/1205/830
f 803/1206/826 826/1245/806 811/1244/791 791/1182/811
f 795/1190/819 819/1235/799 826/1246/806 803/1200/826
g default
v -0.555285 1.657257 -0.764284
v 0.000000 1.881876 -0.738490
v -0.228206 1.881876 -0.702346
v -0.434074 1.881876 -0.597451
v -0.597451 1.881876 -0.434074
v 0.217913 2.055909 -0.670667
v 0.000000 2.055909 -0.705181
v -0.217913 2.055909 -0.670667
v -0.414495 2.055909 -0.570503
v -0.570503 2.055909 -0.414495
v -0.670667 2.055909 -0.217913
v 0.423948 2.302704 -0.583515
v 0.222883 2.302704 -0.685963
v 0.000000 2.302704 -0.721264
v -0.222883 2.302704 -0.685963
v -0.423949 2.302704 -0.583515
v -0.583515 2.302704 -0.423948
v -0.685963 2.302704 -0.222883
v -0.594524 2.023384 -0.193173
v -0.505733 2.023384 -0.367436
v -0.367436 2.023384 -0.505733
v -0.193173 2.023384 -0.594525
v 0.000000 2.023384 -0.625120
v 0.193173 2.023384 -0.594525
v -0.653236 2.037882 -0.212249
v -0.555676 2.037882 -0.403722
v -0.403722 2.037882 -0.555676
v -0.212249 2.037882 -0.653237
v 0.000000 2.037882 -0.686854
v 0.212249 2.037882 -0.653237
v 0.144114 2.303899 -0.443539
v 0.000000 2.303899 -0.466364
v -0.144115 2.303899 -0.443539
v -0.274122 2.303899 -0.377297
v -0.377297 2.303899 -0.274122
v 0.144114 2.074841 -0.443539
v 0.000000 2.074841 -0.466364
v -0.144115 2.074841 -0.443539
v -0.274122 2.074841 -0.377297
v -0.377297 2.074841 -0.274122
v -0.385150 2.312427 -0.279828
v -0.279828 2.312427 -0.385150
v -0.147114 2.312427 -0.452771
v 0.000000 2.312427 -0.476072
v 0.147114 2.312427 -0.452771
v -0.672648 2.312427 -0.218557
v -0.572189 2.312427 -0.415719
v -0.415719 2.312427 -0.572189
v -0.218557 2.312427 -0.672648
v 0.000000 2.312427 -0.707264
v 0.218557 2.312427 -0.672648
v 0.415719 2.312427 -0.572189
v -0.377297 2.086614 -0.274122
v -0.274122 2.086614 -0.377297
v -0.144115 2.086614 -0.443539
v 0.000000 2.086614 -0.466364
v 0.144114 2.086614 -0.443539
v -0.269220 1.737309 -0.828573
v 0.277752 2.037882 -0.619861
v 0.336121 2.055909 -0.610436
v 0.122125 2.074841 -0.343713
v 0.013757 2.074841 -0.255364
v -0.155262 2.074841 -0.213699
v -0.216388 1.849066 -0.665975
v 0.001959 1.849543 -0.699937
v -0.165678 2.053880 -0.509893
v -0.000000 2.053880 -0.536133
v -0.411596 1.849066 -0.566512
v -0.315131 2.053879 -0.433741
v -0.567412 1.849543 -0.409828
v -0.433741 2.053879 -0.315131
v 0.202681 2.077993 -0.623791
v -0.000000 2.077993 -0.655892
v 0.000000 2.277932 -0.668921
v 0.206708 2.277933 -0.636182
v -0.202682 2.077993 -0.623790
v -0.206708 2.277932 -0.636182
v -0.385524 2.077993 -0.530627
v -0.393183 2.277932 -0.541169
v -0.530627 2.077993 -0.385524
v -0.541170 2.277932 -0.393181
v -0.627291 2.077993 -0.195812
v -0.639900 2.277933 -0.199412
v -0.516212 2.053880 -0.153271
v -0.630704 2.083263 -0.200768
v -0.534963 2.083263 -0.388673
v -0.388673 2.083263 -0.534962
v -0.204337 2.083263 -0.628886
v -0.000000 2.083263 -0.661250
v 0.165678 2.053880 -0.509893
v 0.204337 2.083263 -0.628887
v 0.400478 2.277933 -0.537452
v 0.213608 2.262427 -0.657415
v 0.408537 2.262427 -0.558094
v -0.000000 2.262427 -0.691247
v -0.213609 2.262427 -0.657415
v -0.406305 2.262427 -0.559231
v -0.559231 2.262427 -0.406305
v -0.658553 2.262427 -0.211375
v 0.151936 2.281455 -0.492923
v 0.000000 2.281455 -0.516987
v 0.000000 2.086614 -0.516987
v 0.151936 2.086614 -0.492923
v -0.159758 2.281456 -0.491684
v -0.159758 2.086614 -0.491684
v -0.303878 2.281456 -0.418252
v -0.303878 2.086614 -0.418252
v -0.412652 2.281456 -0.309477
v -0.412652 2.086614 -0.309477
v -0.291146 2.262427 -0.400729
v -0.398599 2.262427 -0.293277
v -0.153066 2.262427 -0.471084
v -0.000001 2.262427 -0.495328
v 0.150089 2.262427 -0.471555
v -0.412652 2.024841 -0.309477
v -0.303878 2.024841 -0.418252
v -0.159758 2.024841 -0.491684
v 0.000000 2.024841 -0.516987
v 0.151936 2.024841 -0.492923
v -0.533489 1.623213 -0.734284
v -0.257761 1.703265 -0.793306
v 0.266272 2.083263 -0.597329
v 0.314020 2.077993 -0.567061
v 0.122125 2.024841 -0.343713
v 0.013757 2.024841 -0.255364
v -0.155262 2.024841 -0.213699
vt 0.000000 0.407642
vt 0.050000 0.407642
vt 0.050000 0.438699
vt 0.000000 0.438699
vt 0.100000 0.407642
vt 0.100000 0.438699
vt 0.150000 0.407642
vt 0.150000 0.438699
vt 0.950000 0.445837
vt 1.000000 0.445837
vt 1.000000 0.500000
vt 0.950000 0.500000
vt 0.000000 0.445837
vt 0.050000 0.445837
vt 0.050000 0.500000
vt 0.000000 0.500000
vt 0.100000 0.445837
vt 0.100000 0.500000
vt 0.150000 0.445837
vt 0.150000 0.500000
vt 0.200000 0.445837
vt 0.200000 0.500000
vt 0.200000 0.438699
vt 0.200000 0.441880
vt 0.150000 0.441880
vt 0.100000 0.441880
vt 0.050000 0.441880
vt 0.000000 0.441880
vt 0.950000 0.438699
vt 1.000000 0.438699
vt 1.000000 0.441880
vt 0.950000 0.441880
vt 0.223839 0.771990
vt 0.184539 0.792014
vt 0.184091 0.790636
vt 0.222987 0.770818
vt 0.140975 0.798914
vt 0.140975 0.797465
vt 0.097412 0.792014
vt 0.097860 0.790636
vt 0.058112 0.771990
vt 0.058964 0.770818
vt 0.026924 0.740802
vt 0.028096 0.739950
vt 0.006900 0.701503
vt 0.008278 0.701055
vt 0.968602 0.629150
vt 0.979821 0.629150
vt 0.979821 0.522730
vt 0.968602 0.522730
vt 0.755449 0.629150
vt 0.766667 0.629150
vt 0.766667 0.522730
vt 0.755449 0.522730
vt 0.777886 0.629150
vt 0.777886 0.522730
vt 0.789104 0.629150
vt 0.789104 0.522730
vt 0.086346 0.733130
vt 0.065784 0.712569
vt 0.067317 0.711455
vt 0.087460 0.731597
vt 0.112255 0.746332
vt 0.112841 0.744529
vt 0.140975 0.750881
vt 0.140975 0.748986
vt 0.169696 0.746332
vt 0.169111 0.744529
vt 0.789104 0.516963
vt 0.777886 0.516963
vt 0.766667 0.516963
vt 0.755449 0.516963
vt 0.979821 0.516963
vt 0.968602 0.516963
vt 0.100000 0.358346
vt 0.050000 0.375915
vt 1.000000 0.407642
vt 0.932895 0.441880
vt 0.919934 0.445837
vt 0.900000 0.500000
vt 0.670350 0.693532
vt 0.642384 0.697962
vt 0.666083 0.674161
vt 0.614418 0.693532
vt 0.645054 0.657017
vt 0.589190 0.680678
vt 0.612255 0.648931
vt 0.569168 0.660656
vt 0.000000 0.407642
vt 0.050000 0.407642
vt 0.050000 0.438699
vt 0.000000 0.438699
vt 0.100000 0.407642
vt 0.100000 0.438699
vt 0.150000 0.407642
vt 0.150000 0.438699
vt 0.950000 0.445837
vt 1.000000 0.445837
vt 1.000000 0.500000
vt 0.950000 0.500000
vt 0.000000 0.445837
vt 0.050000 0.445837
vt 0.050000 0.500000
vt 0.000000 0.500000
vt 0.100000 0.445837
vt 0.100000 0.500000
vt 0.150000 0.445837
vt 0.150000 0.500000
vt 0.200000 0.445837
vt 0.200000 0.500000
vt 0.200000 0.438699
vt 0.200000 0.441880
vt 0.150000 0.441880
vt 0.100000 0.441880
vt 0.050000 0.441880
vt 0.000000 0.441880
vt 0.950000 0.438699
vt 1.000000 0.438699
vt 1.000000 0.441880
vt 0.950000 0.441880
vt 0.223839 0.771990
vt 0.184539 0.792014
vt 0.184091 0.790636
vt 0.222987 0.770818
vt 0.140975 0.798914
vt 0.140975 0.797465
vt 0.097412 0.792014
vt 0.097860 0.790636
vt 0.058112 0.771990
vt 0.058964 0.770818
vt 0.026924 0.740802
vt 0.028096 0.739950
vt 0.006900 0.701503
vt 0.008278 0.701055
vt 0.968602 0.629150
vt 0.979821 0.629150
vt 0.979821 0.522730
vt 0.968602 0.522730
vt 0.755449 0.629150
vt 0.766667 0.629150
vt 0.766667 0.522730
vt 0.755449 0.522730
vt 0.777886 0.629150
vt 0.777886 0.522730
vt 0.789104 0.629150
vt 0.789104 0.522730
vt 0.086346 0.733130
vt 0.065784 0.712569
vt 0.067317 0.711455
vt 0.087460 0.731597
vt 0.112255 0.746332
vt 0.112841 0.744529
vt 0.140975 0.750881
vt 0.140975 0.748986
vt 0.169696 0.746332
vt 0.169111 0.744529
vt 0.789104 0.516963
vt 0.777886 0.516963
vt 0.766667 0.516963
vt 0.755449 0.516963
vt 0.979821 0.516963
vt 0.968602 0.516963
vt 0.100000 0.358346
vt 0.050000 0.375915
vt 1.000000 0.407642
vt 0.932895 0.441880
vt 0.919934 0.445837
vt 0.900000 0.500000
vt 0.670350 0.693532
vt 0.642384 0.697962
vt 0.666083 0.674161
vt 0.614418 0.693532
vt 0.645054 0.657017
vt 0.589190 0.680678
vt 0.612255 0.648931
vt 0.569168 0.660656
vt 0.200000 0.445837
vt 0.200000 0.500000
vt 0.200000 0.438699
vt 0.200000 0.441880
vt 0.222987 0.770818
vt 0.223839 0.771990
vt 0.006900 0.701503
vt 0.008278 0.701055
vt 0.968602 0.522730
vt 0.968602 0.629150
vt 0.789104 0.629150
vt 0.789104 0.522730
vt 0.065784 0.712569
vt 0.067317 0.711455
vt 0.169111 0.744529
vt 0.169696 0.746332
vt 0.789104 0.516963
vt 0.968602 0.516963
vt 0.150000 0.407642
vt 0.100000 0.358346
vt 0.050000 0.375915
vt 0.000000 0.407642
vt 0.950000 0.438699
vt 1.000000 0.407642
vt 0.932895 0.441880
vt 0.919934 0.445837
vt 0.900000 0.500000
vt 0.666083 0.674161
vt 0.670350 0.693532
vt 0.645054 0.657017
vt 0.612255 0.648931
vt 0.569168 0.660656
vn 0.322132 -0.791763 0.518982
vn 0.052521 0.039871 0.997824
vn 0.304301 -0.164831 0.938207
vn 0.259990 -0.650076 0.714007
vn 0.580164 -0.164833 0.797646
vn 0.431636 -0.651924 0.623446
vn 0.779584 0.039224 0.625068
vn 0.209644 -0.777040 0.593513
vn -0.295283 0.043240 0.954431
vn -0.285751 0.219753 0.932768
vn 0.000001 0.203701 0.979033
vn 0.000001 0.037840 0.999284
vn 0.302538 0.203703 0.931115
vn 0.308796 0.037842 0.950375
vn 0.575461 0.203704 0.792054
vn 0.587365 0.037844 0.808437
vn 0.793982 0.202750 0.573137
vn 0.810193 0.037980 0.584932
vn 0.667826 0.168157 0.725074
vn 0.702309 0.037712 0.710872
vn 0.156901 0.981126 0.113022
vn 0.063655 0.941113 0.332046
vn 0.538982 0.482791 0.690225
vn 0.113449 0.981197 0.156147
vn 0.059642 0.981197 0.183560
vn -0.000000 0.981198 0.193006
vn 0.244498 0.404078 0.881443
vn -0.034690 0.982714 0.181853
vn 0.112064 0.013210 0.993613
vn 0.473610 -0.429506 0.768907
vn 0.044026 -0.989922 -0.134595
vn -0.000000 -0.994297 -0.106645
vn -0.032803 -0.994350 -0.100955
vn -0.062684 -0.994297 -0.086277
vn -0.114728 -0.989923 -0.083012
vn 0.068800 -0.429510 0.900438
vn 0.561365 0.111463 -0.820027
vn 0.439890 -0.000000 -0.898052
vn -0.003975 -0.000000 -0.999992
vn -0.004067 0.110657 -0.993850
vn -0.309015 0.000000 -0.951057
vn -0.307148 0.109775 -0.945309
vn -0.584566 0.000000 -0.811346
vn -0.580882 0.110655 -0.806432
vn -0.883740 0.000000 -0.467978
vn -0.936153 0.111460 -0.333457
vn 0.051270 -0.996159 0.070981
vn 0.116897 -0.940256 0.319772
vn 0.027455 -0.996046 0.084497
vn 0.000244 -0.996159 0.087558
vn 0.093387 -0.940257 0.327408
vn -0.187992 -0.946878 -0.260924
vn -0.522671 -0.851927 0.032192
vn -0.080361 -0.965593 -0.247329
vn -0.001375 -0.938293 -0.345838
vn 0.358854 -0.747032 -0.559613
vn 0.058256 -0.899670 0.432667
vn 0.386460 -0.844375 0.371051
vn 0.420140 -0.509276 0.751080
vn -0.169372 -0.100144 0.980451
vn 0.234314 -0.960860 0.147797
vn 0.093831 -0.975253 0.200191
vn -0.026883 -0.953062 0.301579
vn 0.263211 0.244966 -0.933119
vn -0.263368 0.653934 -0.709230
vn -0.293132 0.316487 -0.902169
vn -0.050715 0.178162 -0.982693
vn -0.427225 0.655794 -0.622425
vn -0.557571 0.316490 -0.767430
vn -0.902921 0.300999 -0.306812
vn -0.765206 0.178167 -0.618641
vn 0.288730 -0.112963 -0.950723
vn -0.000000 -0.122957 -0.992412
vn 0.000000 -0.012230 -0.999925
vn 0.293143 -0.006669 -0.956045
vn -0.306672 -0.122958 -0.943840
vn -0.308994 -0.012231 -0.950985
vn -0.583326 -0.122960 -0.802877
vn -0.587742 -0.012232 -0.808956
vn -0.802878 -0.122960 -0.583325
vn -0.808957 -0.012232 -0.587741
vn -0.941859 -0.123188 -0.312612
vn -0.942108 -0.012606 -0.335074
vn -0.525879 -0.735065 0.427938
vn -0.434074 -0.899549 0.048903
vn -0.324936 -0.915796 -0.236081
vn -0.236081 -0.915796 -0.324937
vn -0.124115 -0.915796 -0.381986
vn -0.000000 -0.915796 -0.401644
vn 0.525068 -0.849704 -0.048025
vn 0.101719 -0.903433 -0.416488
vn 0.625679 -0.066732 -0.777222
vn 0.021221 0.997639 -0.065311
vn 0.261979 0.851608 0.454016
vn -0.000000 0.998430 -0.056019
vn -0.017311 0.998430 -0.053277
vn -0.032927 0.998430 -0.045320
vn -0.055557 0.997639 -0.040364
vn 0.054920 0.851606 0.521297
vn 0.058371 0.043675 0.997339
vn 0.000000 0.046492 0.998919
vn 0.000000 0.000000 1.000000
vn 0.190220 -0.000000 0.981741
vn 0.308681 0.046491 0.950029
vn 0.309015 0.000000 0.951057
vn 0.587151 0.046490 0.808142
vn 0.587786 0.000000 0.809016
vn 0.538999 0.043673 0.841174
vn 0.423166 0.000000 0.906052
vn 0.014120 0.999711 0.019434
vn 0.067834 0.976663 0.203787
vn 0.007423 0.999711 0.022846
vn 0.000000 0.999711 0.024022
vn 0.064905 0.976663 0.204738
vn -0.286906 0.259887 0.922032
vn 0.045712 0.996971 0.062917
vn 0.018492 0.998208 0.056913
vn 0.000000 0.996644 0.081861
vn 0.826172 0.485898 0.285207
vn -0.626838 0.339700 -0.701197
vn -0.202728 0.448246 -0.870618
vn 0.380028 -0.903382 0.198696
vn 0.590569 -0.172898 -0.788248
vn 0.324798 0.923328 0.204870
vn 0.120772 0.958656 0.257669
vn -0.036503 0.911580 0.409498
s 1
g BrokenUrn UrnPiece20
usemtl initialShadingGroup
f 895/1444/831 897/1250/832 896/1249/833 894/1248/834
f 894/1248/834 896/1249/833 899/1252/835 898/1251/836
f 898/1251/836 899/1252/835 901/1254/837 900/1441/838
f 902/1255/839 905/1258/840 904/1257/841 903/1256/842
f 903/1259/842 904/1262/841 907/1261/843 906/1260/844
f 906/1260/844 907/1261/843 909/1264/845 908/1263/846
f 908/1263/846 909/1264/845 911/1266/847 910/1265/848
f 910/1265/848 911/1266/847 913/1424/849 912/1423/850
f 901/1254/837 916/1271/851 915/1426/852 914/1425/853
f 899/1252/835 917/1272/854 916/1271/851 901/1254/837
f 896/1249/833 918/1273/855 917/1272/854 899/1252/835
f 897/1250/832 919/1274/856 918/1273/855 896/1249/833
f 920/1445/857 921/1278/858 919/1277/856 897/1276/832
f 916/1271/851 910/1265/848 912/1423/850 915/1426/852
f 917/1272/854 908/1263/846 910/1265/848 916/1271/851
f 918/1273/855 906/1260/844 908/1263/846 917/1272/854
f 919/1274/856 903/1259/842 906/1260/844 918/1273/855
f 921/1278/858 902/1255/839 903/1256/842 919/1277/856
f 922/1428/859 924/1427/860 923/1281/861 905/1280/840
f 905/1280/840 923/1281/861 925/1284/862 904/1283/841
f 904/1283/841 925/1284/862 926/1286/863 907/1285/843
f 907/1285/843 926/1286/863 927/1288/864 909/1287/845
f 909/1287/845 927/1288/864 928/1290/865 911/1289/847
f 911/1289/847 928/1290/865 929/1430/866 913/1429/849
f 930/1432/867 933/1431/868 932/1295/869 931/1294/870
f 931/1297/870 932/1300/869 935/1299/871 934/1298/872
f 934/1298/872 935/1299/871 937/1302/873 936/1301/874
f 936/1301/874 937/1302/873 939/1434/875 938/1433/876
f 940/1305/877 936/1308/874 938/1436/876 941/1435/878
f 942/1309/879 934/1310/872 936/1308/874 940/1305/877
f 943/1311/880 931/1312/870 934/1310/872 942/1309/879
f 944/1438/881 930/1437/867 931/1312/870 943/1311/880
f 927/1288/864 940/1305/877 941/1435/878 928/1290/865
f 926/1286/863 942/1309/879 940/1305/877 927/1288/864
f 925/1284/862 943/1311/880 942/1309/879 926/1286/863
f 923/1281/861 944/1438/881 943/1311/880 925/1284/862
f 937/1302/873 946/1316/882 945/1439/883 939/1434/875
f 935/1299/871 947/1317/884 946/1316/882 937/1302/873
f 932/1300/869 948/1318/885 947/1317/884 935/1299/871
f 933/1431/868 949/1440/886 948/1319/885 932/1295/869
f 900/1441/838 901/1254/837 914/1425/853
f 950/1442/887 898/1251/836 900/1441/838
f 951/1443/888 894/1248/834 898/1251/836 950/1442/887
f 895/1444/831 894/1248/834 951/1443/888
f 920/1445/857 897/1276/832 895/1446/831
f 952/1447/889 921/1278/858 920/1445/857
f 953/1448/890 902/1255/839 921/1278/858 952/1447/889
f 922/1449/859 905/1258/840 902/1255/839 953/1448/890
f 924/1427/860 944/1438/881 923/1281/861
f 949/1451/886 954/1450/891 948/1328/885
f 948/1328/885 954/1450/891 955/1452/892 947/1330/884
f 947/1330/884 955/1452/892 956/1453/893 946/1332/882
f 946/1332/882 956/1453/893 945/1454/883
f 928/1290/865 941/1435/878 929/1430/866
f 832/1335/894 833/1336/895 852/1337/896 853/1338/897
f 833/1336/895 834/1339/898 851/1340/899 852/1337/896
f 834/1339/898 835/1341/900 850/1342/901 851/1340/899
f 836/1343/902 837/1344/903 844/1345/904 843/1346/905
f 837/1347/903 838/1348/906 845/1349/907 844/1350/904
f 838/1348/906 839/1351/908 846/1352/909 845/1349/907
f 839/1351/908 840/1353/910 847/1354/911 846/1352/909
f 840/1353/910 841/1355/912 848/1356/913 847/1354/911
f 850/1342/901 849/1357/914 855/1358/915 856/1359/916
f 851/1340/899 850/1342/901 856/1359/916 857/1360/917
f 852/1337/896 851/1340/899 857/1360/917 858/1361/918
f 853/1338/897 852/1337/896 858/1361/918 859/1362/919
f 854/1363/920 853/1364/897 859/1365/919 860/1366/921
f 856/1359/916 855/1358/915 841/1355/912 840/1353/910
f 857/1360/917 856/1359/916 840/1353/910 839/1351/908
f 858/1361/918 857/1360/917 839/1351/908 838/1348/906
f 859/1362/919 858/1361/918 838/1348/906 837/1347/903
f 860/1366/921 859/1365/919 837/1344/903 836/1343/902
f 842/1367/922 843/1368/905 881/1369/923 882/1370/924
f 843/1368/905 844/1371/904 880/1372/925 881/1369/923
f 844/1371/904 845/1373/907 879/1374/926 880/1372/925
f 845/1373/907 846/1375/909 878/1376/927 879/1374/926
f 846/1375/909 847/1377/911 877/1378/928 878/1376/927
f 847/1377/911 848/1379/913 876/1380/929 877/1378/928
f 861/1381/930 862/1382/931 886/1383/932 887/1384/933
f 862/1385/931 863/1386/934 885/1387/935 886/1388/932
f 863/1386/934 864/1389/936 884/1390/937 885/1387/935
f 864/1389/936 865/1391/938 883/1392/939 884/1390/937
f 872/1393/940 871/1394/941 865/1395/938 864/1396/936
f 873/1397/942 872/1393/940 864/1396/936 863/1398/934
f 874/1399/943 873/1397/942 863/1398/934 862/1400/931
f 875/1401/944 874/1399/943 862/1400/931 861/1402/930
f 878/1376/927 877/1378/928 871/1394/941 872/1393/940
f 879/1374/926 878/1376/927 872/1393/940 873/1397/942
f 880/1372/925 879/1374/926 873/1397/942 874/1399/943
f 881/1369/923 880/1372/925 874/1399/943 875/1401/944
f 884/1390/937 883/1392/939 870/1403/945 869/1404/946
f 885/1387/935 884/1390/937 869/1404/946 868/1405/947
f 886/1388/932 885/1387/935 868/1405/947 867/1406/948
f 887/1384/933 886/1383/932 867/1407/948 866/1408/949
f 835/1341/900 849/1357/914 850/1342/901
f 831/1409/950 835/1341/900 834/1339/898
f 888/1410/951 831/1409/950 834/1339/898 833/1336/895
f 832/1335/894 888/1410/951 833/1336/895
f 854/1363/920 832/1411/894 853/1364/897
f 889/1412/952 854/1363/920 860/1366/921
f 890/1413/953 889/1412/952 860/1366/921 836/1343/902
f 842/1414/922 890/1413/953 836/1343/902 843/1346/905
f 882/1370/924 881/1369/923 875/1401/944
f 866/1415/949 867/1416/948 891/1417/954
f 867/1416/948 868/1418/947 892/1419/955 891/1417/954
f 868/1418/947 869/1420/946 893/1421/956 892/1419/955
f 869/1420/946 870/1422/945 893/1421/956
f 877/1378/928 876/1380/929 871/1394/941
f 841/1267/912 912/1423/850 913/1424/849 848/1268/913
f 849/1269/914 914/1425/853 915/1426/852 855/1270/915
f 855/1270/915 915/1426/852 912/1423/850 841/1267/912
f 882/1282/924 924/1427/860 922/1428/859 842/1279/922
f 848/1291/913 913/1429/849 929/1430/866 876/1292/929
f 887/1296/933 933/1431/868 930/1432/867 861/1293/930
f 865/1303/938 938/1433/876 939/1434/875 883/1304/939
f 871/1306/941 941/1435/878 938/1436/876 865/1307/938
f 861/1314/930 930/1437/867 944/1438/881 875/1313/944
f 883/1304/939 939/1434/875 945/1439/883 870/1315/945
f 866/1320/949 949/1440/886 933/1431/868 887/1296/933
f 835/1253/900 900/1441/838 914/1425/853 849/1269/914
f 831/1321/950 950/1442/887 900/1441/838 835/1253/900
f 888/1322/951 951/1443/888 950/1442/887 831/1321/950
f 832/1247/894 895/1444/831 951/1443/888 888/1322/951
f 854/1275/920 920/1445/857 895/1446/831 832/1323/894
f 889/1324/952 952/1447/889 920/1445/857 854/1275/920
f 890/1325/953 953/1448/890 952/1447/889 889/1324/952
f 842/1326/922 922/1449/859 953/1448/890 890/1325/953
f 875/1313/944 944/1438/881 924/1427/860 882/1282/924
f 891/1329/954 954/1450/891 949/1451/886 866/1327/949
f 892/1331/955 955/1452/892 954/1450/891 891/1329/954
f 893/1333/956 956/1453/893 955/1452/892 892/1331/955
f 870/1334/945 945/1454/883 956/1453/893 893/1333/956
f 876/1292/929 929/1430/866 941/1435/878 871/1306/941
