# This file uses centimeters as units for non-parametric coordinates.

v 0.103788 0.831462 0.708947
v -0.011546 0.821030 0.732985
v -0.031500 0.870502 0.838545
v 0.071502 0.911509 0.879746
v 0.155114 0.887381 0.799651
v 0.019410 1.262307 0.491077
v -0.095923 1.251875 0.515115
v -0.115877 1.301347 0.620675
v -0.012875 1.342354 0.661877
v 0.070737 1.318226 0.581781
v -0.045886 1.392137 0.525097
v 0.113815 0.800289 0.725452
v 0.011106 0.758482 0.766581
v -0.008848 0.807953 0.872140
v 0.081529 0.880336 0.896251
v 0.157339 0.875598 0.805593
v 0.384382 0.379771 0.973676
v 0.281674 0.337964 1.014805
v 0.261720 0.387436 1.120365
v 0.352097 0.459818 1.144476
v 0.427906 0.455081 1.053817
v 0.382700 0.374209 1.011564
v 0.314096 0.346284 1.039036
v 0.300768 0.379328 1.109544
v 0.361135 0.427675 1.125649
v 0.411772 0.424511 1.065094
v 0.454522 0.263389 1.045635
v 0.371452 0.232463 1.083789
v 0.443714 0.248795 1.153483
v 0.352272 0.280016 1.185256
v 0.423488 0.340333 1.209812
v 0.486682 0.330057 1.123521
vt 0.843958 0.920134
vt 0.880064 0.920134
vt 0.880064 0.949523
vt 0.843958 0.949523
vt 0.843958 0.915642
vt 0.880064 0.915642
vt 0.843958 0.882897
vt 0.880064 0.882897
vt 0.729577 0.971181
vt 0.723393 0.955789
vt 0.739584 0.957854
vt 0.739584 0.946276
vt 0.749591 0.971181
vt 0.755775 0.955789
vt 0.746538 0.974578
vt 0.732631 0.974578
vt 0.749994 0.980577
vt 0.729174 0.980577
vt 0.452732 0.984106
vt 0.433143 0.977706
vt 0.449337 0.967350
vt 0.433143 0.956995
vt 0.464839 0.967350
vt 0.452732 0.950594
vt 0.964524 0.191327
vt 0.981706 0.185588
vt 0.981351 0.190577
vt 0.969875 0.194410
vt 0.992324 0.200612
vt 0.988444 0.200612
vt 0.981706 0.215636
vt 0.981351 0.210648
vt 0.964524 0.209898
vt 0.969875 0.206814
vt 0.989155 0.460384
vt 0.977920 0.444489
vt 0.986286 0.437510
vt 0.999726 0.460384
vt 0.977920 0.476279
vt 0.986286 0.483258
vt 0.773925 0.423370
vt 0.773155 0.460437
vt 0.741255 0.443449
vt 0.742025 0.406383
vt 0.776325 0.423361
vt 0.778029 0.459619
vt 0.774400 0.400461
vt 0.742501 0.383474
vt 0.775271 0.400952
vt 0.811867 0.380525
vt 0.813572 0.416783
vt 0.067210 0.923959
vt 0.066440 0.886892
vt 0.098340 0.869905
vt 0.099110 0.906971
vt 0.062335 0.923141
vt 0.064040 0.886883
vt 0.065964 0.863983
vt 0.097864 0.846996
vt 0.026792 0.880305
vt 0.028497 0.844047
vt 0.065093 0.864474
vt 0.635166 0.761733
vt 0.634085 0.738739
vt 0.642111 0.728155
vt 0.643404 0.755664
vt 0.991704 0.653849
vt 0.990623 0.676844
vt 0.982386 0.670774
vt 0.983679 0.643266
vt 0.327952 0.635847
vt 0.326866 0.668509
vt 0.290250 0.668509
vt 0.291336 0.635847
vt 0.326866 0.603184
vt 0.290250 0.603184
vn 0.439913 -0.336091 -0.832778
vn -0.694536 -0.439606 -0.569532
vn -0.696367 -0.368249 -0.616008
vn 0.447177 -0.264818 -0.854344
vn -0.888557 0.041438 0.456891
vn -0.894209 0.122267 0.430628
vn 0.116647 0.465394 0.877383
vn 0.127061 0.528854 0.839147
vn 0.969878 0.231866 0.074666
vn 0.956083 0.289622 0.044990
vn -0.565325 -0.721166 -0.400410
vn 0.471544 -0.290851 -0.832497
vn 0.483823 -0.753756 0.444711
vn -0.755509 -0.249636 0.605713
vn 0.152947 0.499058 0.852964
vn 0.909114 0.415908 -0.023073
vn -0.172158 0.879067 -0.444526
vn 0.407270 -0.256336 -0.876597
vn -0.613093 -0.642193 -0.460114
vn -0.807392 -0.160461 0.567777
vn 0.083921 0.545351 0.833996
vn 0.864270 0.498123 -0.070080
vn 0.440116 -0.265441 -0.857811
vn -0.578399 -0.682217 -0.447252
vn -0.776448 -0.191186 0.600480
vn 0.119269 0.530041 0.839543
vn 0.872364 0.484866 -0.062337
vn 0.520353 -0.312452 -0.794736
vn -0.537150 -0.771589 -0.340764
vn -0.718092 -0.322972 0.616468
vn 0.207300 0.463712 0.861393
vn 0.918761 0.394654 -0.011289
s 1
g pCylinder5 Grandma
f 1/41/1 2/42/2 7/43/3 6/44/4
f 2/1/2 3/2/5 8/3/6 7/4/3
f 3/52/5 4/53/7 9/54/8 8/55/6
f 4/53/7 5/58/9 10/59/10 9/54/8
f 5/47/9 1/41/1 6/44/4 10/48/10
f 28/9/11 27/10/12 29/11/13
f 30/13/14 28/9/11 29/11/13
f 31/14/15 30/13/14 29/11/13
f 32/12/16 31/14/15 29/11/13
f 27/10/12 32/12/16 29/11/13
f 6/19/4 7/20/3 11/21/17
f 7/20/3 8/22/6 11/21/17
f 8/22/6 9/24/8 11/21/17
f 9/24/8 10/23/10 11/21/17
f 10/23/10 6/19/4 11/21/17
f 2/42/2 1/41/1 12/45/18 13/46/19
f 3/2/5 2/1/2 13/5/19 14/6/20
f 4/53/7 3/52/5 14/56/20 15/57/21
f 5/58/9 4/53/7 15/57/21 16/62/22
f 1/41/1 5/47/9 16/49/22 12/45/18
f 13/46/19 12/45/18 17/50/23 18/51/24
f 14/6/20 13/5/19 18/7/24 19/8/25
f 15/57/21 14/56/20 19/60/25 20/61/26
f 16/71/22 15/72/21 20/73/26 21/74/27
f 12/75/18 16/71/22 21/74/27 17/76/23
f 18/25/24 17/26/23 22/27/28 23/28/29
f 19/17/25 18/18/24 23/16/29 24/15/30
f 20/31/26 19/33/25 24/34/30 25/32/31
f 21/29/27 20/31/26 25/32/31 26/30/32
f 17/26/23 21/29/27 26/30/32 22/27/28
f 23/63/29 22/64/28 27/65/12 28/66/11
f 24/15/30 23/16/29 28/9/11 30/13/14
f 25/67/31 24/68/30 30/69/14 31/70/15
f 26/35/32 25/36/31 31/37/15 32/38/16
f 22/39/28 26/35/32 32/38/16 27/40/12
v -0.371819 2.227404 -0.294990
v 0.591563 1.835956 -0.376817
v -0.321749 2.599727 -0.246010
v 0.553903 2.506879 -0.339158
v 0.563482 2.597133 0.139845
v -0.327166 2.594900 0.139845
v -0.292791 1.712731 0.139845
v 0.649088 1.784087 0.139845
v 0.563482 2.598630 -0.029959
v -0.327164 2.600182 -0.029959
v -0.291407 1.775028 0.032908
v 0.649088 1.794413 -0.048789
v 0.563482 2.602257 -0.199764
v -0.327650 2.614558 -0.191915
v -0.404563 1.954567 -0.155083
v 0.649088 1.819390 -0.237424
v -0.158368 2.732903 0.139845
v -0.158368 2.732903 -0.026821
v -0.158734 2.732903 -0.193488
v -0.180116 2.616918 -0.299239
v -0.246055 2.004307 -0.238058
v -0.199370 1.670270 -0.093840
v -0.217482 1.437228 -0.021171
v -0.230041 1.230967 0.139845
v -0.015353 2.732903 0.139845
v -0.015353 2.732903 -0.026821
v -0.015353 2.732903 -0.193488
v -0.028840 2.608426 -0.348736
v -0.103706 1.862758 -0.322254
v -0.058292 1.641174 -0.107717
v -0.069628 1.332217 -0.016777
v -0.082968 1.166305 0.139845
v 0.107954 2.732903 0.139845
v 0.107954 2.732903 -0.026821
v 0.107954 2.732903 -0.193488
v 0.103743 2.607936 -0.348736
v 0.077940 1.850940 -0.327584
v 0.071975 1.666478 -0.119396
v 0.090033 1.442120 -0.021171
v 0.085706 1.321550 0.139845
v 0.245907 2.732903 0.139845
v 0.245907 2.732903 -0.026821
v 0.245907 2.732903 -0.193488
v 0.248503 2.607522 -0.348736
v 0.264007 1.852467 -0.389609
v 0.255603 1.699355 -0.222413
v 0.191454 1.631243 -0.047534
v 0.177733 1.631242 0.139845
v 0.408318 2.732903 0.139845
v 0.408318 2.732903 -0.026821
v 0.408318 2.732903 -0.193488
v 0.414584 2.606730 -0.348736
v 0.452180 1.846408 -0.402087
v 0.456558 1.711113 -0.243847
v 0.445215 1.665548 -0.051927
v 0.442972 1.627656 0.139845
v -0.083804 2.732903 0.139845
v -0.083804 2.732903 -0.026821
v -0.015353 2.732903 0.056512
v -0.083804 2.732903 -0.193488
v -0.015353 2.732903 -0.110155
v -0.101535 2.608581 -0.347241
v -0.015353 2.732903 -0.276821
v -0.175478 1.916308 -0.279462
v -0.069299 2.234996 -0.397814
v -0.143812 1.626747 -0.113356
v -0.115172 1.705293 -0.212745
v -0.140876 1.360901 -0.016777
v -0.031993 1.478723 -0.060224
v -0.160770 1.160255 0.139845
v -0.076514 1.216439 0.054561
v 0.046715 2.732903 0.139845
v 0.046715 2.732903 -0.026821
v 0.107954 2.732903 0.056512
v 0.046715 2.732903 -0.193488
v 0.107954 2.732903 -0.110155
v 0.037938 2.608186 -0.348736
v 0.107954 2.732903 -0.276821
v -0.015477 1.849500 -0.325442
v 0.091112 2.233035 -0.397814
v -0.018612 1.653391 -0.106620
v 0.072106 1.704393 -0.226972
v 0.014048 1.366320 -0.016777
v 0.082156 1.552460 -0.071173
v 0.007770 1.223283 0.139845
v 0.088494 1.357421 0.053236
v 0.173915 2.732903 0.139845
v 0.173915 2.732903 -0.026821
v 0.245907 2.732903 0.056512
v 0.173915 2.732903 -0.193488
v 0.245907 2.732903 -0.110155
v 0.173524 2.607752 -0.348736
v 0.245907 2.732903 -0.276821
v 0.170895 1.852378 -0.351162
v 0.256290 2.231382 -0.397814
v 0.164104 1.671929 -0.167514
v 0.266390 1.718763 -0.324755
v 0.134545 1.538527 -0.034352
v 0.223808 1.667632 -0.134171
v 0.124506 1.451464 0.139845
v 0.178992 1.631242 0.045284
v 0.325236 2.732903 0.139845
v 0.325236 2.732903 -0.026821
v 0.325236 2.732903 -0.193488
v 0.329901 2.607137 -0.348736
v 0.357894 1.849859 -0.402087
v 0.355040 1.701838 -0.243700
v 0.309633 1.657655 -0.051928
v 0.300664 1.628267 0.139845
v 0.546487 1.843964 -0.402087
v 0.590157 2.224349 -0.375411
v 0.499413 2.606436 -0.348736
v 0.433382 2.228213 -0.397814
v 0.563482 2.604225 -0.284667
v 0.491567 2.732903 -0.193488
v 0.408318 2.732903 -0.276821
v 0.555133 1.707076 -0.243809
v 0.649088 1.832910 -0.331741
v 0.459015 1.740137 -0.336298
v 0.632358 2.210319 -0.218594
v -0.404216 2.118294 -0.234421
v -0.370642 2.433258 -0.275214
v -0.329118 2.640819 -0.228151
v -0.420290 2.259525 -0.218594
v 0.491567 2.732903 0.139845
v -0.422522 2.180892 0.139845
v 0.554333 1.630702 0.139845
v 0.621462 2.189823 0.139845
v 0.491567 2.732903 -0.026821
v 0.563482 2.597536 0.054943
v 0.408318 2.732903 0.056512
v -0.289600 1.733634 0.085871
v -0.424066 2.202019 -0.039374
v -0.327165 2.596679 0.054943
v 0.649088 1.786871 0.045528
v 0.558158 1.664397 -0.051928
v 0.443117 1.632199 0.043959
v 0.623969 2.195812 -0.003723
v 0.563482 2.600298 -0.114862
v 0.408318 2.732903 -0.110155
v -0.306211 1.815109 -0.018031
v -0.327162 2.603577 -0.114862
v 0.649088 1.805906 -0.143107
v 0.450352 1.680273 -0.151712
v -0.238779 2.732903 0.139845
v -0.238779 2.732903 -0.026821
v -0.158368 2.732903 0.056512
v -0.240240 2.732903 -0.193488
v -0.158368 2.732903 -0.110155
v -0.264550 2.641706 -0.253726
v -0.159830 2.732903 -0.273223
v -0.315294 2.155797 -0.243108
v -0.237937 2.269189 -0.374038
v -0.281106 1.752732 -0.103446
v -0.251488 1.842672 -0.158991
v -0.257955 1.541573 0.038737
v -0.193796 1.574992 -0.039163
v -0.267298 1.399392 0.139845
v -0.221965 1.301417 0.053236
v 0.522950 2.227036 -0.397814
v 0.491567 2.732903 -0.276821
v 0.554920 1.736726 -0.336178
v 0.612560 2.218193 -0.308204
v -0.404241 2.364569 -0.273206
v 0.491567 2.732903 0.056512
v -0.422292 2.188007 0.050236
v 0.554333 1.633768 0.043959
v 0.641340 2.191437 0.068061
v 0.491567 2.732903 -0.110155
v -0.425644 2.215600 -0.128984
v 0.557797 1.677392 -0.151428
v 0.651843 2.202483 -0.128984
v -0.238779 2.732903 0.056512
v -0.238779 2.732903 -0.110155
v -0.244625 2.732903 -0.254890
v -0.312635 2.368118 -0.293260
v -0.335911 1.952867 -0.179188
v -0.217574 1.628984 0.019772
v -0.259647 1.447804 0.087268
v -0.083804 2.732903 0.056512
v -0.083804 2.732903 -0.110155
v -0.083804 2.732903 -0.276821
v -0.154730 2.235615 -0.397814
v -0.181538 1.763832 -0.179908
v -0.108915 1.506164 -0.060224
v -0.150928 1.225470 0.054561
v 0.046715 2.732903 0.056512
v 0.046715 2.732903 -0.110155
v 0.046715 2.732903 -0.276821
v 0.011605 2.234035 -0.397814
v -0.026502 1.693629 -0.218406
v 0.003309 1.500828 -0.060224
v 0.011745 1.265324 0.054561
v 0.173915 2.732903 0.056512
v 0.173915 2.732903 -0.110155
v 0.173915 2.732903 -0.276821
v 0.172351 2.232298 -0.397814
v 0.169655 1.713826 -0.269352
v 0.149717 1.613599 -0.101616
v 0.126642 1.478031 0.049260
v 0.325236 2.732903 0.056512
v 0.325236 2.732903 -0.110155
v 0.325236 2.732903 -0.276821
v 0.343898 2.229841 -0.397814
v 0.362560 1.716037 -0.339587
v 0.332482 1.680729 -0.147814
v 0.301244 1.637565 0.043959
v -0.376272 2.218776 0.577721
v 0.591563 1.835956 0.656508
v -0.321749 2.599727 0.525701
v 0.553903 2.506879 0.618849
v 0.563482 2.598630 0.309650
v -0.327164 2.600182 0.309650
v -0.281246 1.794716 0.237650
v 0.649088 1.794413 0.328480
v 0.563482 2.602257 0.479455
v -0.327650 2.614558 0.471606
v -0.387664 1.987309 0.382874
v 0.649088 1.819390 0.517115
v -0.158368 2.732903 0.306512
v -0.158734 2.732903 0.473179
v -0.180116 2.616918 0.578930
v -0.273192 1.951730 0.582766
v -0.169145 1.673890 0.341717
v -0.217482 1.437228 0.300862
v -0.015353 2.732903 0.306512
v -0.015353 2.732903 0.473179
v -0.028840 2.608426 0.628427
v -0.110547 1.849504 0.622565
v -0.058292 1.641174 0.387408
v -0.069628 1.332217 0.296468
v 0.107954 2.732903 0.306512
v 0.107954 2.732903 0.473179
v 0.103743 2.607936 0.628427
v 0.077940 1.850940 0.607275
v 0.071975 1.666478 0.399087
v 0.090033 1.442120 0.300862
v 0.245907 2.732903 0.306512
v 0.245907 2.732903 0.473179
v 0.248503 2.607522 0.628427
v 0.264007 1.852467 0.669299
v 0.255603 1.699355 0.502104
v 0.191454 1.631243 0.327225
v 0.408318 2.732903 0.306512
v 0.408318 2.732903 0.473179
v 0.414584 2.606730 0.628427
v 0.452180 1.846408 0.681778
v 0.456568 1.699457 0.522720
v 0.445215 1.665548 0.331618
v -0.083804 2.732903 0.306512
v -0.015353 2.732903 0.223179
v -0.083804 2.732903 0.473179
v -0.015353 2.732903 0.389845
v -0.101535 2.608581 0.626932
v -0.015353 2.732903 0.556512
v -0.201931 1.865056 0.630519
v -0.069299 2.234996 0.677505
v -0.133655 1.648986 0.374493
v -0.121322 1.693378 0.505456
v -0.140876 1.360901 0.296468
v -0.031993 1.478723 0.339915
v -0.076514 1.216439 0.225130
v 0.046715 2.732903 0.306512
v 0.107954 2.732903 0.223179
v 0.046715 2.732903 0.473179
v 0.107954 2.732903 0.389845
v 0.037938 2.608186 0.628427
v 0.107954 2.732903 0.556512
v -0.015477 1.849500 0.605133
v 0.091112 2.233035 0.677505
v -0.018612 1.653391 0.386311
v 0.072106 1.704393 0.506663
v 0.014048 1.366320 0.296468
v 0.082156 1.552460 0.350864
v 0.088494 1.357421 0.226455
v 0.173915 2.732903 0.306512
v 0.245907 2.732903 0.223179
v 0.173915 2.732903 0.473179
v 0.245907 2.732903 0.389845
v 0.173524 2.607752 0.628427
v 0.245907 2.732903 0.556512
v 0.170895 1.852378 0.630853
v 0.256290 2.231382 0.677505
v 0.164104 1.671929 0.447205
v 0.266390 1.718763 0.604446
v 0.134545 1.538527 0.314043
v 0.223808 1.661062 0.413995
v 0.178992 1.631242 0.234407
v 0.325236 2.732903 0.306512
v 0.325236 2.732903 0.473179
v 0.329901 2.607137 0.628427
v 0.357894 1.849859 0.681778
v 0.355040 1.701838 0.523391
v 0.309633 1.657655 0.331618
v 0.546487 1.843964 0.681778
v 0.590157 2.224349 0.655102
v 0.499413 2.606436 0.628427
v 0.433382 2.228213 0.677505
v 0.563482 2.604225 0.564358
v 0.491567 2.732903 0.473179
v 0.408318 2.732903 0.556512
v 0.555121 1.694922 0.522745
v 0.649088 1.832910 0.611432
v 0.458636 1.718131 0.617813
v 0.632358 2.210319 0.498285
v -0.387149 2.151362 0.452453
v -0.370642 2.433258 0.554905
v -0.329118 2.640819 0.507842
v -0.419192 2.261653 0.495511
v 0.491567 2.732903 0.306512
v 0.563482 2.597536 0.224748
v 0.408318 2.732903 0.223179
v -0.287534 1.737637 0.192640
v -0.424066 2.202019 0.319065
v -0.327165 2.596679 0.224748
v 0.649088 1.786871 0.234163
v 0.558158 1.664397 0.331618
v 0.443117 1.632199 0.235732
v 0.623969 2.195812 0.283414
v 0.563482 2.600298 0.394553
v 0.408318 2.732903 0.389845
v -0.289618 1.847256 0.277674
v -0.327162 2.603577 0.394553
v 0.649088 1.805906 0.422797
v 0.450740 1.678965 0.427723
v -0.238779 2.732903 0.306512
v -0.158368 2.732903 0.223179
v -0.240240 2.732903 0.473179
v -0.158368 2.732903 0.389845
v -0.264550 2.641706 0.533417
v -0.159830 2.732903 0.552914
v -0.332361 2.122730 0.555549
v -0.238053 2.268965 0.654086
v -0.251704 1.809697 0.321841
v -0.280890 1.785706 0.492364
v -0.257810 1.541854 0.240827
v -0.187867 1.586478 0.310769
v -0.221965 1.301417 0.226455
v 0.522950 2.227036 0.677505
v 0.491567 2.732903 0.556512
v 0.554523 1.714241 0.617812
v 0.612560 2.218193 0.587895
v -0.404241 2.364569 0.552897
v 0.491567 2.732903 0.223179
v -0.422292 2.188007 0.229455
v 0.554333 1.633768 0.235732
v 0.641340 2.191437 0.211630
v 0.491567 2.732903 0.389845
v -0.425644 2.215600 0.408675
v 0.558169 1.675558 0.427676
v 0.651843 2.202483 0.408675
v -0.238779 2.732903 0.223179
v -0.238779 2.732903 0.389845
v -0.244625 2.732903 0.534581
v -0.312635 2.368118 0.572951
v -0.335911 1.952867 0.437745
v -0.210820 1.642071 0.253250
v -0.259647 1.447804 0.192423
v -0.083804 2.732903 0.223179
v -0.083804 2.732903 0.389845
v -0.083804 2.732903 0.556512
v -0.154730 2.235615 0.677505
v -0.198597 1.730781 0.487630
v -0.108915 1.506164 0.339915
v -0.150928 1.225470 0.225130
v 0.046715 2.732903 0.223179
v 0.046715 2.732903 0.389845
v 0.046715 2.732903 0.556512
v 0.011605 2.234035 0.677505
v -0.026502 1.693629 0.498097
v 0.003309 1.500828 0.339915
v 0.011745 1.265324 0.225130
v 0.173915 2.732903 0.223179
v 0.173915 2.732903 0.389845
v 0.173915 2.732903 0.556512
v 0.172351 2.232298 0.677505
v 0.169655 1.713826 0.549042
v 0.149717 1.613599 0.381307
v 0.126642 1.478031 0.230431
v 0.325236 2.732903 0.223179
v 0.325236 2.732903 0.389845
v 0.325236 2.732903 0.556512
v 0.343898 2.229841 0.677505
v 0.362560 1.716037 0.619278
v 0.332482 1.680729 0.427505
v 0.301244 1.637565 0.235732
v 0.496814 -0.000000 -0.303041
v 0.126713 0.001126 -0.538696
v -0.415929 0.007880 -0.456854
v -0.697319 0.009006 -0.095810
v -0.697319 0.009006 0.375500
v -0.415929 0.007880 0.736545
v 0.126713 0.001126 0.818387
v 0.496813 0.000000 0.582732
v 0.632725 0.000000 0.139845
v 0.362882 0.598380 -0.257073
v 0.094022 0.605509 -0.468269
v -0.368677 0.646786 -0.394921
v -0.576889 0.653915 -0.071350
v -0.576889 0.653915 0.351041
v -0.368677 0.646786 0.674612
v 0.094022 0.605509 0.747960
v 0.362882 0.598380 0.536764
v 0.455798 0.598380 0.139845
v 0.033035 0.000000 0.139845
v 0.034633 0.688691 0.139845
v -0.146086 0.626898 0.761461
v 0.349311 0.000000 0.750420
v 0.474014 0.345236 0.609252
v 0.261300 0.598380 0.686485
v 0.610941 0.000000 0.380980
v 0.601916 0.345236 0.139845
v 0.439512 0.598380 0.355730
v 0.610941 0.000000 -0.101289
v 0.439513 0.598380 -0.076039
v 0.355923 0.000000 -0.152162
v 0.102014 0.000000 -0.307536
v -0.255635 0.000000 -0.253575
v -0.448693 0.000000 -0.015528
v -0.448693 0.000000 0.295219
v -0.255635 0.000000 0.533266
v 0.102013 0.000000 0.587226
v 0.355923 0.000000 0.431853
v 0.449155 0.000000 0.139845
v 0.074892 0.688765 -0.244362
v 0.238774 0.682761 -0.110928
v -0.209843 0.718784 -0.198021
v -0.338045 0.724788 0.006412
v -0.338045 0.724788 0.273279
v -0.209843 0.718784 0.477712
v 0.074892 0.688765 0.524053
v 0.238774 0.682761 0.390619
v 0.293438 0.682761 0.139845
v 0.349311 0.000000 -0.470729
v 0.117673 0.349739 -0.579327
v 0.261300 0.598380 -0.406794
v 0.474014 0.345236 -0.329561
v -0.155370 0.004503 -0.554475
v -0.445490 0.376756 -0.492584
v -0.146086 0.626898 -0.481771
v -0.611703 0.009006 -0.313340
v -0.718349 0.381259 -0.109921
v -0.520541 0.655416 -0.265886
v -0.750913 0.009006 0.139845
v -0.718349 0.381259 0.389611
v -0.615365 0.655416 0.139845
v -0.611703 0.009006 0.593031
v -0.445490 0.376756 0.772275
v -0.520541 0.655416 0.545576
v -0.155370 0.004503 0.834166
v 0.117673 0.349739 0.859018
v 0.328041 0.345236 -0.491363
v -0.169451 0.363248 -0.577938
v -0.622607 0.381259 -0.328654
v -0.750263 0.381259 0.139845
v -0.622607 0.381259 0.608345
v -0.169451 0.363248 0.857629
v 0.328040 0.345236 0.771054
v 0.567954 0.345236 0.389129
v 0.567954 0.345236 -0.109438
v 0.279964 0.000000 -0.312927
v -0.100343 0.000000 -0.375029
v -0.443387 0.000000 -0.196215
v -0.550684 0.000000 0.139845
v -0.443387 0.000000 0.475906
v -0.100343 0.000000 0.654720
v 0.279964 0.000000 0.592618
v 0.481616 0.000000 0.318659
v 0.481616 0.000000 -0.038969
v 0.194237 0.682761 -0.248992
v -0.088777 0.706776 -0.302325
v -0.349942 0.730792 -0.148761
v -0.412853 0.730792 0.139845
v -0.349942 0.730792 0.428452
v -0.088777 0.706776 0.582016
v 0.194237 0.682761 0.528683
v 0.312470 0.682761 0.293410
v 0.312471 0.682761 -0.013719
v -0.705850 2.542885 0.114698
v -0.712342 2.546144 0.092013
v -0.722453 2.551219 0.074009
v -0.735195 2.557615 0.062450
v -0.749318 2.564705 0.058467
v -0.763442 2.571795 0.062450
v -0.776183 2.578191 0.074009
v -0.786294 2.583267 0.092013
v -0.792786 2.586525 0.114698
v -0.795023 2.587648 0.139845
v -0.792786 2.586525 0.164993
v -0.786294 2.583267 0.187678
v -0.776183 2.578191 0.205682
v -0.763442 2.571795 0.217240
v -0.749318 2.564705 0.221223
v -0.735195 2.557615 0.217240
v -0.722453 2.551219 0.205682
v -0.712342 2.546144 0.187678
v -0.705850 2.542885 0.164993
v -0.703613 2.541762 0.139845
v -0.658080 2.532304 0.090170
v -0.670904 2.538742 0.045358
v -0.690878 2.548768 0.009794
v -0.716046 2.561403 -0.013039
v -0.743946 2.575408 -0.020907
v -0.771845 2.589413 -0.013039
v -0.797014 2.602047 0.009794
v -0.816987 2.612074 0.045358
v -0.829811 2.618511 0.090170
v -0.834230 2.620729 0.139845
v -0.829811 2.618511 0.189521
v -0.816987 2.612074 0.234333
v -0.797014 2.602047 0.269897
v -0.771845 2.589413 0.292730
v -0.743946 2.575408 0.300598
v -0.716046 2.561403 0.292730
v -0.690878 2.548768 0.269897
v -0.670904 2.538742 0.234333
v -0.658080 2.532304 0.189521
v -0.653661 2.530086 0.139845
v -0.608989 2.529627 0.066865
v -0.627829 2.539085 0.001029
v -0.657174 2.553815 -0.051219
v -0.694150 2.572377 -0.084764
v -0.735138 2.592952 -0.096323
v -0.776127 2.613528 -0.084764
v -0.813103 2.632090 -0.051219
v -0.842447 2.646820 0.001029
v -0.861288 2.656278 0.066866
v -0.867780 2.659537 0.139845
v -0.861288 2.656278 0.212825
v -0.842447 2.646820 0.278662
v -0.813103 2.632090 0.330909
v -0.776127 2.613528 0.364455
v -0.735138 2.592952 0.376013
v -0.694150 2.572377 0.364455
v -0.657174 2.553815 0.330909
v -0.627830 2.539085 0.278662
v -0.608989 2.529627 0.212825
v -0.602497 2.526368 0.139845
v -0.559787 2.534919 0.045358
v -0.584180 2.547164 -0.039881
v -0.622172 2.566236 -0.107527
v -0.670046 2.590268 -0.150958
v -0.723114 2.616907 -0.165923
v -0.776182 2.643547 -0.150958
v -0.824055 2.667578 -0.107527
v -0.862047 2.686650 -0.039881
v -0.886440 2.698895 0.045358
v -0.894845 2.703114 0.139845
v -0.886440 2.698895 0.234333
v -0.862047 2.686650 0.319572
v -0.824055 2.667578 0.387218
v -0.776182 2.643547 0.430649
v -0.723114 2.616907 0.445614
v -0.670046 2.590268 0.430649
v -0.622172 2.566236 0.387218
v -0.584180 2.547164 0.319572
v -0.559787 2.534919 0.234333
v -0.551382 2.530700 0.139845
v -0.511685 2.548050 0.026177
v -0.541029 2.562781 -0.076366
v -0.586734 2.585724 -0.157744
v -0.644326 2.614635 -0.209992
v -0.708167 2.646682 -0.227995
v -0.772008 2.678729 -0.209992
v -0.829599 2.707639 -0.157744
v -0.875305 2.730583 -0.076366
v -0.904649 2.745313 0.026177
v -0.914760 2.750389 0.139845
v -0.904649 2.745313 0.253514
v -0.875305 2.730583 0.356057
v -0.829599 2.707639 0.437435
v -0.772008 2.678729 0.489682
v -0.708167 2.646682 0.507686
v -0.644326 2.614635 0.489682
v -0.586734 2.585724 0.437434
v -0.541029 2.562781 0.356057
v -0.511685 2.548050 0.253514
v -0.501574 2.542975 0.139845
v -0.465867 2.568697 0.009794
v -0.499441 2.585551 -0.107527
v -0.551733 2.611801 -0.200633
v -0.617625 2.644878 -0.260411
v -0.690667 2.681544 -0.281009
v -0.763709 2.718210 -0.260411
v -0.829601 2.751287 -0.200633
v -0.881893 2.777537 -0.107527
v -0.915466 2.794390 0.009794
v -0.927035 2.800198 0.139845
v -0.915466 2.794390 0.269897
v -0.881893 2.777537 0.387218
v -0.829601 2.751287 0.480324
v -0.763709 2.718210 0.540102
v -0.690667 2.681544 0.560700
v -0.617625 2.644878 0.540102
v -0.551733 2.611801 0.480324
v -0.499441 2.585551 0.387218
v -0.465867 2.568697 0.269897
v -0.454299 2.562890 0.139845
v -0.423462 2.596351 -0.003386
v -0.460438 2.614913 -0.132597
v -0.518030 2.643823 -0.235139
v -0.590600 2.680252 -0.300975
v -0.671044 2.720634 -0.323661
v -0.751488 2.761016 -0.300975
v -0.824058 2.797445 -0.235139
v -0.881649 2.826355 -0.132596
v -0.918626 2.844917 -0.003386
v -0.931367 2.851313 0.139845
v -0.918626 2.844917 0.283077
v -0.881649 2.826355 0.412287
v -0.824058 2.797445 0.514830
v -0.751488 2.761016 0.580666
v -0.671044 2.720634 0.603351
v -0.590600 2.680252 0.580666
v -0.518030 2.643823 0.514830
v -0.460438 2.614913 0.412287
v -0.423462 2.596351 0.283077
v -0.410721 2.589955 0.139845
v -0.385514 2.630332 -0.013039
v -0.424982 2.650144 -0.150958
v -0.486455 2.681003 -0.260411
v -0.563916 2.719887 -0.330684
v -0.649782 2.762990 -0.354899
v -0.735647 2.806094 -0.330684
v -0.813108 2.844978 -0.260411
v -0.874581 2.875837 -0.150958
v -0.914049 2.895649 -0.013039
v -0.927649 2.902476 0.139845
v -0.914049 2.895649 0.292730
v -0.874581 2.875837 0.430649
v -0.813108 2.844978 0.540102
v -0.735647 2.806094 0.610375
v -0.649782 2.762990 0.634590
v -0.563916 2.719887 0.610375
v -0.486455 2.681003 0.540102
v -0.424982 2.650144 0.430649
v -0.385514 2.630332 0.292730
v -0.371914 2.623505 0.139845
v -0.352957 2.669802 -0.018928
v -0.393945 2.690377 -0.162159
v -0.457786 2.722425 -0.275828
v -0.538230 2.762806 -0.348808
v -0.627403 2.807570 -0.373955
v -0.716576 2.852334 -0.348808
v -0.797020 2.892716 -0.275828
v -0.860861 2.924763 -0.162159
v -0.901850 2.945339 -0.018928
v -0.915973 2.952429 0.139845
v -0.901850 2.945339 0.298618
v -0.860861 2.924763 0.441850
v -0.797020 2.892716 0.555519
v -0.716576 2.852334 0.628498
v -0.627403 2.807570 0.653646
v -0.538230 2.762806 0.628498
v -0.457786 2.722425 0.555519
v -0.393945 2.690377 0.441850
v -0.352957 2.669802 0.298618
v -0.338833 2.662712 0.139845
v -0.326592 2.713789 -0.020907
v -0.368092 2.734621 -0.165923
v -0.432728 2.767068 -0.281009
v -0.514175 2.807953 -0.354899
v -0.604460 2.853275 -0.380359
v -0.694744 2.898597 -0.354899
v -0.776191 2.939482 -0.281009
v -0.840828 2.971929 -0.165923
v -0.882327 2.992761 -0.020907
v -0.896627 2.999939 0.139845
v -0.882327 2.992761 0.300598
v -0.840828 2.971929 0.445614
v -0.776191 2.939482 0.560700
v -0.694744 2.898597 0.634590
v -0.604460 2.853275 0.660050
v -0.514175 2.807953 0.634590
v -0.432728 2.767068 0.560700
v -0.368092 2.734622 0.445614
v -0.326592 2.713789 0.300598
v -0.312293 2.706611 0.139845
v -0.307070 2.761211 -0.018928
v -0.348058 2.781787 -0.162159
v -0.411899 2.813834 -0.275828
v -0.492343 2.854216 -0.348808
v -0.581517 2.898980 -0.373955
v -0.670690 2.943744 -0.348808
v -0.751134 2.984126 -0.275828
v -0.814975 3.016173 -0.162159
v -0.855963 3.036749 -0.018928
v -0.870087 3.043839 0.139845
v -0.855963 3.036749 0.298618
v -0.814975 3.016173 0.441850
v -0.751134 2.984126 0.555519
v -0.670690 2.943744 0.628498
v -0.581517 2.898980 0.653646
v -0.492343 2.854217 0.628498
v -0.411899 2.813834 0.555519
v -0.348058 2.781787 0.441850
v -0.307070 2.761212 0.298618
v -0.292947 2.754122 0.139845
v -0.294870 2.810901 -0.013039
v -0.334339 2.830713 -0.150958
v -0.395812 2.861572 -0.260411
v -0.473272 2.900456 -0.330684
v -0.559138 2.943560 -0.354899
v -0.645004 2.986663 -0.330684
v -0.722465 3.025548 -0.260411
v -0.783938 3.056406 -0.150958
v -0.823406 3.076219 -0.013039
v -0.837006 3.083045 0.139845
v -0.823406 3.076219 0.292730
v -0.783938 3.056406 0.430649
v -0.722465 3.025548 0.540102
v -0.645004 2.986663 0.610375
v -0.559138 2.943560 0.634590
v -0.473272 2.900456 0.610375
v -0.395812 2.861572 0.540102
v -0.334339 2.830713 0.430649
v -0.294871 2.810901 0.292730
v -0.281271 2.804074 0.139845
v -0.290294 2.861633 -0.003386
v -0.327270 2.880195 -0.132597
v -0.384862 2.909105 -0.235139
v -0.457432 2.945534 -0.300975
v -0.537876 2.985916 -0.323661
v -0.618320 3.026298 -0.300975
v -0.690890 3.062727 -0.235139
v -0.748481 3.091638 -0.132596
v -0.785457 3.110199 -0.003386
v -0.798199 3.116595 0.139845
v -0.785457 3.110199 0.283077
v -0.748481 3.091638 0.412287
v -0.690890 3.062727 0.514830
v -0.618320 3.026298 0.580666
v -0.537876 2.985916 0.603351
v -0.457432 2.945534 0.580666
v -0.384862 2.909105 0.514830
v -0.327270 2.880195 0.412287
v -0.290294 2.861634 0.283077
v -0.277553 2.855237 0.139845
v -0.293453 2.912160 0.009794
v -0.327027 2.929014 -0.107527
v -0.379319 2.955264 -0.200633
v -0.445211 2.988341 -0.260411
v -0.518253 3.025007 -0.281009
v -0.591295 3.061673 -0.260411
v -0.657187 3.094749 -0.200633
v -0.709479 3.121000 -0.107527
v -0.743052 3.137853 0.009794
v -0.754621 3.143661 0.139845
v -0.743052 3.137853 0.269897
v -0.709479 3.121000 0.387218
v -0.657187 3.094749 0.480324
v -0.591295 3.061673 0.540102
v -0.518253 3.025007 0.560700
v -0.445211 2.988341 0.540102
v -0.379319 2.955264 0.480324
v -0.327027 2.929014 0.387218
v -0.293453 2.912160 0.269897
v -0.281885 2.906353 0.139845
v -0.304271 2.961237 0.026177
v -0.333615 2.975968 -0.076366
v -0.379320 2.998911 -0.157744
v -0.436912 3.027821 -0.209992
v -0.500753 3.059868 -0.227995
v -0.564594 3.091916 -0.209992
v -0.622185 3.120826 -0.157744
v -0.667890 3.143769 -0.076366
v -0.697235 3.158500 0.026177
v -0.707346 3.163576 0.139845
v -0.697235 3.158500 0.253514
v -0.667890 3.143769 0.356057
v -0.622185 3.120826 0.437435
v -0.564593 3.091916 0.489682
v -0.500753 3.059868 0.507686
v -0.436912 3.027821 0.489682
v -0.379320 2.998911 0.437434
v -0.333615 2.975968 0.356057
v -0.304271 2.961237 0.253514
v -0.294159 2.956161 0.139845
v -0.322480 3.007656 0.045358
v -0.346872 3.019900 -0.039881
v -0.384865 3.038972 -0.107527
v -0.432738 3.063004 -0.150958
v -0.485806 3.089643 -0.165923
v -0.538874 3.116283 -0.150958
v -0.586747 3.140315 -0.107527
v -0.624740 3.159386 -0.039881
v -0.649132 3.171631 0.045358
v -0.657538 3.175850 0.139845
v -0.649132 3.171631 0.234333
v -0.624740 3.159386 0.319572
v -0.586747 3.140315 0.387218
v -0.538874 3.116283 0.430649
v -0.485806 3.089643 0.445614
v -0.432738 3.063004 0.430649
v -0.384865 3.038972 0.387218
v -0.346872 3.019900 0.319572
v -0.322480 3.007656 0.234333
v -0.314075 3.003436 0.139845
v -0.347632 3.050273 0.066865
v -0.366472 3.059730 0.001029
v -0.395817 3.074461 -0.051219
v -0.432793 3.093022 -0.084764
v -0.473781 3.113598 -0.096323
v -0.514770 3.134174 -0.084764
v -0.551746 3.152735 -0.051219
v -0.581090 3.167466 0.001029
v -0.599930 3.176923 0.066866
v -0.606422 3.180182 0.139845
v -0.599930 3.176923 0.212825
v -0.581090 3.167466 0.278662
v -0.551746 3.152735 0.330909
v -0.514770 3.134174 0.364455
v -0.473781 3.113598 0.376013
v -0.432793 3.093022 0.364455
v -0.395817 3.074461 0.330909
v -0.366472 3.059730 0.278662
v -0.347632 3.050273 0.212825
v -0.341140 3.047014 0.139845
v -0.379108 3.088039 0.090170
v -0.391932 3.094476 0.045358
v -0.411906 3.104503 0.009794
v -0.437074 3.117137 -0.013039
v -0.464974 3.131143 -0.020907
v -0.492873 3.145148 -0.013039
v -0.518042 3.157782 0.009794
v -0.538016 3.167809 0.045358
v -0.550840 3.174246 0.090170
v -0.555259 3.176464 0.139845
v -0.550840 3.174246 0.189521
v -0.538016 3.167809 0.234333
v -0.518042 3.157782 0.269897
v -0.492873 3.145148 0.292730
v -0.464974 3.131143 0.300598
v -0.437075 3.117137 0.292730
v -0.411906 3.104503 0.269897
v -0.391932 3.094477 0.234333
v -0.379108 3.088039 0.189521
v -0.374689 3.085821 0.139845
v -0.416133 3.120025 0.114698
v -0.422625 3.123284 0.092013
v -0.432737 3.128359 0.074009
v -0.445478 3.134755 0.062450
v -0.459601 3.141845 0.058467
v -0.473725 3.148935 0.062450
v -0.486466 3.155331 0.074009
v -0.496578 3.160407 0.092013
v -0.503069 3.163666 0.114698
v -0.505306 3.164788 0.139845
v -0.503069 3.163666 0.164993
v -0.496578 3.160407 0.187678
v -0.486466 3.155331 0.205682
v -0.473725 3.148935 0.217240
v -0.459601 3.141845 0.221223
v -0.445478 3.134755 0.217240
v -0.432737 3.128359 0.205682
v -0.422625 3.123284 0.187678
v -0.416133 3.120025 0.164993
v -0.413896 3.118902 0.139845
v -0.751124 2.561108 0.139845
v -0.457796 3.145442 0.139845
v 0.807103 1.963986 0.084897
v 0.762270 1.963986 0.062137
v 0.717438 1.963986 0.084897
v 0.698867 1.963986 0.139845
v 0.717438 1.963986 0.194794
v 0.762270 1.963986 0.217554
v 0.807103 1.963986 0.194794
v 0.825673 1.963986 0.139845
v 0.846008 2.007291 0.037214
v 0.762270 2.006918 -0.006109
v 0.678533 2.007291 0.037214
v 0.644355 2.007576 0.139845
v 0.678533 2.007291 0.242477
v 0.762270 2.006918 0.285800
v 0.846008 2.007291 0.242477
v 0.880185 2.007576 0.139845
v 0.881840 2.073883 -0.006703
v 0.762270 2.073883 -0.067405
v 0.642701 2.073883 -0.006703
v 0.593173 2.073883 0.139845
v 0.642701 2.073883 0.286394
v 0.762270 2.073883 0.347096
v 0.881840 2.073883 0.286394
v 0.931367 2.073883 0.139845
v 0.881265 2.152813 -0.005998
v 0.762270 2.152873 -0.066565
v 0.643276 2.152813 -0.005998
v 0.594111 2.152754 0.139845
v 0.643276 2.152813 0.285689
v 0.762270 2.152873 0.346256
v 0.881265 2.152813 0.285689
v 0.930429 2.152754 0.139845
v 0.870505 2.229300 0.007189
v 0.762270 2.229300 -0.047759
v 0.654035 2.229300 0.007189
v 0.609202 2.229300 0.139845
v 0.654035 2.229300 0.272502
v 0.762270 2.229300 0.327450
v 0.870505 2.229300 0.272502
v 0.915338 2.229300 0.139845
v 0.845110 2.295178 0.038314
v 0.762270 2.295178 -0.003741
v 0.679430 2.295178 0.038314
v 0.645117 2.295178 0.139845
v 0.679430 2.295178 0.241376
v 0.762270 2.295178 0.283432
v 0.845110 2.295178 0.241376
v 0.879423 2.295178 0.139845
v 0.807103 2.339196 0.084897
v 0.762270 2.339196 0.062137
v 0.717438 2.339196 0.084897
v 0.698867 2.339196 0.139845
v 0.717438 2.339196 0.194794
v 0.762270 2.339196 0.217554
v 0.807103 2.339196 0.194794
v 0.825673 2.339196 0.139845
v 0.762270 1.948529 0.139845
v 0.762270 2.354653 0.139845
v 0.640161 2.237381 -0.130105
v 0.595344 2.237381 -0.115543
v 0.595344 2.237381 -0.068419
v 0.640161 2.237381 -0.053857
v 0.667860 2.237381 -0.091981
v 0.647817 2.271480 -0.153667
v 0.575301 2.271480 -0.130105
v 0.575301 2.271480 -0.053857
v 0.647817 2.271480 -0.030295
v 0.692634 2.271480 -0.091981
v 0.647817 2.313629 -0.153667
v 0.575301 2.313629 -0.130105
v 0.575301 2.313629 -0.053857
v 0.647817 2.313629 -0.030295
v 0.692634 2.313629 -0.091981
v 0.640161 2.347728 -0.130105
v 0.595344 2.347728 -0.115543
v 0.595344 2.347728 -0.068419
v 0.640161 2.347728 -0.053857
v 0.667860 2.347728 -0.091981
v 0.627774 2.224357 -0.091981
v 0.627774 2.360753 -0.091981
v 0.640161 2.237381 0.351053
v 0.595344 2.237381 0.365615
v 0.595344 2.237381 0.412738
v 0.640161 2.237381 0.427300
v 0.667860 2.237381 0.389176
v 0.647817 2.271480 0.327491
v 0.575301 2.271480 0.351053
v 0.575301 2.271480 0.427300
v 0.647817 2.271480 0.450862
v 0.692634 2.271480 0.389176
v 0.647817 2.313629 0.327491
v 0.575301 2.313629 0.351053
v 0.575301 2.313629 0.427300
v 0.647817 2.313629 0.450862
v 0.692634 2.313629 0.389176
v 0.640161 2.347728 0.351053
v 0.595344 2.347728 0.365615
v 0.595344 2.347728 0.412738
v 0.640161 2.347728 0.427300
v 0.667860 2.347728 0.389176
v 0.627774 2.224357 0.389176
v 0.627774 2.360753 0.389176
v 0.179810 0.576708 0.050038
v 0.140517 0.585596 -0.030037
v 0.079776 0.599335 -0.091703
v 0.004171 0.616437 -0.128277
v -0.078105 0.635048 -0.135796
v -0.158137 0.653152 -0.113444
v -0.227253 0.668786 -0.063645
v -0.277961 0.680256 0.008205
v -0.304768 0.686320 0.094321
v -0.304768 0.686320 0.185370
v -0.277961 0.680256 0.271486
v -0.227253 0.668786 0.343336
v -0.158137 0.653152 0.393135
v -0.078105 0.635048 0.415486
v 0.004171 0.616437 0.407968
v 0.079776 0.599335 0.371394
v 0.140517 0.585596 0.309728
v 0.179810 0.576708 0.229653
v 0.193399 0.573634 0.139845
v 0.223486 0.633971 0.038973
v 0.179351 0.643955 -0.050969
v 0.111126 0.659387 -0.120233
v 0.026206 0.678596 -0.161313
v -0.066208 0.699500 -0.169759
v -0.156102 0.719834 -0.144653
v -0.233733 0.737394 -0.088718
v -0.290690 0.750278 -0.008015
v -0.320799 0.757089 0.088712
v -0.320799 0.757089 0.190979
v -0.290690 0.750278 0.287706
v -0.233733 0.737394 0.368409
v -0.156102 0.719834 0.424344
v -0.066208 0.699500 0.449449
v 0.026206 0.678596 0.441004
v 0.111126 0.659387 0.399924
v 0.179351 0.643955 0.330660
v 0.223486 0.633971 0.240718
v 0.238749 0.630519 0.139845
v 0.308933 0.656140 0.010003
v 0.252123 0.668990 -0.105770
v 0.164305 0.688855 -0.194926
v 0.054996 0.713580 -0.247804
v -0.063959 0.740488 -0.258675
v -0.179670 0.766662 -0.226360
v -0.279596 0.789266 -0.154360
v -0.352910 0.805849 -0.050479
v -0.391667 0.814616 0.074026
v -0.391667 0.814616 0.205665
v -0.352910 0.805849 0.330170
v -0.279596 0.789266 0.434051
v -0.179670 0.766662 0.506051
v -0.063959 0.740488 0.538366
v 0.054996 0.713580 0.527495
v 0.164305 0.688855 0.474617
v 0.252123 0.668990 0.385461
v 0.308933 0.656140 0.269688
v 0.328580 0.651696 0.139845
v 0.403514 0.634745 -0.025806
v 0.331036 0.651140 -0.173507
v 0.218999 0.676483 -0.287252
v 0.079544 0.708028 -0.354713
v -0.072217 0.742356 -0.368582
v -0.219839 0.775748 -0.327354
v -0.347324 0.804586 -0.235499
v -0.440857 0.825743 -0.102968
v -0.490303 0.836927 0.055874
v -0.490303 0.836927 0.223817
v -0.440857 0.825743 0.382659
v -0.347324 0.804586 0.515190
v -0.219839 0.775748 0.607045
v -0.072217 0.742356 0.648273
v 0.079544 0.708028 0.634404
v 0.218999 0.676483 0.566942
v 0.331036 0.651140 0.453198
v 0.403514 0.634745 0.305497
v 0.428579 0.629076 0.139845
v 0.471102 0.577960 -0.054776
v 0.385949 0.597222 -0.228308
v 0.254318 0.626997 -0.361945
v 0.090474 0.664059 -0.441204
v -0.087828 0.704391 -0.457498
v -0.261266 0.743623 -0.409061
v -0.411047 0.777503 -0.301141
v -0.520937 0.802360 -0.145433
v -0.579030 0.815501 0.041189
v -0.579030 0.815501 0.238502
v -0.520937 0.802360 0.425124
v -0.411047 0.777503 0.580832
v -0.261266 0.743623 0.688752
v -0.087828 0.704391 0.737189
v 0.090474 0.664059 0.720895
v 0.254318 0.626997 0.641635
v 0.385949 0.597222 0.507999
v 0.471102 0.577960 0.334467
v 0.500551 0.571299 0.139845
v 0.485881 0.507474 -0.065842
v 0.395886 0.527831 -0.249240
v 0.256771 0.559299 -0.390475
v 0.083612 0.598468 -0.474241
v -0.104828 0.641093 -0.491461
v -0.288128 0.682556 -0.440270
v -0.446424 0.718362 -0.326214
v -0.562563 0.744633 -0.161653
v -0.623959 0.758521 0.035580
v -0.623959 0.758521 0.244111
v -0.562563 0.744633 0.441344
v -0.446424 0.718362 0.605905
v -0.288128 0.682556 0.719961
v -0.104828 0.641093 0.771152
v 0.083612 0.598468 0.753932
v 0.256771 0.559299 0.670166
v 0.395886 0.527831 0.528931
v 0.485881 0.507474 0.345533
v 0.517004 0.500434 0.139845
v 0.442205 0.450211 -0.054776
v 0.357052 0.469472 -0.228308
v 0.225421 0.499247 -0.361945
v 0.061577 0.536309 -0.441204
v -0.116725 0.576641 -0.457498
v -0.290163 0.615873 -0.409061
v -0.439944 0.649753 -0.301141
v -0.549834 0.674611 -0.145433
v -0.607927 0.687751 0.041189
v -0.607927 0.687751 0.238502
v -0.549834 0.674611 0.425124
v -0.439944 0.649753 0.580832
v -0.290163 0.615873 0.688752
v -0.116725 0.576641 0.737189
v 0.061577 0.536309 0.720895
v 0.225421 0.499247 0.641635
v 0.357052 0.469472 0.507999
v 0.442205 0.450211 0.334467
v 0.471653 0.443549 0.139845
v 0.356758 0.428042 -0.025806
v 0.284280 0.444437 -0.173507
v 0.172243 0.469780 -0.287252
v 0.032788 0.501325 -0.354713
v -0.118974 0.535653 -0.368582
v -0.266595 0.569045 -0.327354
v -0.394080 0.597882 -0.235499
v -0.487614 0.619040 -0.102969
v -0.537059 0.630224 0.055874
v -0.537059 0.630224 0.223817
v -0.487614 0.619040 0.382659
v -0.394080 0.597882 0.515190
v -0.266595 0.569045 0.607045
v -0.118974 0.535653 0.648273
v 0.032788 0.501325 0.634404
v 0.172243 0.469780 0.566943
v 0.284280 0.444437 0.453198
v 0.356758 0.428042 0.305497
v 0.381823 0.422373 0.139845
v 0.262177 0.449437 0.010003
v 0.205366 0.462287 -0.105770
v 0.117548 0.482152 -0.194926
v 0.008239 0.506877 -0.247804
v -0.110716 0.533785 -0.258675
v -0.226426 0.559959 -0.226360
v -0.326353 0.582562 -0.154360
v -0.399667 0.599146 -0.050479
v -0.438424 0.607913 0.074026
v -0.438424 0.607913 0.205665
v -0.399667 0.599146 0.330170
v -0.326353 0.582562 0.434051
v -0.226426 0.559959 0.506051
v -0.110716 0.533785 0.538366
v 0.008239 0.506877 0.527495
v 0.117548 0.482152 0.474617
v 0.205366 0.462287 0.385461
v 0.262177 0.449437 0.269688
v 0.281823 0.444992 0.139845
v 0.194589 0.506222 0.038973
v 0.150454 0.516205 -0.050969
v 0.082229 0.531637 -0.120233
v -0.002691 0.550847 -0.161313
v -0.095105 0.571751 -0.169759
v -0.184999 0.592085 -0.144653
v -0.262630 0.609645 -0.088718
v -0.319587 0.622529 -0.008015
v -0.349696 0.629339 0.088712
v -0.349696 0.629339 0.190979
v -0.319587 0.622529 0.287706
v -0.262630 0.609645 0.368409
v -0.184999 0.592085 0.424344
v -0.095105 0.571751 0.449449
v -0.002691 0.550847 0.441004
v 0.082229 0.531637 0.399924
v 0.150454 0.516205 0.330660
v 0.194589 0.506222 0.240718
v 0.209852 0.502769 0.139845
v 0.043707 1.393780 0.098247
v 0.024130 1.398209 0.061157
v -0.006134 1.405054 0.032594
v -0.043803 1.413575 0.015653
v -0.084796 1.422848 0.012171
v -0.124672 1.431868 0.022524
v -0.159108 1.439657 0.045590
v -0.184373 1.445372 0.078871
v -0.197729 1.448393 0.118759
v -0.197729 1.448393 0.160932
v -0.184373 1.445372 0.200820
v -0.159108 1.439657 0.234101
v -0.124672 1.431868 0.257167
v -0.084796 1.422848 0.267520
v -0.043803 1.413575 0.264037
v -0.006134 1.405054 0.247097
v 0.024130 1.398209 0.218534
v 0.043707 1.393780 0.181443
v 0.050478 1.392249 0.139845
v 0.068988 1.437871 0.093122
v 0.046998 1.442845 0.051462
v 0.013006 1.450535 0.019379
v -0.029305 1.460105 0.000351
v -0.075349 1.470520 -0.003561
v -0.120138 1.480652 0.008068
v -0.158817 1.489401 0.033977
v -0.187195 1.495820 0.071358
v -0.202197 1.499213 0.116161
v -0.202197 1.499213 0.163530
v -0.187195 1.495820 0.208333
v -0.158817 1.489401 0.245714
v -0.120138 1.480652 0.271623
v -0.075349 1.470520 0.283251
v -0.029305 1.460105 0.279340
v 0.013006 1.450535 0.260312
v 0.046998 1.442845 0.228229
v 0.068988 1.437871 0.186569
v 0.076593 1.436151 0.139845
v 0.113736 1.458533 0.079703
v 0.085431 1.464936 0.026079
v 0.041677 1.474833 -0.015218
v -0.012785 1.487153 -0.039711
v -0.072053 1.500559 -0.044746
v -0.129705 1.513600 -0.029778
v -0.179492 1.524862 0.003572
v -0.216020 1.533124 0.051689
v -0.235331 1.537493 0.109359
v -0.235331 1.537493 0.170332
v -0.216020 1.533124 0.228002
v -0.179492 1.524862 0.276119
v -0.129705 1.513600 0.309469
v -0.072053 1.500559 0.324437
v -0.012785 1.487153 0.319402
v 0.041677 1.474833 0.294909
v 0.085431 1.464936 0.253612
v 0.113736 1.458533 0.199988
v 0.123525 1.456319 0.139845
v 0.160861 1.447874 0.063117
v 0.124749 1.456042 -0.005297
v 0.068928 1.468669 -0.057982
v -0.000554 1.484386 -0.089230
v -0.076168 1.501490 -0.095654
v -0.149719 1.518127 -0.076558
v -0.213237 1.532495 -0.034011
v -0.259839 1.543036 0.027376
v -0.284475 1.548609 0.100951
v -0.284475 1.548609 0.178740
v -0.259839 1.543036 0.252315
v -0.213237 1.532495 0.313702
v -0.149719 1.518127 0.356249
v -0.076168 1.501490 0.375345
v -0.000554 1.484386 0.368921
v 0.068928 1.468669 0.337673
v 0.124749 1.456042 0.284988
v 0.160861 1.447874 0.216574
v 0.173349 1.445049 0.139845
v 0.192360 1.409964 0.049698
v 0.149933 1.419561 -0.030680
v 0.084350 1.434397 -0.092580
v 0.002716 1.452862 -0.129292
v -0.086121 1.472957 -0.136839
v -0.172535 1.492504 -0.114403
v -0.247161 1.509385 -0.064416
v -0.301913 1.521770 0.007707
v -0.330857 1.528317 0.094149
v -0.330857 1.528317 0.185542
v -0.301913 1.521770 0.271984
v -0.247161 1.509385 0.344107
v -0.172535 1.492504 0.394094
v -0.086121 1.472957 0.416530
v 0.002716 1.452862 0.408983
v 0.084350 1.434397 0.372270
v 0.149934 1.419561 0.310371
v 0.192360 1.409964 0.229993
v 0.207033 1.406646 0.139845
v 0.196204 1.359285 0.044573
v 0.151365 1.369428 -0.040376
v 0.082052 1.385107 -0.105794
v -0.004223 1.404622 -0.144594
v -0.098111 1.425860 -0.152571
v -0.189438 1.446518 -0.128859
v -0.268308 1.464358 -0.076029
v -0.326172 1.477447 0.000194
v -0.356762 1.484367 0.091550
v -0.356762 1.484367 0.188141
v -0.326172 1.477447 0.279497
v -0.268308 1.464358 0.355720
v -0.189438 1.446518 0.408550
v -0.098111 1.425860 0.432262
v -0.004223 1.404622 0.424285
v 0.082052 1.385107 0.385485
v 0.151365 1.369428 0.320067
v 0.196204 1.359285 0.235118
v 0.211710 1.355778 0.139845
v 0.170923 1.315194 0.049698
v 0.128496 1.324791 -0.030680
v 0.062913 1.339626 -0.092580
v -0.018721 1.358092 -0.129292
v -0.107558 1.378187 -0.136839
v -0.193972 1.397734 -0.114403
v -0.268598 1.414614 -0.064416
v -0.323350 1.426999 0.007707
v -0.352295 1.433547 0.094149
v -0.352295 1.433547 0.185542
v -0.323350 1.426999 0.271984
v -0.268598 1.414614 0.344107
v -0.193972 1.397734 0.394094
v -0.107558 1.378187 0.416530
v -0.018721 1.358092 0.408983
v 0.062913 1.339626 0.372270
v 0.128496 1.324791 0.310371
v 0.170923 1.315194 0.229993
v 0.185595 1.311875 0.139845
v 0.126175 1.294532 0.063117
v 0.090063 1.302701 -0.005297
v 0.034242 1.315328 -0.057982
v -0.035240 1.331045 -0.089230
v -0.110854 1.348148 -0.095654
v -0.184405 1.364786 -0.076558
v -0.247923 1.379153 -0.034011
v -0.294525 1.389695 0.027376
v -0.319161 1.395267 0.100951
v -0.319161 1.395267 0.178740
v -0.294525 1.389695 0.252315
v -0.247923 1.379153 0.313702
v -0.184405 1.364786 0.356249
v -0.110854 1.348148 0.375345
v -0.035240 1.331045 0.368921
v 0.034242 1.315328 0.337673
v 0.090063 1.302701 0.284988
v 0.126175 1.294532 0.216574
v 0.138663 1.291708 0.139845
v 0.079051 1.305192 0.079703
v 0.050745 1.311594 0.026079
v 0.006991 1.321492 -0.015218
v -0.047471 1.333811 -0.039711
v -0.106739 1.347218 -0.044746
v -0.164391 1.360258 -0.029778
v -0.214178 1.371520 0.003572
v -0.250706 1.379783 0.051689
v -0.270016 1.384151 0.109359
v -0.270016 1.384151 0.170332
v -0.250706 1.379783 0.228002
v -0.214178 1.371520 0.276119
v -0.164391 1.360258 0.309469
v -0.106739 1.347218 0.324437
v -0.047471 1.333811 0.319402
v 0.006991 1.321492 0.294909
v 0.050745 1.311594 0.253612
v 0.079051 1.305192 0.199988
v 0.088839 1.302978 0.139845
v 0.047551 1.343101 0.093122
v 0.025561 1.348075 0.051462
v -0.008431 1.355764 0.019379
v -0.050742 1.365335 0.000351
v -0.096786 1.375750 -0.003561
v -0.141575 1.385882 0.008068
v -0.180254 1.394631 0.033977
v -0.208632 1.401050 0.071358
v -0.223634 1.404443 0.116161
v -0.223634 1.404443 0.163530
v -0.208632 1.401050 0.208333
v -0.180254 1.394631 0.245714
v -0.141575 1.385882 0.271623
v -0.096786 1.375750 0.283251
v -0.050742 1.365335 0.279340
v -0.008431 1.355764 0.260312
v 0.025561 1.348075 0.228229
v 0.047551 1.343101 0.186569
v 0.055155 1.341381 0.139845
v -0.502949 0.800953 0.572677
v 0.535980 0.648169 0.646856
v -0.292336 1.441396 0.349892
v 0.195954 1.381718 0.333744
v -0.292336 1.441396 -0.070201
v 0.195954 1.381718 -0.054053
v -0.502949 0.800953 -0.292986
v 0.535980 0.648169 -0.367165
v -0.369641 0.711866 -0.153865
v 0.262139 0.445706 -0.157270
v 0.262139 0.445706 0.436961
v -0.369641 0.711866 0.433556
v -0.556418 1.053548 0.534195
v -0.556418 1.053548 -0.254504
v 0.534679 0.940627 -0.341202
v 0.534679 0.940627 0.620893
v 0.032461 0.728439 0.782059
v 0.036283 1.000965 0.726456
v -0.030636 1.477907 0.399928
v -0.030636 1.477907 -0.120237
v 0.036283 1.000965 -0.446765
v 0.032461 0.728439 -0.502368
v -0.063461 0.562810 -0.281674
v -0.063461 0.562810 0.561365
v -0.425880 1.336304 -0.189349
v -0.425880 1.336304 0.469039
v -0.033110 1.308883 0.614879
v 0.281186 1.260312 0.460419
v 0.281186 1.260312 -0.180728
v -0.033110 1.308883 -0.335188
v -0.440952 0.746559 0.542783
v -0.484232 1.339617 0.139845
v -0.357598 1.408462 0.440946
v -0.357598 1.408462 -0.161255
v -0.037853 1.414392 -0.260879
v -0.250824 1.326365 -0.320698
v 0.323844 1.252769 0.139845
v 0.229935 1.340152 -0.135617
v 0.220804 1.376445 0.139845
v 0.229935 1.340152 0.415308
v -0.250824 1.326365 0.600389
v -0.037853 1.414392 0.540570
v 0.322919 0.683235 0.805023
v 0.329164 0.967151 0.759844
v 0.153214 1.282941 0.593493
v 0.115155 1.430833 0.396520
v 0.115155 1.430833 -0.116829
v 0.153214 1.282941 -0.313802
v 0.329164 0.967151 -0.480153
v 0.322919 0.683235 -0.525332
v 0.120725 0.468703 -0.249860
v 0.120725 0.468703 0.529551
v -0.503801 1.206692 0.501350
v -0.503802 1.206692 -0.221659
v 0.000366 1.161732 0.675963
v 0.409035 1.112340 0.541579
v 0.409035 1.112340 -0.261888
v 0.000366 1.161732 -0.396272
v -0.270754 0.770540 0.745679
v 0.048349 0.854609 0.768993
v -0.294320 1.031677 0.690485
v -0.548786 0.910792 0.563892
v -0.187830 1.468863 0.412344
v -0.028230 1.499079 0.139845
v -0.187830 1.468863 -0.132653
v -0.312148 1.443080 0.139845
v -0.294320 1.031677 -0.410795
v 0.048349 0.854609 -0.489302
v -0.270754 0.770540 -0.465988
v -0.548786 0.910792 -0.284201
v -0.248875 0.656474 -0.261274
v -0.079454 0.541003 0.139845
v -0.248874 0.656474 0.540965
v -0.393270 0.724362 0.139845
v 0.607000 0.636480 0.139845
v 0.579315 0.789562 -0.380774
v 0.603184 0.931785 0.139845
v 0.579315 0.789562 0.660465
v -0.580347 0.811090 0.139845
v -0.643785 1.060838 0.139845
v -0.015482 0.628230 -0.464452
v -0.440952 0.746559 -0.263092
v 0.397708 0.505470 0.566629
v 0.262664 0.399929 0.139845
v 0.397708 0.505470 -0.286938
v -0.015482 0.628230 0.744143
v -0.287199 0.887473 0.730634
v -0.178402 1.485858 0.139845
v -0.287199 0.887473 -0.450943
v -0.245981 0.643224 0.139845
v 0.653277 0.780017 0.139845
v -0.635981 0.918565 0.139845
v -0.257556 0.696227 -0.432992
v 0.456384 0.487806 0.139845
v -0.257556 0.696227 0.712683
v -0.502085 0.763337 0.139845
v -0.404760 1.405324 0.139845
v -0.216111 1.417875 -0.264128
v 0.266706 1.327256 0.139845
v -0.216111 1.417875 0.543819
v 0.357430 0.818199 0.807892
v 0.119622 1.378841 0.523308
v 0.113666 1.448164 0.139845
v 0.119622 1.378841 -0.243617
v 0.357430 0.818199 -0.528201
v 0.221679 0.558461 -0.452069
v 0.087073 0.438783 0.139845
v 0.221679 0.558461 0.731760
v -0.578554 1.212989 0.139845
v -0.279544 1.187804 0.648175
v 0.242077 1.133888 0.680358
v 0.464688 1.105158 0.139845
v 0.242077 1.133888 -0.400667
v -0.279544 1.187804 -0.368484
v 0.406986 1.967769 0.742841
v 0.591362 2.430197 0.730389
v -0.141884 2.842645 0.606723
v 0.364064 2.902847 0.555510
v -0.141884 2.842645 -0.327032
v 0.364064 2.902847 -0.275819
v 0.406986 1.967769 -0.463150
v 0.591362 2.430197 -0.450698
v -0.247159 3.004230 0.139845
v -0.003840 1.830816 0.139845
v 0.413181 2.505625 0.139451
v 0.431112 3.012359 0.139451
v 0.033943 1.815950 -0.088622
v -0.242956 2.984778 -0.117224
v 0.447144 2.983822 -0.075049
v 0.525397 2.507631 -0.129873
v -0.242956 2.984778 0.396915
v 0.033943 1.815950 0.368313
v 0.525397 2.507631 0.409432
v 0.447144 2.983822 0.354609
v -0.240468 2.260654 0.834897
v -0.556993 2.300929 0.561426
v -0.590210 2.349411 0.139845
v -0.556993 2.300928 -0.281735
v -0.240468 2.260654 -0.555206
v 0.507752 2.680014 -0.422587
v 0.639774 2.625900 -0.117104
v 0.527860 2.832745 0.137481
v 0.639774 2.625901 0.396007
v 0.507752 2.680014 0.702278
v -0.303893 1.935180 0.635857
v -0.434317 2.014431 0.502000
v -0.321262 1.677835 0.357276
v -0.160887 1.747178 0.561987
v -0.160887 1.747178 -0.282296
v -0.321262 1.677835 -0.077585
v -0.434317 2.014431 -0.222309
v -0.303893 1.935180 -0.356166
v -0.497343 2.067693 0.139845
v -0.396031 1.666257 0.139845
v 0.438095 3.005280 0.032899
v -0.247159 3.002144 0.009914
v 0.576048 2.739054 0.016133
v 0.499941 2.709746 0.138269
v 0.453167 2.511118 0.018429
v 0.227454 2.162149 0.139845
v -0.021117 1.816657 0.041769
v -0.481226 2.051824 0.340219
v -0.370293 1.670189 0.248694
v 0.453167 2.511118 0.260737
v -0.021117 1.816657 0.237922
v 0.576048 2.739054 0.260405
v 0.438095 3.005280 0.246267
v -0.247159 3.002144 0.269777
v -0.465793 2.657250 0.486318
v -0.470589 2.279369 0.715347
v -0.249510 2.636696 0.716612
v -0.482603 2.692143 0.139845
v -0.588317 2.331713 0.362010
v -0.465793 2.657250 -0.206627
v -0.588317 2.331713 -0.082319
v -0.470589 2.279369 -0.435656
v -0.249510 2.636696 -0.436921
v 0.465520 2.809267 -0.342473
v 0.601195 2.795737 -0.093349
v 0.537065 2.932851 0.138269
v 0.601195 2.795737 0.372514
v 0.465520 2.809267 0.622164
v -0.518597 2.129090 0.557579
v -0.275269 2.029157 0.731753
v 0.065497 1.790563 0.642530
v -0.176540 1.662081 0.348033
v -0.176540 1.662081 -0.068342
v 0.065497 1.790563 -0.362839
v -0.275269 2.029157 -0.452062
v -0.518597 2.129090 -0.277888
v -0.567413 2.188141 0.139845
v -0.227301 1.663120 0.139845
v 0.557913 2.224983 0.781435
v 0.565557 2.547246 0.757503
v 0.184853 2.517394 0.800415
v 0.175452 2.095442 0.826700
v 0.113559 2.911751 0.580495
v 0.446358 2.947768 0.465741
v 0.113559 3.070236 0.357877
v -0.230348 2.941026 0.518469
v 0.184853 2.517394 -0.520724
v 0.565557 2.547246 -0.477812
v 0.557913 2.224983 -0.501745
v 0.175452 2.095442 -0.547009
v 0.297826 2.173002 0.392242
v 0.582144 2.475200 0.612687
v 0.268230 1.870463 0.563332
v 0.626944 2.594231 0.409500
v 0.638200 2.661201 0.555386
v -0.358057 1.965731 0.586593
v -0.387863 1.829649 0.421915
v -0.277118 1.685046 0.465323
v -0.260000 1.810767 0.588010
v -0.277118 1.685046 -0.185632
v -0.387863 1.829649 -0.142224
v -0.358057 1.965730 -0.306903
v -0.260000 1.810767 -0.308319
v 0.582143 2.475200 -0.332996
v 0.297826 2.173002 -0.112551
v 0.268230 1.870463 -0.283641
v 0.638200 2.661201 -0.275696
v 0.626944 2.594231 -0.130335
v 0.113559 3.070236 -0.078186
v 0.446358 2.947768 -0.186050
v 0.113559 2.911751 -0.300804
v -0.230348 2.941026 -0.238778
v -0.481226 2.051824 -0.060529
v -0.370293 1.670189 0.030996
v -0.463130 1.847423 0.139845
v 0.113559 3.073560 0.139845
v 0.398737 2.343966 0.837130
v 0.113559 3.020562 0.466893
v 0.398737 2.343966 -0.557439
v 0.465083 2.180371 0.601353
v 0.636374 2.593603 0.594515
v -0.348363 1.800729 0.504606
v -0.348363 1.800729 -0.224915
v 0.465083 2.180371 -0.321662
v 0.636374 2.593603 -0.314824
v 0.113559 3.020562 -0.187202
v -0.436516 1.843937 -0.012858
v 0.113559 3.079232 0.030830
v 0.553024 2.660330 0.013794
v 0.233720 2.165748 0.030230
v -0.436516 1.843937 0.292549
v 0.233720 2.165748 0.249461
v 0.553024 2.660330 0.263794
v 0.113559 3.079232 0.248861
v -0.415361 2.628184 0.631630
v -0.482603 2.681342 0.318667
v -0.482603 2.681342 -0.038976
v -0.415361 2.628184 -0.351940
v 0.113559 2.725342 -0.423579
v 0.598050 2.803619 -0.224159
v 0.564998 2.872962 0.025250
v 0.564998 2.872962 0.252339
v 0.598050 2.803619 0.503850
v 0.113559 2.725342 0.703270
v -0.425143 2.091914 0.678588
v -0.025379 1.706823 0.501444
v -0.064761 1.913357 0.719517
v -0.025379 1.706823 -0.221753
v -0.425143 2.091914 -0.398897
v -0.064761 1.913357 -0.439826
v -0.559843 2.168144 -0.086593
v -0.227141 1.656283 0.045615
v -0.559843 2.168144 0.366284
v -0.227141 1.656283 0.234076
vt 0.719880 0.166013
vt 0.708233 0.166013
vt 0.709110 0.147753
vt 0.720977 0.148028
vt 0.696586 0.166013
vt 0.697244 0.147479
vt 0.724266 0.094073
vt 0.711742 0.092973
vt 0.729931 0.148337
vt 0.728593 0.134422
vt 0.684938 0.166013
vt 0.685377 0.147246
vt 0.699217 0.091878
vt 0.733660 0.094934
vt 0.727556 0.040223
vt 0.714374 0.038334
vt 0.673291 0.166013
vt 0.673510 0.147093
vt 0.681710 0.090945
vt 0.701191 0.036449
vt 0.733856 0.040649
vt 0.715266 0.022636
vt 0.728176 0.026780
vt 0.661644 0.166013
vt 0.661644 0.147037
vt 0.671677 0.090334
vt 0.688009 0.034843
vt 0.702354 0.018487
vt 0.649997 0.166013
vt 0.649777 0.147093
vt 0.661644 0.090108
vt 0.674826 0.033789
vt 0.688447 0.016671
vt 0.638349 0.166013
vt 0.637911 0.147246
vt 0.651611 0.090334
vt 0.661644 0.033400
vt 0.675046 0.012390
vt 0.626702 0.166013
vt 0.626044 0.147479
vt 0.641578 0.090945
vt 0.648461 0.033789
vt 0.661644 0.011961
vt 0.615055 0.166013
vt 0.614177 0.147753
vt 0.624070 0.091878
vt 0.635279 0.034843
vt 0.648242 0.012390
vt 0.603408 0.166013
vt 0.602311 0.148028
vt 0.611546 0.092973
vt 0.622096 0.036449
vt 0.634840 0.016671
vt 0.593356 0.148337
vt 0.594695 0.134422
vt 0.599021 0.094073
vt 0.608914 0.038334
vt 0.621415 0.018231
vt 0.589628 0.094934
vt 0.595731 0.040223
vt 0.608127 0.020937
vt 0.589431 0.040649
vt 0.594840 0.023637
vt 0.173685 0.287469
vt 0.164460 0.331766
vt 0.156527 0.347024
vt 0.162161 0.311251
vt 0.193593 0.267212
vt 0.177476 0.325386
vt 0.168335 0.383336
vt 0.163071 0.387151
vt 0.156235 0.357001
vt 0.153363 0.327100
vt 0.200992 0.261390
vt 0.190492 0.323413
vt 0.179527 0.381741
vt 0.181186 0.258151
vt 0.199084 0.240176
vt 0.168107 0.400526
vt 0.159188 0.400526
vt 0.160477 0.381182
vt 0.208685 0.255377
vt 0.203509 0.321377
vt 0.191860 0.381248
vt 0.201838 0.227480
vt 0.180211 0.400526
vt 0.182581 0.246173
vt 0.190523 0.232334
vt 0.216525 0.252341
vt 0.216525 0.320344
vt 0.204192 0.380739
vt 0.208888 0.213859
vt 0.192316 0.400526
vt 0.193136 0.212323
vt 0.179746 0.239852
vt 0.187464 0.222336
vt 0.224194 0.255959
vt 0.229541 0.321377
vt 0.216525 0.380481
vt 0.216525 0.206827
vt 0.204420 0.400526
vt 0.203944 0.192596
vt 0.173117 0.271216
vt 0.170079 0.259764
vt 0.224162 0.213859
vt 0.230732 0.264250
vt 0.242558 0.323413
vt 0.228857 0.380739
vt 0.216525 0.400526
vt 0.216525 0.182362
vt 0.161632 0.294694
vt 0.155618 0.281912
vt 0.229105 0.192596
vt 0.231193 0.227520
vt 0.236545 0.271882
vt 0.255574 0.325386
vt 0.241190 0.381248
vt 0.228630 0.400526
vt 0.204137 0.181564
vt 0.216525 0.172091
vt 0.141881 0.333170
vt 0.138427 0.328293
vt 0.149403 0.274133
vt 0.165309 0.251261
vt 0.228913 0.181564
vt 0.239913 0.212323
vt 0.232998 0.242077
vt 0.251826 0.292225
vt 0.268187 0.332075
vt 0.253523 0.381741
vt 0.240734 0.400526
vt 0.241352 0.234002
vt 0.242961 0.266426
vt 0.264715 0.383336
vt 0.252839 0.400526
vt 0.245848 0.246699
vt 0.259796 0.287222
vt 0.261933 0.316055
vt 0.276523 0.347024
vt 0.269978 0.387151
vt 0.264943 0.400526
vt 0.245586 0.222336
vt 0.250609 0.243082
vt 0.267730 0.262941
vt 0.276908 0.311896
vt 0.280129 0.325847
vt 0.276815 0.357001
vt 0.272572 0.381182
vt 0.273862 0.400526
vt 0.267043 0.254963
vt 0.280862 0.287057
vt 0.287798 0.274467
vt 0.193176 0.904014
vt 0.198491 0.891181
vt 0.216361 0.890592
vt 0.212425 0.904014
vt 0.178616 0.904014
vt 0.184845 0.891377
vt 0.211040 0.880156
vt 0.225325 0.878203
vt 0.239062 0.890003
vt 0.239062 0.904014
vt 0.216361 0.917436
vt 0.198491 0.916847
vt 0.199809 0.880807
vt 0.184845 0.916650
vt 0.239062 0.876250
vt 0.239062 0.918025
vt 0.225325 0.929824
vt 0.211040 0.927871
vt 0.199809 0.927220
vt 0.236448 0.868237
vt 0.244454 0.863413
vt 0.239062 0.931778
vt 0.243481 0.944634
vt 0.236448 0.939791
vt 0.759284 0.815343
vt 0.759284 0.782951
vt 0.814715 0.785053
vt 0.814715 0.817624
vt 0.759284 0.747860
vt 0.814715 0.747860
vt 0.855316 0.779309
vt 0.855539 0.808277
vt 0.759116 0.836714
vt 0.814045 0.842034
vt 0.759284 0.712770
vt 0.814715 0.710668
vt 0.855539 0.747860
vt 0.854254 0.827491
vt 0.759284 0.680378
vt 0.814715 0.678097
vt 0.855316 0.716412
vt 0.759116 0.659007
vt 0.814045 0.653687
vt 0.855539 0.687444
vt 0.854254 0.668230
vt 0.727858 0.339714
vt 0.727858 0.309808
vt 0.779033 0.311016
vt 0.779033 0.343645
vt 0.727858 0.274064
vt 0.779033 0.274064
vt 0.816556 0.306065
vt 0.816556 0.332900
vt 0.727858 0.364570
vt 0.779033 0.367629
vt 0.727858 0.238321
vt 0.779033 0.237113
vt 0.816556 0.274064
vt 0.816556 0.355093
vt 0.727858 0.208415
vt 0.779033 0.204484
vt 0.816556 0.242064
vt 0.829064 0.274064
vt 0.829064 0.296827
vt 0.727858 0.183559
vt 0.779033 0.180500
vt 0.816556 0.215229
vt 0.829064 0.251301
vt 0.816556 0.193036
vt 0.541467 0.845500
vt 0.543322 0.832589
vt 0.550353 0.835494
vt 0.548122 0.851027
vt 0.535434 0.839304
vt 0.536866 0.829331
vt 0.543961 0.818276
vt 0.551122 0.818276
vt 0.557787 0.837976
vt 0.555234 0.855747
vt 0.538578 0.855747
vt 0.544646 0.863354
vt 0.530171 0.832589
vt 0.531146 0.825801
vt 0.537360 0.818276
vt 0.533202 0.847218
vt 0.543322 0.803964
vt 0.550353 0.801059
vt 0.558666 0.818276
vt 0.565440 0.839972
vt 0.562629 0.859544
vt 0.551258 0.869850
vt 0.534938 0.862326
vt 0.540267 0.871268
vt 0.525807 0.825522
vt 0.526301 0.822086
vt 0.531482 0.818276
vt 0.528652 0.837976
vt 0.536866 0.807222
vt 0.530391 0.852299
vt 0.541467 0.791053
vt 0.548122 0.785526
vt 0.557787 0.798577
vt 0.566409 0.818276
vt 0.573125 0.841434
vt 0.570124 0.862326
vt 0.558250 0.875077
vt 0.546247 0.878905
vt 0.522451 0.818276
vt 0.526471 0.818276
vt 0.525038 0.828249
vt 0.531146 0.810752
vt 0.526738 0.841435
vt 0.535434 0.797249
vt 0.538578 0.780806
vt 0.544646 0.773199
vt 0.555234 0.780806
vt 0.565440 0.796581
vt 0.574159 0.818276
vt 0.580652 0.842327
vt 0.577535 0.864022
vt 0.565450 0.878905
vt 0.552731 0.885050
vt 0.526301 0.814467
vt 0.524069 0.830000
vt 0.530171 0.803964
vt 0.533202 0.789335
vt 0.534938 0.774227
vt 0.540267 0.765285
vt 0.551258 0.766703
vt 0.562629 0.777008
vt 0.573125 0.795118
vt 0.581726 0.818276
vt 0.587835 0.842626
vt 0.584679 0.864593
vt 0.572681 0.881240
vt 0.559560 0.889550
vt 0.525807 0.811031
vt 0.528652 0.798577
vt 0.530391 0.784254
vt 0.546247 0.757648
vt 0.558250 0.761476
vt 0.570124 0.774227
vt 0.580652 0.794226
vt 0.588922 0.818276
vt 0.594498 0.842327
vt 0.591381 0.864022
vt 0.579764 0.882025
vt 0.566564 0.892295
vt 0.525038 0.808304
vt 0.526738 0.795118
vt 0.552731 0.751503
vt 0.565450 0.757648
vt 0.577535 0.772531
vt 0.587835 0.793927
vt 0.595572 0.818276
vt 0.600477 0.841434
vt 0.597475 0.862326
vt 0.586527 0.881240
vt 0.573571 0.893218
vt 0.524069 0.806553
vt 0.559560 0.747003
vt 0.572681 0.755313
vt 0.584679 0.771960
vt 0.594498 0.794226
vt 0.601511 0.818276
vt 0.605624 0.839972
vt 0.602812 0.859544
vt 0.592801 0.878905
vt 0.580410 0.892295
vt 0.566564 0.744258
vt 0.579764 0.754528
vt 0.591381 0.772531
vt 0.600477 0.795118
vt 0.606593 0.818276
vt 0.573571 0.743335
vt 0.586527 0.755313
vt 0.597475 0.774227
vt 0.605624 0.796581
vt 0.610692 0.818276
vt 0.609813 0.837976
vt 0.580410 0.744258
vt 0.592801 0.757648
vt 0.602812 0.777008
vt 0.609813 0.798577
vt 0.668141 0.797852
vt 0.671258 0.776156
vt 0.677960 0.775586
vt 0.674804 0.797552
vt 0.662162 0.798744
vt 0.665164 0.777853
vt 0.676112 0.758938
vt 0.682875 0.758153
vt 0.685104 0.776156
vt 0.681987 0.797852
vt 0.667067 0.821902
vt 0.673717 0.821902
vt 0.657015 0.800206
vt 0.659827 0.780634
vt 0.669838 0.761273
vt 0.661128 0.821902
vt 0.682229 0.747883
vt 0.689068 0.746961
vt 0.689958 0.758938
vt 0.692515 0.777853
vt 0.689514 0.798744
vt 0.680914 0.821902
vt 0.668141 0.845952
vt 0.674804 0.846252
vt 0.656047 0.821902
vt 0.662163 0.845060
vt 0.696075 0.747883
vt 0.697190 0.761273
vt 0.700010 0.780634
vt 0.697199 0.800206
vt 0.688480 0.821902
vt 0.681987 0.845952
vt 0.671258 0.867648
vt 0.677960 0.868218
vt 0.651947 0.821902
vt 0.652826 0.802202
vt 0.657015 0.843598
vt 0.665164 0.865951
vt 0.703079 0.750629
vt 0.704390 0.765101
vt 0.707405 0.784431
vt 0.704852 0.802202
vt 0.696230 0.821902
vt 0.689514 0.845060
vt 0.685104 0.867648
vt 0.676112 0.884866
vt 0.682875 0.885651
vt 0.652826 0.841601
vt 0.659827 0.863170
vt 0.669838 0.882531
vt 0.709908 0.755129
vt 0.711381 0.770328
vt 0.714518 0.789151
vt 0.712286 0.804684
vt 0.703973 0.821902
vt 0.697199 0.843598
vt 0.692515 0.865951
vt 0.689958 0.884866
vt 0.682229 0.895920
vt 0.689068 0.896843
vt 0.716392 0.761273
vt 0.717993 0.776825
vt 0.721172 0.794678
vt 0.719317 0.807589
vt 0.711517 0.821902
vt 0.704852 0.841601
vt 0.700010 0.863170
vt 0.697190 0.882531
vt 0.696075 0.895920
vt 0.722372 0.768911
vt 0.724061 0.784431
vt 0.727205 0.800875
vt 0.725773 0.810847
vt 0.718678 0.821902
vt 0.712286 0.839120
vt 0.707405 0.859372
vt 0.704390 0.878702
vt 0.703079 0.893175
vt 0.727701 0.777853
vt 0.729437 0.792961
vt 0.732469 0.807589
vt 0.731493 0.814377
vt 0.725279 0.821902
vt 0.719317 0.836214
vt 0.714518 0.854652
vt 0.711381 0.873476
vt 0.709908 0.888675
vt 0.732248 0.787879
vt 0.733987 0.802202
vt 0.736832 0.814656
vt 0.736338 0.818093
vt 0.731157 0.821902
vt 0.725773 0.832956
vt 0.721172 0.849126
vt 0.717993 0.866979
vt 0.716392 0.882531
vt 0.735901 0.798744
vt 0.737601 0.811929
vt 0.740189 0.821902
vt 0.736168 0.821902
vt 0.731493 0.829426
vt 0.727205 0.842929
vt 0.724061 0.859372
vt 0.722372 0.874893
vt 0.738570 0.810179
vt 0.736338 0.825711
vt 0.732469 0.836214
vt 0.729437 0.850843
vt 0.727701 0.865951
vt 0.736832 0.829147
vt 0.733987 0.841601
vt 0.732248 0.855924
vt 0.737601 0.831874
vt 0.735901 0.845060
vt 0.738570 0.833625
vt 0.000000 0.618472
vt 0.021743 0.618472
vt 0.021743 0.630174
vt 0.000105 0.630183
vt 0.006516 0.608592
vt 0.021743 0.608635
vt 0.043485 0.618472
vt 0.043381 0.630183
vt 0.021743 0.641531
vt 0.002061 0.641531
vt 0.013590 0.602167
vt 0.021743 0.602167
vt 0.036969 0.608592
vt 0.041424 0.641531
vt 0.021743 0.651304
vt 0.006679 0.651304
vt 0.029895 0.602167
vt 0.036806 0.651304
vt 0.021743 0.657835
vt 0.013590 0.657835
vt 0.029895 0.657835
vt 0.946662 0.901745
vt 0.968405 0.901745
vt 0.968405 0.913447
vt 0.946767 0.913455
vt 0.953178 0.891865
vt 0.968405 0.891908
vt 0.990147 0.901745
vt 0.990043 0.913455
vt 0.968405 0.924803
vt 0.948723 0.924803
vt 0.960253 0.885440
vt 0.968405 0.885440
vt 0.983632 0.891865
vt 0.988087 0.924803
vt 0.968405 0.934577
vt 0.953341 0.934577
vt 0.976557 0.885440
vt 0.983469 0.934577
vt 0.968405 0.941108
vt 0.960253 0.941108
vt 0.976557 0.941108
vt 0.406350 0.004804
vt 0.417067 0.004804
vt 0.417067 0.010728
vt 0.406350 0.010728
vt 0.408397 0.000011
vt 0.415021 0.000011
vt 0.415021 0.015521
vt 0.408397 0.015521
vt 0.000000 0.004804
vt 0.010717 0.004804
vt 0.010717 0.010728
vt 0.000000 0.010728
vt 0.002047 0.000011
vt 0.008670 0.000011
vt 0.008670 0.015521
vt 0.002047 0.015521
vt 0.400874 0.883045
vt 0.399895 0.869135
vt 0.411206 0.866515
vt 0.412306 0.882139
vt 0.391670 0.882139
vt 0.390570 0.866515
vt 0.398042 0.857529
vt 0.409125 0.853478
vt 0.420182 0.859655
vt 0.421598 0.879767
vt 0.400874 0.897753
vt 0.412306 0.898659
vt 0.388489 0.853478
vt 0.391670 0.898659
vt 0.395517 0.849484
vt 0.406288 0.844443
vt 0.417503 0.842875
vt 0.421598 0.901031
vt 0.399895 0.911663
vt 0.411206 0.914283
vt 0.390570 0.914283
vt 0.420182 0.921143
vt 0.398042 0.923269
vt 0.409125 0.927319
vt 0.388489 0.927319
vt 0.417503 0.937923
vt 0.395517 0.931314
vt 0.406288 0.936355
vt 0.984526 0.025820
vt 0.981459 0.053450
vt 0.970237 0.051688
vt 0.973478 0.022487
vt 0.993111 0.034546
vt 0.990500 0.058062
vt 0.980399 0.084437
vt 0.969116 0.084437
vt 0.961119 0.053450
vt 0.964186 0.025820
vt 0.989267 0.004543
vt 0.978488 0.000000
vt 0.989598 0.084437
vt 0.981459 0.115424
vt 0.970237 0.117186
vt 0.960059 0.084437
vt 0.968927 0.004543
vt 0.990500 0.110812
vt 0.984526 0.143054
vt 0.973478 0.146386
vt 0.961119 0.115424
vt 0.993111 0.134328
vt 0.989267 0.164331
vt 0.978488 0.168874
vt 0.964186 0.143054
vt 0.968927 0.164331
vt 0.972388 0.786839
vt 0.970164 0.818425
vt 0.958950 0.815827
vt 0.961055 0.785940
vt 0.981514 0.785940
vt 0.979409 0.815827
vt 0.965957 0.844779
vt 0.954969 0.840764
vt 0.950051 0.809027
vt 0.951842 0.783589
vt 0.972388 0.753443
vt 0.961055 0.754341
vt 0.975428 0.840764
vt 0.981514 0.754341
vt 0.960223 0.863045
vt 0.949544 0.858047
vt 0.946662 0.830251
vt 0.951842 0.756693
vt 0.970164 0.721856
vt 0.958950 0.724454
vt 0.979409 0.724454
vt 0.950051 0.731255
vt 0.965957 0.695502
vt 0.954969 0.699518
vt 0.975428 0.699518
vt 0.946662 0.710030
vt 0.960223 0.677237
vt 0.949544 0.682235
vt 0.131982 0.946559
vt 0.130382 0.932140
vt 0.141682 0.930366
vt 0.143107 0.943203
vt 0.123338 0.955344
vt 0.121278 0.936784
vt 0.129828 0.915968
vt 0.141189 0.915968
vt 0.150862 0.932140
vt 0.152463 0.946559
vt 0.134456 0.957663
vt 0.145309 0.953089
vt 0.120566 0.915968
vt 0.130382 0.899796
vt 0.141682 0.901570
vt 0.150309 0.915968
vt 0.154937 0.957663
vt 0.121278 0.895152
vt 0.131982 0.885377
vt 0.143107 0.888733
vt 0.150862 0.899796
vt 0.123338 0.876591
vt 0.134456 0.874273
vt 0.145309 0.878847
vt 0.152463 0.885377
vt 0.154937 0.874273
vt 0.189023 0.978914
vt 0.188332 0.973122
vt 0.195218 0.973922
vt 0.195995 0.980429
vt 0.181193 0.980429
vt 0.180417 0.973922
vt 0.188092 0.966625
vt 0.194949 0.966625
vt 0.190092 0.983375
vt 0.197196 0.985439
vt 0.175496 0.984393
vt 0.174496 0.976018
vt 0.180148 0.966625
vt 0.182394 0.985439
vt 0.188332 0.960128
vt 0.195218 0.959328
vt 0.174150 0.966625
vt 0.177042 0.990843
vt 0.180417 0.959328
vt 0.189023 0.954335
vt 0.195995 0.952821
vt 0.174496 0.957232
vt 0.181193 0.952821
vt 0.190092 0.949874
vt 0.197196 0.947810
vt 0.175496 0.948857
vt 0.182394 0.947810
vt 0.177042 0.942407
vt 0.954980 0.975656
vt 0.954512 0.969485
vt 0.962317 0.968322
vt 0.962842 0.975254
vt 0.948180 0.975254
vt 0.947656 0.968322
vt 0.953628 0.964336
vt 0.961324 0.962539
vt 0.968088 0.965279
vt 0.968764 0.974201
vt 0.954980 0.982180
vt 0.962842 0.982582
vt 0.946662 0.962539
vt 0.948180 0.982582
vt 0.952423 0.960768
vt 0.959970 0.958531
vt 0.966810 0.957835
vt 0.968764 0.983634
vt 0.954512 0.988351
vt 0.962317 0.989513
vt 0.947656 0.989513
vt 0.968088 0.992556
vt 0.953628 0.993500
vt 0.961324 0.995296
vt 0.946662 0.995296
vt 0.966810 1.000000
vt 0.952423 0.997068
vt 0.959970 0.999304
vt 0.918738 0.916995
vt 0.917247 0.929482
vt 0.909374 0.928686
vt 0.910949 0.915489
vt 0.924405 0.920939
vt 0.923136 0.931567
vt 0.916731 0.943487
vt 0.908829 0.943487
vt 0.902524 0.929482
vt 0.904015 0.916995
vt 0.921043 0.907379
vt 0.913385 0.905326
vt 0.922697 0.943487
vt 0.926367 0.912754
vt 0.917247 0.957491
vt 0.909374 0.958288
vt 0.902009 0.943487
vt 0.906320 0.907379
vt 0.923136 0.955407
vt 0.918738 0.969978
vt 0.910949 0.971485
vt 0.902524 0.957491
vt 0.924405 0.966035
vt 0.921043 0.979595
vt 0.913385 0.981647
vt 0.904015 0.969978
vt 0.926367 0.974220
vt 0.906320 0.979595
vt 0.991978 0.592215
vt 0.990969 0.605537
vt 0.984138 0.606695
vt 0.985205 0.592615
vt 0.989060 0.616652
vt 0.982121 0.618442
vt 0.976363 0.605537
vt 0.977372 0.592215
vt 0.991978 0.578129
vt 0.985205 0.577729
vt 0.974454 0.616652
vt 0.970614 0.602505
vt 0.971473 0.591166
vt 0.977372 0.578129
vt 0.990969 0.564807
vt 0.984138 0.563649
vt 0.979371 0.626584
vt 0.971853 0.624356
vt 0.968989 0.611966
vt 0.971473 0.579178
vt 0.976363 0.564807
vt 0.989060 0.553692
vt 0.982121 0.551902
vt 0.970614 0.567839
vt 0.974454 0.553692
vt 0.968989 0.558378
vt 0.979371 0.543760
vt 0.971853 0.545988
vt 0.025373 0.560011
vt 0.023524 0.479789
vt 0.046235 0.479789
vt 0.047745 0.562164
vt 0.002795 0.547317
vt 0.000000 0.479789
vt 0.025373 0.399567
vt 0.047745 0.397414
vt 0.070249 0.479789
vt 0.071648 0.555903
vt 0.052276 0.585491
vt 0.030922 0.585037
vt 0.002795 0.412261
vt 0.030922 0.374541
vt 0.052276 0.374087
vt 0.071648 0.403675
vt 0.097681 0.479789
vt 0.098817 0.543353
vt 0.075844 0.577888
vt 0.075844 0.381690
vt 0.098817 0.416225
vt 0.121036 0.479789
vt 0.122230 0.530512
vt 0.102226 0.565312
vt 0.102226 0.394266
vt 0.122230 0.429066
vt 0.132822 0.479789
vt 0.134863 0.523374
vt 0.125810 0.551568
vt 0.125810 0.408010
vt 0.134863 0.436204
vt 0.140605 0.479789
vt 0.141439 0.510469
vt 0.140984 0.540462
vt 0.140984 0.419116
vt 0.141439 0.449109
vt 0.151953 0.479789
vt 0.149211 0.520401
vt 0.149211 0.439177
vt 0.458246 0.744901
vt 0.459812 0.678060
vt 0.476409 0.678060
vt 0.475209 0.743545
vt 0.449846 0.740285
vt 0.452437 0.678060
vt 0.458246 0.611218
vt 0.475209 0.612574
vt 0.498380 0.678060
vt 0.497254 0.738959
vt 0.471608 0.769295
vt 0.453550 0.771618
vt 0.442073 0.766522
vt 0.449846 0.615834
vt 0.453550 0.584501
vt 0.471608 0.586825
vt 0.497254 0.617160
vt 0.521877 0.678060
vt 0.520904 0.733886
vt 0.493877 0.763094
vt 0.442073 0.589597
vt 0.493877 0.593025
vt 0.520904 0.622233
vt 0.541432 0.678060
vt 0.540920 0.728897
vt 0.540920 0.627222
vt 0.551579 0.678060
vt 0.552063 0.724558
vt 0.552063 0.631561
vt 0.060095 0.079797
vt 0.057441 0.131467
vt 0.026056 0.126459
vt 0.027806 0.080935
vt 0.082142 0.078677
vt 0.080401 0.132005
vt 0.057430 0.144838
vt 0.028862 0.144741
vt 0.007882 0.119510
vt 0.000000 0.087823
vt 0.063790 0.024665
vt 0.033677 0.033082
vt 0.099067 0.078121
vt 0.099128 0.131157
vt 0.079928 0.155045
vt 0.083923 0.024774
vt 0.059514 0.149728
vt 0.034904 0.155179
vt 0.003695 0.137584
vt 0.005959 0.048107
vt 0.043233 0.007814
vt 0.066921 0.000906
vt 0.115993 0.078677
vt 0.117815 0.132005
vt 0.099311 0.162675
vt 0.099067 0.026960
vt 0.080452 0.167200
vt 0.084517 0.000011
vt 0.063141 0.175953
vt 0.042862 0.177170
vt 0.012223 0.158084
vt 0.138040 0.079797
vt 0.140714 0.131467
vt 0.118531 0.155045
vt 0.114211 0.024774
vt 0.099432 0.181667
vt 0.099067 0.001066
vt 0.081697 0.187877
vt 0.065906 0.204995
vt 0.048746 0.199428
vt 0.024593 0.178042
vt 0.170328 0.080935
vt 0.172078 0.126459
vt 0.140786 0.144838
vt 0.134345 0.024665
vt 0.118170 0.167200
vt 0.113617 0.000011
vt 0.099311 0.197125
vt 0.082635 0.208308
vt 0.198135 0.087823
vt 0.190253 0.119510
vt 0.169273 0.144741
vt 0.164458 0.033082
vt 0.138743 0.149728
vt 0.131214 0.000906
vt 0.116762 0.187877
vt 0.099128 0.209401
vt 0.194439 0.137584
vt 0.192175 0.048107
vt 0.163231 0.155179
vt 0.154901 0.007814
vt 0.135075 0.175953
vt 0.115581 0.208308
vt 0.185912 0.158084
vt 0.155273 0.177170
vt 0.132249 0.204995
vt 0.173542 0.178042
vt 0.149389 0.199428
vt 0.459212 0.243174
vt 0.446906 0.250259
vt 0.435255 0.223378
vt 0.447285 0.219170
vt 0.472595 0.261531
vt 0.454991 0.266939
vt 0.423370 0.255699
vt 0.416435 0.225456
vt 0.425852 0.201292
vt 0.441570 0.202341
vt 0.466379 0.238730
vt 0.459418 0.220631
vt 0.477943 0.288801
vt 0.455551 0.291938
vt 0.427162 0.272621
vt 0.480329 0.252401
vt 0.394221 0.258007
vt 0.394221 0.225963
vt 0.410056 0.200180
vt 0.444624 0.343774
vt 0.465764 0.339546
vt 0.426540 0.296416
vt 0.394221 0.275530
vt 0.365071 0.255699
vt 0.372006 0.225456
vt 0.394221 0.199608
vt 0.420235 0.347279
vt 0.431618 0.391422
vt 0.449301 0.385057
vt 0.394221 0.298991
vt 0.361279 0.272621
vt 0.341536 0.250259
vt 0.353186 0.223378
vt 0.378386 0.200180
vt 0.394221 0.348850
vt 0.413122 0.393948
vt 0.361901 0.296416
vt 0.333450 0.266939
vt 0.341156 0.219170
vt 0.329229 0.243174
vt 0.362590 0.201292
vt 0.368206 0.347279
vt 0.394221 0.394252
vt 0.332890 0.291938
vt 0.315846 0.261531
vt 0.346871 0.202341
vt 0.329023 0.220631
vt 0.322062 0.238730
vt 0.343817 0.343774
vt 0.375319 0.393948
vt 0.310499 0.288801
vt 0.308112 0.252401
vt 0.322677 0.339546
vt 0.356823 0.391422
vt 0.339140 0.385057
vt 0.936300 0.278353
vt 0.936300 0.267138
vt 0.947504 0.267138
vt 0.947504 0.278353
vt 0.925119 0.278353
vt 0.925119 0.267138
vt 0.936300 0.255922
vt 0.947504 0.255922
vt 0.914442 0.278353
vt 0.914442 0.267138
vt 0.925119 0.255922
vt 0.936300 0.244707
vt 0.947504 0.244707
vt 0.904753 0.278353
vt 0.904753 0.267138
vt 0.914442 0.255922
vt 0.925119 0.244707
vt 0.936300 0.233491
vt 0.947504 0.233491
vt 0.895876 0.278353
vt 0.895876 0.267138
vt 0.904753 0.255922
vt 0.914442 0.244707
vt 0.925119 0.233491
vt 0.936300 0.222276
vt 0.947504 0.222276
vt 0.887634 0.278353
vt 0.887634 0.267138
vt 0.895876 0.255922
vt 0.904753 0.244707
vt 0.914442 0.233491
vt 0.925119 0.222276
vt 0.936300 0.211060
vt 0.947504 0.211060
vt 0.879280 0.278353
vt 0.879280 0.267138
vt 0.887634 0.255922
vt 0.895876 0.244707
vt 0.904753 0.233491
vt 0.914442 0.222276
vt 0.925119 0.211060
vt 0.936300 0.199845
vt 0.947504 0.199845
vt 0.870068 0.278353
vt 0.870068 0.267138
vt 0.879280 0.255922
vt 0.887634 0.244707
vt 0.895876 0.233491
vt 0.904753 0.222276
vt 0.914442 0.211060
vt 0.925119 0.199845
vt 0.936300 0.188630
vt 0.947504 0.188630
vt 0.859836 0.277869
vt 0.859984 0.267138
vt 0.870068 0.255922
vt 0.879280 0.244707
vt 0.887634 0.233491
vt 0.895876 0.222276
vt 0.904753 0.211060
vt 0.914442 0.199845
vt 0.925119 0.188630
vt 0.936300 0.177414
vt 0.947504 0.177414
vt 0.848424 0.275401
vt 0.849014 0.267138
vt 0.860033 0.255922
vt 0.870068 0.244707
vt 0.879280 0.233491
vt 0.887634 0.222276
vt 0.895876 0.211060
vt 0.904753 0.199845
vt 0.914442 0.188630
vt 0.925119 0.177414
vt 0.936300 0.166199
vt 0.947504 0.166199
vt 0.849211 0.255922
vt 0.860033 0.244707
vt 0.870068 0.233491
vt 0.879280 0.222276
vt 0.887634 0.211060
vt 0.895876 0.199845
vt 0.904753 0.188630
vt 0.914442 0.177414
vt 0.925119 0.166199
vt 0.849211 0.244707
vt 0.860033 0.233491
vt 0.870068 0.222276
vt 0.879280 0.211060
vt 0.887634 0.199845
vt 0.895876 0.188630
vt 0.904753 0.177414
vt 0.914442 0.166199
vt 0.849211 0.233491
vt 0.860033 0.222276
vt 0.870068 0.211060
vt 0.879280 0.199845
vt 0.887634 0.188630
vt 0.895876 0.177414
vt 0.904753 0.166199
vt 0.849211 0.222276
vt 0.860033 0.211060
vt 0.870068 0.199845
vt 0.879280 0.188630
vt 0.887634 0.177414
vt 0.895876 0.166199
vt 0.849211 0.211060
vt 0.860033 0.199845
vt 0.870068 0.188630
vt 0.879280 0.177414
vt 0.887634 0.166199
vt 0.849211 0.199845
vt 0.860033 0.188630
vt 0.870068 0.177414
vt 0.879280 0.166199
vt 0.849211 0.188630
vt 0.859984 0.177414
vt 0.870068 0.166199
vt 0.849014 0.177414
vt 0.859836 0.166683
vt 0.848424 0.169150
vt 0.851109 0.023191
vt 0.851469 0.009648
vt 0.865518 0.009666
vt 0.865549 0.023196
vt 0.836238 0.023212
vt 0.837340 0.009166
vt 0.850468 0.000011
vt 0.864282 0.000011
vt 0.850200 0.036687
vt 0.865939 0.036729
vt 0.821672 0.026330
vt 0.823253 0.011339
vt 0.832934 0.037258
vt 0.849448 0.051304
vt 0.865992 0.051304
vt 0.808269 0.034372
vt 0.809082 0.019455
vt 0.817015 0.039257
vt 0.829587 0.051304
vt 0.849140 0.065350
vt 0.865432 0.065350
vt 0.794774 0.041421
vt 0.794793 0.025663
vt 0.806162 0.044025
vt 0.812276 0.051948
vt 0.828358 0.065350
vt 0.849119 0.079396
vt 0.865432 0.079396
vt 0.781504 0.043292
vt 0.780348 0.026917
vt 0.795648 0.010925
vt 0.809264 0.007471
vt 0.796265 0.048485
vt 0.810450 0.065544
vt 0.828273 0.079396
vt 0.865432 0.093442
vt 0.849140 0.093442
vt 0.775692 0.043132
vt 0.767360 0.027747
vt 0.781963 0.011238
vt 0.797419 0.055809
vt 0.803939 0.053878
vt 0.810266 0.079396
vt 0.828358 0.093442
vt 0.865992 0.107487
vt 0.849448 0.107487
vt 0.763164 0.042306
vt 0.757638 0.032557
vt 0.769039 0.011705
vt 0.810450 0.093247
vt 0.829587 0.107487
vt 0.865994 0.121558
vt 0.850257 0.121565
vt 0.812276 0.106844
vt 0.832934 0.121533
vt 0.865547 0.135485
vt 0.851111 0.135481
vt 0.817015 0.119554
vt 0.836238 0.135579
vt 0.865460 0.149410
vt 0.851414 0.149411
vt 0.821672 0.132461
vt 0.837340 0.149625
vt 0.823253 0.147453
vt 0.806162 0.114766
vt 0.808269 0.124419
vt 0.809082 0.139337
vt 0.796265 0.110307
vt 0.794774 0.117371
vt 0.794793 0.133129
vt 0.797419 0.102982
vt 0.803939 0.104913
vt 0.809264 0.151321
vt 0.795648 0.147867
vt 0.781504 0.115499
vt 0.780348 0.131874
vt 0.781963 0.147553
vt 0.775692 0.115660
vt 0.766459 0.132952
vt 0.768037 0.150107
vt 0.764652 0.113768
vt 0.755139 0.130341
vt 0.754651 0.151272
vt 0.012518 0.949198
vt 0.013556 0.935476
vt 0.027757 0.935476
vt 0.027117 0.949198
vt 0.000000 0.949198
vt 0.001584 0.935476
vt 0.014664 0.923998
vt 0.028127 0.923998
vt 0.027757 0.962920
vt 0.013556 0.962920
vt 0.001584 0.962920
vt 0.028127 0.974398
vt 0.014664 0.974398
vt 0.336931 0.002132
vt 0.366892 0.011281
vt 0.357558 0.032520
vt 0.333606 0.033246
vt 0.386746 0.033851
vt 0.367782 0.054159
vt 0.324322 0.093463
vt 0.306370 0.024162
vt 0.298963 0.000009
vt 0.402107 0.061006
vt 0.384700 0.069395
vt 0.285468 0.040509
vt 0.380331 0.093463
vt 0.263892 0.013148
vt 0.405039 0.093463
vt 0.259482 0.072550
vt 0.260196 0.048230
vt 0.384700 0.117531
vt 0.367782 0.132766
vt 0.237541 0.032465
vt 0.402107 0.125919
vt 0.259482 0.114376
vt 0.245755 0.093463
vt 0.226018 0.061744
vt 0.386746 0.153074
vt 0.357558 0.154405
vt 0.333606 0.153679
vt 0.285468 0.146416
vt 0.260196 0.138696
vt 0.226018 0.125181
vt 0.218804 0.093463
vt 0.366892 0.175645
vt 0.336931 0.184793
vt 0.306370 0.162764
vt 0.263892 0.173777
vt 0.237541 0.154461
vt 0.298963 0.186917
vt 0.259787 0.688377
vt 0.245794 0.709001
vt 0.236556 0.687264
vt 0.242691 0.668245
vt 0.222751 0.717470
vt 0.220116 0.686626
vt 0.214570 0.633700
vt 0.252843 0.654854
vt 0.270343 0.663439
vt 0.189675 0.719329
vt 0.197570 0.694610
vt 0.250221 0.633700
vt 0.180893 0.680242
vt 0.159013 0.707366
vt 0.242691 0.599155
vt 0.252843 0.612546
vt 0.161594 0.673456
vt 0.163233 0.652081
vt 0.138093 0.689591
vt 0.220116 0.580774
vt 0.236556 0.580136
vt 0.259787 0.579023
vt 0.270343 0.603961
vt 0.130331 0.662793
vt 0.152928 0.633700
vt 0.163233 0.615319
vt 0.180893 0.587158
vt 0.197570 0.572790
vt 0.222751 0.549931
vt 0.245794 0.558399
vt 0.125031 0.633700
vt 0.130331 0.604607
vt 0.161594 0.593944
vt 0.159013 0.560034
vt 0.189675 0.548071
vt 0.138093 0.577809
vt 0.453905 0.857411
vt 0.452950 0.854074
vt 0.459044 0.847213
vt 0.460930 0.853803
vt 0.447246 0.861109
vt 0.451463 0.851426
vt 0.456107 0.841982
vt 0.465379 0.840693
vt 0.468150 0.850376
vt 0.454234 0.861109
vt 0.461580 0.861109
vt 0.449589 0.849726
vt 0.452405 0.838624
vt 0.461063 0.833009
vt 0.471799 0.834676
vt 0.475386 0.847213
vt 0.469105 0.861109
vt 0.453905 0.864808
vt 0.460930 0.868415
vt 0.447512 0.849141
vt 0.448302 0.837467
vt 0.455625 0.828075
vt 0.466211 0.824728
vt 0.478145 0.829311
vt 0.482461 0.844392
vt 0.476622 0.861109
vt 0.468150 0.871842
vt 0.452950 0.868144
vt 0.459044 0.875006
vt 0.445434 0.849726
vt 0.444199 0.838624
vt 0.449597 0.826375
vt 0.459170 0.818340
vt 0.471423 0.817342
vt 0.484262 0.824728
vt 0.489199 0.841982
vt 0.483948 0.861109
vt 0.475386 0.875006
vt 0.465379 0.881525
vt 0.451463 0.870792
vt 0.456107 0.880236
vt 0.443569 0.828076
vt 0.451366 0.816139
vt 0.462953 0.809658
vt 0.476571 0.811034
vt 0.489998 0.821041
vt 0.495436 0.840044
vt 0.490901 0.861109
vt 0.482461 0.877827
vt 0.471799 0.887542
vt 0.461063 0.889209
vt 0.449589 0.872492
vt 0.452405 0.883594
vt 0.443561 0.851426
vt 0.443561 0.818340
vt 0.453564 0.807010
vt 0.466880 0.802243
vt 0.481528 0.805960
vt 0.489199 0.880236
vt 0.478145 0.892908
vt 0.466211 0.897491
vt 0.455625 0.894143
vt 0.447512 0.873078
vt 0.448302 0.884751
vt 0.442073 0.854074
vt 0.444175 0.809658
vt 0.456138 0.799213
vt 0.470855 0.796277
vt 0.486171 0.802243
vt 0.495212 0.818340
vt 0.484262 0.897491
vt 0.471423 0.904876
vt 0.459170 0.903878
vt 0.449597 0.895843
vt 0.445434 0.872492
vt 0.444199 0.883594
vt 0.445395 0.802243
vt 0.459024 0.792940
vt 0.474779 0.791907
vt 0.495436 0.882174
vt 0.489998 0.901178
vt 0.476571 0.911184
vt 0.462953 0.912560
vt 0.451366 0.906079
vt 0.443569 0.894143
vt 0.443561 0.870792
vt 0.447193 0.796277
vt 0.462151 0.788346
vt 0.478557 0.789242
vt 0.490388 0.799975
vt 0.481528 0.916259
vt 0.466880 0.919976
vt 0.453564 0.915208
vt 0.443561 0.903878
vt 0.442073 0.868144
vt 0.495212 0.903878
vt 0.486171 0.919976
vt 0.470855 0.925941
vt 0.456138 0.923005
vt 0.444175 0.912560
vt 0.474779 0.930311
vt 0.459024 0.929278
vt 0.445395 0.919976
vt 0.490388 0.922243
vt 0.478557 0.932976
vt 0.462151 0.933872
vt 0.447193 0.925941
vt 0.893411 0.131629
vt 0.884371 0.115532
vt 0.889585 0.112831
vt 0.898055 0.127913
vt 0.895321 0.109144
vt 0.903012 0.122838
vt 0.904804 0.141965
vt 0.908728 0.137595
vt 0.884147 0.093828
vt 0.890384 0.091890
vt 0.901438 0.104561
vt 0.908160 0.116530
vt 0.912703 0.131629
vt 0.901026 0.144630
vt 0.889195 0.133897
vt 0.917432 0.145526
vt 0.920559 0.140932
vt 0.897122 0.089480
vt 0.907784 0.099196
vt 0.913372 0.109144
vt 0.916630 0.124214
vt 0.923445 0.134659
vt 0.888682 0.072763
vt 0.895635 0.072763
vt 0.904197 0.086659
vt 0.914204 0.093179
vt 0.918519 0.100863
vt 0.920412 0.115532
vt 0.926019 0.126862
vt 0.932390 0.137595
vt 0.934188 0.131629
vt 0.890384 0.053636
vt 0.897122 0.056045
vt 0.902960 0.072763
vt 0.911433 0.083496
vt 0.920539 0.086659
vt 0.923476 0.091890
vt 0.923958 0.105797
vt 0.928217 0.117733
vt 0.935408 0.124214
vt 0.895321 0.036381
vt 0.901438 0.040964
vt 0.904197 0.058866
vt 0.910478 0.072763
vt 0.918653 0.080069
vt 0.926633 0.079798
vt 0.928120 0.082446
vt 0.927178 0.095248
vt 0.929986 0.107497
vt 0.936022 0.115532
vt 0.884147 0.051698
vt 0.889585 0.032694
vt 0.903012 0.022688
vt 0.908160 0.028996
vt 0.907784 0.046330
vt 0.911433 0.062030
vt 0.918003 0.072763
vt 0.925678 0.076461
vt 0.932337 0.072763
vt 0.929994 0.084146
vt 0.931281 0.096405
vt 0.936014 0.105797
vt 0.898055 0.017613
vt 0.912703 0.013896
vt 0.916630 0.021312
vt 0.913372 0.036381
vt 0.914204 0.052347
vt 0.918653 0.065457
vt 0.925349 0.072763
vt 0.932071 0.084731
vt 0.935384 0.095248
vt 0.884371 0.029994
vt 0.893411 0.013896
vt 0.908728 0.007931
vt 0.923445 0.010867
vt 0.926019 0.018664
vt 0.920412 0.029994
vt 0.918519 0.044663
vt 0.920539 0.058866
vt 0.925678 0.069064
vt 0.934148 0.084146
vt 0.904804 0.003561
vt 0.920559 0.004594
vt 0.934188 0.013896
vt 0.935408 0.021312
vt 0.928217 0.027793
vt 0.923958 0.039729
vt 0.923476 0.053636
vt 0.926633 0.065728
vt 0.889195 0.011629
vt 0.901026 0.000896
vt 0.917432 -0.000000
vt 0.932390 0.007931
vt 0.936022 0.029994
vt 0.929986 0.038029
vt 0.927178 0.050278
vt 0.928120 0.063080
vt 0.936022 0.082446
vt 0.936014 0.039729
vt 0.931281 0.049121
vt 0.929994 0.061380
vt 0.937509 0.079798
vt 0.935384 0.050278
vt 0.932071 0.060795
vt 0.934148 0.061380
vt 0.936022 0.063080
vt 0.937509 0.065728
vt 0.625868 0.909869
vt 0.632833 0.913405
vt 0.625868 0.921941
vt 0.625868 0.899266
vt 0.638878 0.905997
vt 0.635718 0.921941
vt 0.618904 0.913405
vt 0.612860 0.905997
vt 0.625868 0.889744
vt 0.644444 0.899174
vt 0.632833 0.930477
vt 0.616019 0.921941
vt 0.607293 0.899174
vt 0.625868 0.934013
vt 0.618904 0.930477
vt 0.638878 0.937885
vt 0.625868 0.944616
vt 0.644444 0.944708
vt 0.625868 0.954138
vt 0.612860 0.937885
vt 0.607293 0.944708
vt 0.538187 0.941994
vt 0.530962 0.945662
vt 0.530962 0.933139
vt 0.544312 0.949501
vt 0.530962 0.956278
vt 0.523737 0.941994
vt 0.541180 0.933139
vt 0.548405 0.954517
vt 0.530962 0.963372
vt 0.517612 0.949501
vt 0.520745 0.933139
vt 0.538187 0.924283
vt 0.513520 0.954517
vt 0.523737 0.924283
vt 0.530962 0.920615
vt 0.530962 0.909999
vt 0.544312 0.916776
vt 0.517612 0.916776
vt 0.530962 0.902905
vt 0.548405 0.911760
vt 0.513520 0.911760
vt 0.691064 0.350922
vt 0.698653 0.348456
vt 0.696555 0.354912
vt 0.687670 0.348456
vt 0.699949 0.344467
vt 0.703343 0.354912
vt 0.691064 0.358902
vt 0.707538 0.354912
vt 0.698653 0.361368
vt 0.699949 0.365357
vt 0.687670 0.361368
vt 0.010983 0.342504
vt 0.003394 0.340038
vt 0.008885 0.336049
vt 0.012279 0.346494
vt 0.000000 0.342504
vt 0.003394 0.332059
vt 0.015673 0.336049
vt 0.019868 0.336049
vt 0.010983 0.329593
vt 0.012279 0.325603
vt 0.000000 0.329593
vt 0.115029 0.360357
vt 0.122618 0.357891
vt 0.120520 0.364347
vt 0.111635 0.357891
vt 0.123914 0.353902
vt 0.127308 0.364347
vt 0.115029 0.368337
vt 0.131503 0.364347
vt 0.122618 0.370803
vt 0.123914 0.374792
vt 0.111635 0.370803
vt 0.618276 0.274724
vt 0.610687 0.272258
vt 0.616178 0.268268
vt 0.619572 0.278714
vt 0.607293 0.274724
vt 0.610687 0.264278
vt 0.622966 0.268268
vt 0.627161 0.268268
vt 0.618276 0.261813
vt 0.619572 0.257823
vt 0.607293 0.261813
vt 0.687737 0.499966
vt 0.693977 0.487248
vt 0.706060 0.491344
vt 0.698027 0.507715
vt 0.696136 0.472984
vt 0.708838 0.472984
vt 0.719434 0.496408
vt 0.709185 0.517293
vt 0.678090 0.509760
vt 0.685609 0.520321
vt 0.693977 0.458721
vt 0.706060 0.454624
vt 0.722978 0.472984
vt 0.693343 0.533376
vt 0.666082 0.515569
vt 0.670153 0.527799
vt 0.687737 0.446003
vt 0.698027 0.438254
vt 0.719434 0.449561
vt 0.716950 0.525042
vt 0.698337 0.543938
vt 0.673624 0.542916
vt 0.662966 0.510897
vt 0.673657 0.505726
vt 0.653014 0.516763
vt 0.653332 0.529336
vt 0.678090 0.436209
vt 0.685609 0.425647
vt 0.709185 0.428676
vt 0.675169 0.555146
vt 0.652165 0.544877
vt 0.640303 0.513213
vt 0.636971 0.524766
vt 0.666082 0.430400
vt 0.670153 0.418170
vt 0.693343 0.412592
vt 0.649957 0.557450
vt 0.631291 0.539047
vt 0.629326 0.505304
vt 0.622841 0.514585
vt 0.673657 0.440243
vt 0.662966 0.435072
vt 0.653014 0.429206
vt 0.653332 0.416633
vt 0.673624 0.403053
vt 0.698337 0.402031
vt 0.716950 0.420927
vt 0.625433 0.550600
vt 0.613264 0.526059
vt 0.640303 0.432756
vt 0.636971 0.421203
vt 0.652165 0.401092
vt 0.675169 0.390823
vt 0.604254 0.535340
vt 0.612474 0.499896
vt 0.600038 0.507319
vt 0.629326 0.440665
vt 0.622841 0.431383
vt 0.631291 0.406922
vt 0.649957 0.388519
vt 0.621635 0.555013
vt 0.599251 0.538886
vt 0.588715 0.513323
vt 0.606994 0.482291
vt 0.593047 0.484858
vt 0.613264 0.419910
vt 0.625433 0.395368
vt 0.580501 0.486935
vt 0.606994 0.463677
vt 0.593047 0.461111
vt 0.612474 0.446072
vt 0.600038 0.438650
vt 0.604254 0.410628
vt 0.580501 0.459034
vt 0.588715 0.432646
vt 0.599251 0.407083
vt 0.621635 0.390955
vt 0.676178 0.219289
vt 0.688267 0.243924
vt 0.676136 0.248037
vt 0.665846 0.227068
vt 0.692447 0.271554
vt 0.679694 0.271554
vt 0.662708 0.253121
vt 0.654643 0.236685
vt 0.657490 0.200317
vt 0.649941 0.210921
vt 0.688267 0.299184
vt 0.676136 0.295072
vt 0.665498 0.271554
vt 0.642176 0.224028
vt 0.634230 0.189064
vt 0.630143 0.201343
vt 0.676178 0.323820
vt 0.665846 0.316040
vt 0.662708 0.289988
vt 0.646847 0.244465
vt 0.637162 0.234632
vt 0.626657 0.216521
vt 0.637358 0.184374
vt 0.661941 0.196266
vt 0.608917 0.186751
vt 0.608597 0.199374
vt 0.657490 0.342792
vt 0.649941 0.332188
vt 0.654643 0.306424
vt 0.625106 0.228800
vt 0.609770 0.214977
vt 0.584294 0.193628
vt 0.587640 0.205227
vt 0.634230 0.354045
vt 0.630143 0.341766
vt 0.642176 0.319081
vt 0.611986 0.227601
vt 0.593343 0.219565
vt 0.563030 0.208949
vt 0.569541 0.218268
vt 0.661941 0.346843
vt 0.637358 0.358735
vt 0.608917 0.356358
vt 0.608597 0.343735
vt 0.626657 0.326588
vt 0.637162 0.308477
vt 0.646847 0.298644
vt 0.599224 0.231165
vt 0.579156 0.229787
vt 0.584294 0.349481
vt 0.587640 0.337882
vt 0.609770 0.328131
vt 0.625106 0.314309
vt 0.588203 0.239106
vt 0.556263 0.237083
vt 0.568748 0.244534
vt 0.563030 0.334160
vt 0.569541 0.324841
vt 0.593343 0.323544
vt 0.611986 0.315508
vt 0.603037 0.235596
vt 0.593225 0.242665
vt 0.580117 0.250563
vt 0.549243 0.259633
vt 0.563246 0.262210
vt 0.579156 0.313322
vt 0.599224 0.311944
vt 0.575842 0.264295
vt 0.549243 0.283476
vt 0.563246 0.280899
vt 0.556263 0.306026
vt 0.568748 0.298574
vt 0.588203 0.304003
vt 0.575842 0.278814
vt 0.580117 0.292546
vt 0.593225 0.300444
vt 0.603037 0.307513
vt 0.410751 0.652013
vt 0.413865 0.646113
vt 0.420204 0.648013
vt 0.416194 0.655609
vt 0.414942 0.639495
vt 0.421590 0.639495
vt 0.426878 0.650363
vt 0.421763 0.660053
vt 0.405936 0.656558
vt 0.409997 0.661458
vt 0.413865 0.632877
vt 0.420204 0.630976
vt 0.428647 0.639495
vt 0.413857 0.667515
vt 0.399943 0.659253
vt 0.402283 0.664927
vt 0.410751 0.626976
vt 0.416194 0.623381
vt 0.426878 0.628627
vt 0.404015 0.671941
vt 0.393421 0.659807
vt 0.393888 0.665640
vt 0.405936 0.622432
vt 0.409997 0.617532
vt 0.421763 0.618937
vt 0.416041 0.672415
vt 0.404479 0.677615
vt 0.393305 0.672851
vt 0.387078 0.658160
vt 0.385722 0.663520
vt 0.399943 0.619737
vt 0.402283 0.614062
vt 0.413857 0.611474
vt 0.391896 0.678684
vt 0.382888 0.670146
vt 0.381599 0.654490
vt 0.378671 0.658797
vt 0.393421 0.619183
vt 0.393888 0.613349
vt 0.404015 0.607048
vt 0.379656 0.675507
vt 0.373891 0.664120
vt 0.387078 0.620830
vt 0.385722 0.615469
vt 0.393305 0.606139
vt 0.404479 0.601374
vt 0.416041 0.606574
vt 0.369086 0.668426
vt 0.373497 0.651981
vt 0.367290 0.655425
vt 0.381599 0.624499
vt 0.378671 0.620193
vt 0.382888 0.608843
vt 0.391896 0.600305
vt 0.361331 0.658211
vt 0.370762 0.643813
vt 0.363801 0.645004
vt 0.373891 0.614870
vt 0.379656 0.603483
vt 0.357231 0.645967
vt 0.370762 0.635177
vt 0.363801 0.633986
vt 0.373497 0.627008
vt 0.367290 0.623565
vt 0.369086 0.610563
vt 0.357231 0.633022
vt 0.361331 0.620779
vt 0.813709 0.872848
vt 0.819729 0.884254
vt 0.813379 0.886158
vt 0.808255 0.876450
vt 0.821811 0.897046
vt 0.815151 0.897046
vt 0.806692 0.888512
vt 0.802676 0.880902
vt 0.804402 0.864065
vt 0.800334 0.868974
vt 0.819729 0.909838
vt 0.813379 0.907934
vt 0.808081 0.897046
vt 0.796467 0.875042
vt 0.792818 0.858855
vt 0.790474 0.864540
vt 0.813709 0.921244
vt 0.808255 0.917642
vt 0.806692 0.905580
vt 0.788738 0.871567
vt 0.780212 0.857784
vt 0.779744 0.863628
vt 0.804402 0.930028
vt 0.800334 0.925118
vt 0.802676 0.913190
vt 0.794278 0.879952
vt 0.788274 0.877252
vt 0.780328 0.870852
vt 0.767950 0.860968
vt 0.769307 0.866338
vt 0.792818 0.935237
vt 0.790474 0.929552
vt 0.796467 0.919050
vt 0.781741 0.876697
vt 0.772147 0.872976
vt 0.757360 0.868061
vt 0.760294 0.872376
vt 0.780212 0.936308
vt 0.779744 0.930464
vt 0.788738 0.922525
vt 0.775385 0.878347
vt 0.765082 0.877709
vt 0.767950 0.933124
vt 0.769307 0.927754
vt 0.780328 0.923240
vt 0.788274 0.916841
vt 0.794278 0.914140
vt 0.769896 0.882023
vt 0.753681 0.881087
vt 0.759899 0.884536
vt 0.757360 0.926031
vt 0.760294 0.921717
vt 0.772147 0.921116
vt 0.781741 0.917396
vt 0.765870 0.887328
vt 0.750185 0.891527
vt 0.757159 0.892720
vt 0.765082 0.916384
vt 0.775385 0.915746
vt 0.763741 0.893685
vt 0.750185 0.902565
vt 0.757159 0.901372
vt 0.753681 0.913006
vt 0.759899 0.909556
vt 0.769896 0.912069
vt 0.763741 0.900407
vt 0.765870 0.906765
vt 0.854472 0.343162
vt 0.869688 0.334069
vt 0.871060 0.373744
vt 0.851587 0.373744
vt 0.844970 0.329904
vt 0.865570 0.314926
vt 0.892575 0.335876
vt 0.892925 0.373744
vt 0.869688 0.413420
vt 0.854472 0.404327
vt 0.838103 0.373744
vt 0.835028 0.325814
vt 0.860516 0.306689
vt 0.891524 0.315399
vt 0.913802 0.336373
vt 0.913585 0.373744
vt 0.892575 0.411612
vt 0.865570 0.432563
vt 0.844970 0.417584
vt 0.892215 0.304580
vt 0.914453 0.317912
vt 0.913802 0.411116
vt 0.891524 0.432090
vt 0.860516 0.440799
vt 0.835028 0.421675
vt 0.919343 0.307693
vt 0.914453 0.429576
vt 0.892215 0.442909
vt 0.919343 0.439795
vt 0.443216 0.053304
vt 0.460545 0.037892
vt 0.460960 0.095448
vt 0.439826 0.095448
vt 0.432984 0.037631
vt 0.459299 0.013253
vt 0.487150 0.034965
vt 0.484855 0.095448
vt 0.460545 0.153005
vt 0.443216 0.137593
vt 0.424212 0.095448
vt 0.494034 0.008738
vt 0.513578 0.039530
vt 0.508750 0.095448
vt 0.487150 0.155932
vt 0.459299 0.177644
vt 0.432984 0.153266
vt 0.528064 0.010515
vt 0.533870 0.052816
vt 0.533945 0.095448
vt 0.513578 0.151367
vt 0.494034 0.182158
vt 0.553322 0.034210
vt 0.561742 0.095448
vt 0.533870 0.138081
vt 0.528064 0.180382
vt 0.542591 0.000003
vt 0.573163 0.022698
vt 0.553322 0.156687
vt 0.573163 0.168199
vt 0.542591 0.190894
vt 0.367082 0.447522
vt 0.418234 0.447699
vt 0.418355 0.464780
vt 0.367082 0.464278
vt 0.367082 0.430061
vt 0.405586 0.433901
vt 0.416964 0.481433
vt 0.367082 0.481034
vt 0.314222 0.439595
vt 0.312284 0.458278
vt 0.367082 0.411190
vt 0.421180 0.423656
vt 0.441550 0.441842
vt 0.327819 0.426030
vt 0.415891 0.497851
vt 0.367082 0.497791
vt 0.311638 0.477820
vt 0.311277 0.409139
vt 0.285785 0.422201
vt 0.416964 0.514229
vt 0.367082 0.514547
vt 0.311638 0.497791
vt 0.418355 0.530821
vt 0.367082 0.531303
vt 0.311638 0.517761
vt 0.418234 0.547882
vt 0.367082 0.548059
vt 0.312284 0.537303
vt 0.405586 0.561680
vt 0.367082 0.565520
vt 0.314222 0.555986
vt 0.441550 0.553739
vt 0.421180 0.571925
vt 0.367082 0.584391
vt 0.327819 0.569552
vt 0.311277 0.586442
vt 0.285785 0.573380
vt 0.565619 0.541789
vt 0.587695 0.570349
vt 0.533364 0.554389
vt 0.518906 0.531942
vt 0.550858 0.583691
vt 0.512640 0.566638
vt 0.497346 0.541575
vt 0.478854 0.526196
vt 0.481577 0.545715
vt 0.467519 0.532446
vt 0.494856 0.507535
vt 0.471831 0.509005
vt 0.479148 0.568585
vt 0.474594 0.553328
vt 0.486805 0.489404
vt 0.464030 0.491730
vt 0.486780 0.474412
vt 0.459935 0.474412
vt 0.486805 0.459420
vt 0.464030 0.457094
vt 0.494856 0.441290
vt 0.471831 0.439819
vt 0.518906 0.416882
vt 0.478854 0.422629
vt 0.533364 0.394435
vt 0.497346 0.407250
vt 0.587695 0.378476
vt 0.565619 0.407036
vt 0.467519 0.416379
vt 0.481577 0.403109
vt 0.512640 0.382187
vt 0.550858 0.365134
vt 0.479148 0.380240
vt 0.474594 0.395497
vt 0.704636 0.711893
vt 0.702010 0.658563
vt 0.714521 0.658727
vt 0.717809 0.712234
vt 0.691466 0.711411
vt 0.689511 0.658335
vt 0.699384 0.605691
vt 0.711233 0.605732
vt 0.723908 0.659102
vt 0.724105 0.713353
vt 0.678352 0.711047
vt 0.677274 0.658120
vt 0.687556 0.605635
vt 0.692118 0.730103
vt 0.705590 0.726737
vt 0.698509 0.588068
vt 0.710137 0.588068
vt 0.718845 0.619639
vt 0.718986 0.727213
vt 0.732140 0.713779
vt 0.665346 0.711059
vt 0.665549 0.657992
vt 0.676186 0.605581
vt 0.678685 0.729723
vt 0.686904 0.588068
vt 0.652362 0.711260
vt 0.654202 0.657889
vt 0.665713 0.605549
vt 0.665173 0.730412
vt 0.675824 0.588068
vt 0.639314 0.711461
vt 0.643096 0.657749
vt 0.655966 0.605523
vt 0.665768 0.588068
vt 0.626990 0.709609
vt 0.631796 0.657615
vt 0.646774 0.605488
vt 0.656554 0.588068
vt 0.616964 0.702129
vt 0.619863 0.657529
vt 0.637447 0.605454
vt 0.648000 0.588068
vt 0.627293 0.605433
vt 0.639331 0.588068
vt 0.608240 0.652839
vt 0.616317 0.604268
vt 0.629770 0.588068
vt 0.597807 0.639021
vt 0.604523 0.600806
vt 0.619150 0.588068
vt 0.589704 0.629922
vt 0.596533 0.606670
vt 0.607306 0.588068
vt 0.597435 0.668678
vt 0.607106 0.689838
vt 0.595504 0.600930
vt 0.589540 0.658676
vt 0.594555 0.697023
vt 0.606347 0.712415
vt 0.585014 0.673916
vt 0.602210 0.724978
vt 0.613627 0.736496
vt 0.584966 0.696785
vt 0.518615 0.471954
vt 0.521941 0.452606
vt 0.533862 0.462273
vt 0.529373 0.482674
vt 0.544665 0.466126
vt 0.539380 0.486702
vt 0.517985 0.491028
vt 0.527962 0.501694
vt 0.528961 0.445337
vt 0.540972 0.443311
vt 0.549623 0.463022
vt 0.551131 0.481913
vt 0.538413 0.502962
vt 0.546544 0.441596
vt 0.560697 0.455771
vt 0.561803 0.471267
vt 0.559267 0.439758
vt 0.299751 0.714133
vt 0.299411 0.701023
vt 0.352665 0.704295
vt 0.352828 0.716747
vt 0.281918 0.713236
vt 0.281377 0.699906
vt 0.298298 0.694757
vt 0.352291 0.694952
vt 0.405408 0.707567
vt 0.405449 0.719360
vt 0.300230 0.727241
vt 0.353055 0.729187
vt 0.297874 0.686760
vt 0.281627 0.726592
vt 0.391568 0.699992
vt 0.422989 0.708658
vt 0.422989 0.720231
vt 0.405506 0.731132
vt 0.300593 0.740293
vt 0.353269 0.741366
vt 0.282006 0.739961
vt 0.422989 0.731781
vt 0.405559 0.742448
vt 0.300581 0.753237
vt 0.353396 0.753035
vt 0.281319 0.753409
vt 0.422989 0.742809
vt 0.405591 0.752872
vt 0.300381 0.766159
vt 0.353499 0.764328
vt 0.422989 0.752817
vt 0.405616 0.762572
vt 0.300181 0.779146
vt 0.353638 0.775381
vt 0.422989 0.761987
vt 0.405651 0.771720
vt 0.300181 0.792362
vt 0.353771 0.786628
vt 0.422989 0.770500
vt 0.405685 0.781004
vt 0.302343 0.805066
vt 0.353857 0.798505
vt 0.422989 0.779129
vt 0.405706 0.791110
vt 0.314392 0.814973
vt 0.358494 0.810088
vt 0.422989 0.788645
vt 0.406865 0.802034
vt 0.338164 0.823198
vt 0.372278 0.820456
vt 0.422989 0.799214
vt 0.410311 0.813772
vt 0.351516 0.829303
vt 0.381333 0.828520
vt 0.422989 0.811002
vt 0.404475 0.821723
vt 0.410188 0.822748
vt 0.129553 0.225416
vt 0.129627 0.248947
vt 0.127175 0.279529
vt 0.125031 0.264767
vt 0.063145 0.631950
vt 0.073900 0.621234
vt 0.078387 0.641628
vt 0.067302 0.652903
vt 0.062515 0.612883
vt 0.072488 0.602220
vt 0.083902 0.617207
vt 0.089186 0.637775
vt 0.082936 0.600953
vt 0.095650 0.621995
vt 0.094142 0.640879
vt 0.085494 0.660582
vt 0.074913 0.661679
vt 0.106318 0.632636
vt 0.105212 0.648127
vt 0.091065 0.662297
vt 0.103782 0.664135
vt 0.264403 0.417269
vt 0.264246 0.448331
vt 0.215601 0.449592
vt 0.216229 0.420237
vt 0.263775 0.487693
vt 0.213716 0.489658
vt 0.179910 0.452893
vt 0.180905 0.429550
vt 0.263304 0.524052
vt 0.211830 0.528177
vt 0.176925 0.486398
vt 0.174150 0.517458
vt 0.264558 0.944892
vt 0.264086 0.908533
vt 0.314146 0.910498
vt 0.316031 0.949017
vt 0.263615 0.869171
vt 0.312261 0.870433
vt 0.350936 0.907238
vt 0.353711 0.938299
vt 0.263458 0.838110
vt 0.311633 0.841078
vt 0.347952 0.873733
vt 0.346957 0.850391
vt 0.702836 0.943677
vt 0.697144 0.955014
vt 0.690791 0.952781
vt 0.696866 0.940680
vt 0.684275 0.950094
vt 0.690583 0.937526
vt 0.677755 0.947017
vt 0.684142 0.934293
vt 0.702941 0.928579
vt 0.696892 0.924959
vt 0.671392 0.943627
vt 0.677701 0.931059
vt 0.690529 0.921569
vt 0.665343 0.940007
vt 0.671418 0.927905
vt 0.684009 0.918492
vt 0.677492 0.915804
vt 0.665448 0.924909
vt 0.671139 0.913571
vt 0.501455 0.348236
vt 0.495763 0.336899
vt 0.501733 0.333902
vt 0.507808 0.346004
vt 0.508016 0.330748
vt 0.514324 0.343316
vt 0.495658 0.321801
vt 0.501707 0.318181
vt 0.514457 0.327515
vt 0.520844 0.340239
vt 0.508070 0.314791
vt 0.520898 0.324281
vt 0.527207 0.336849
vt 0.514590 0.311714
vt 0.527181 0.321128
vt 0.533256 0.333229
vt 0.521106 0.309026
vt 0.527460 0.306794
vt 0.533151 0.318131
vt 0.776930 0.060034
vt 0.776930 0.077175
vt 0.765607 0.077175
vt 0.765615 0.060117
vt 0.776930 0.094315
vt 0.765615 0.094233
vt 0.754651 0.077175
vt 0.754651 0.061659
vt 0.754651 0.092690
vt 0.218804 0.995617
vt 0.218804 0.978476
vt 0.230127 0.978476
vt 0.230119 0.995535
vt 0.218804 0.961336
vt 0.230119 0.961418
vt 0.241083 0.978476
vt 0.241083 0.993992
vt 0.241083 0.962961
vt 0.305648 0.372374
vt 0.305648 0.383500
vt 0.299181 0.383500
vt 0.299181 0.372374
vt 0.305648 0.365497
vt 0.299181 0.365497
vt 0.982386 0.418534
vt 0.982386 0.407408
vt 0.988853 0.407408
vt 0.988853 0.418534
vt 0.982386 0.400532
vt 0.988853 0.400532
vt 0.658414 0.463841
vt 0.658414 0.474967
vt 0.651947 0.474967
vt 0.651947 0.463841
vt 0.658414 0.456964
vt 0.651947 0.456964
vt 0.821632 0.466498
vt 0.821632 0.455372
vt 0.828099 0.455372
vt 0.828099 0.466498
vt 0.821632 0.448496
vt 0.828099 0.448496
vt 0.390106 0.976030
vt 0.387404 0.964085
vt 0.396428 0.960886
vt 0.399462 0.974303
vt 0.380916 0.978498
vt 0.377881 0.965082
vt 0.392734 0.987649
vt 0.402415 0.987353
vt 0.375093 0.952753
vt 0.384921 0.953109
vt 0.383868 0.991549
vt 0.807148 0.975120
vt 0.804520 0.986739
vt 0.794839 0.986444
vt 0.797791 0.973393
vt 0.816337 0.977588
vt 0.813385 0.990639
vt 0.809850 0.963176
vt 0.800826 0.959977
vt 0.819372 0.964172
vt 0.822161 0.951843
vt 0.812333 0.952200
vt 0.971609 0.263927
vt 0.976990 0.240140
vt 0.986818 0.239784
vt 0.981132 0.264923
vt 0.965754 0.289812
vt 0.974943 0.292280
vt 0.990156 0.268122
vt 0.984300 0.294007
vt 0.960059 0.314991
vt 0.968924 0.318891
vt 0.978605 0.319187
vt 0.524525 0.251281
vt 0.530221 0.276460
vt 0.521355 0.280360
vt 0.515336 0.253749
vt 0.511674 0.280655
vt 0.505979 0.255476
vt 0.518670 0.225395
vt 0.509148 0.226392
vt 0.500124 0.229591
vt 0.513289 0.201609
vt 0.503461 0.201253
vt 0.280599 0.211714
vt 0.279389 0.206364
vt 0.285849 0.203645
vt 0.287208 0.209655
vt 0.273748 0.212699
vt 0.272389 0.206690
vt 0.281916 0.217536
vt 0.288687 0.216194
vt 0.275227 0.219239
vt 0.283197 0.223199
vt 0.290126 0.222555
vt 0.276666 0.225600
vt 0.277909 0.231093
vt 0.284304 0.228090
vt 0.204687 0.013896
vt 0.203406 0.019559
vt 0.196477 0.018915
vt 0.197916 0.012554
vt 0.211376 0.015599
vt 0.209937 0.021960
vt 0.206004 0.008074
vt 0.199395 0.006014
vt 0.208694 0.027453
vt 0.202299 0.024450
vt 0.212855 0.009059
vt 0.207214 0.002724
vt 0.200755 0.000005
vt 0.214214 0.003050
vt 0.057147 0.952285
vt 0.059770 0.940691
vt 0.066770 0.941017
vt 0.063998 0.953270
vt 0.073229 0.943735
vt 0.070607 0.955329
vt 0.054293 0.964902
vt 0.060982 0.966605
vt 0.067753 0.967947
vt 0.051517 0.977175
vt 0.058048 0.979576
vt 0.064977 0.980220
vt 0.049119 0.987774
vt 0.055514 0.990777
vt 0.588817 0.960865
vt 0.591214 0.971464
vt 0.584820 0.974467
vt 0.582286 0.963266
vt 0.586041 0.948592
vt 0.579352 0.950295
vt 0.575357 0.963910
vt 0.572581 0.951637
vt 0.583187 0.935975
vt 0.576335 0.936961
vt 0.569727 0.939020
vt 0.580564 0.924381
vt 0.573564 0.924707
vt 0.567104 0.927426
vt 0.029772 0.308658
vt 0.023862 0.266091
vt 0.041574 0.263861
vt 0.046188 0.310966
vt 0.009794 0.272822
vt 0.019340 0.306805
vt 0.017516 0.225315
vt 0.036463 0.220471
vt 0.062120 0.265555
vt 0.066432 0.311966
vt 0.000000 0.239528
vt 0.057373 0.224439
vt 0.084689 0.270597
vt 0.088349 0.309892
vt 0.080781 0.236664
vt 0.105347 0.275296
vt 0.107801 0.305860
vt 0.069502 0.348760
vt 0.091001 0.341374
vt 0.101705 0.249139
vt 0.109197 0.330435
vt 0.194588 0.826695
vt 0.198899 0.780283
vt 0.219446 0.778589
vt 0.214832 0.825695
vt 0.172670 0.824620
vt 0.176330 0.785325
vt 0.203646 0.739167
vt 0.224557 0.735199
vt 0.237158 0.780820
vt 0.231247 0.823386
vt 0.153218 0.820588
vt 0.155673 0.790025
vt 0.180239 0.751393
vt 0.170019 0.856102
vt 0.191518 0.863489
vt 0.243504 0.740044
vt 0.251225 0.787550
vt 0.241680 0.821533
vt 0.159315 0.763868
vt 0.151823 0.845163
vt 0.261020 0.754256
vt 0.739949 0.514898
vt 0.775992 0.493748
vt 0.792665 0.516054
vt 0.757839 0.547343
vt 0.804749 0.489061
vt 0.821151 0.492677
vt 0.816967 0.546025
vt 0.780990 0.605625
vt 0.839755 0.500777
vt 0.846107 0.556016
vt 0.833685 0.606892
vt 0.748551 0.610502
vt 0.732324 0.581004
vt 0.857867 0.506695
vt 0.832492 0.630133
vt 0.783613 0.637872
vt 0.757345 0.631504
vt 0.076877 0.798421
vt 0.040900 0.738821
vt 0.065203 0.708850
vt 0.100028 0.740139
vt 0.024182 0.799688
vt 0.011760 0.748812
vt 0.018112 0.693573
vt 0.036717 0.685473
vt 0.081876 0.686544
vt 0.117919 0.707694
vt 0.125544 0.773799
vt 0.109317 0.803298
vt 0.000000 0.699491
vt 0.074255 0.830668
vt 0.025375 0.822929
vt 0.053119 0.681857
vt 0.100522 0.824300
vn 0.008096 -0.125763 -0.992027
vn 0.000763 0.068415 -0.997657
vn 0.150354 0.074056 -0.985855
vn 0.170288 -0.110508 -0.979178
vn 0.671974 0.094506 -0.734520
vn 0.629702 -0.073981 -0.773306
vn 0.208071 0.266129 -0.941213
vn 0.702249 0.180480 -0.688675
vn 0.001247 0.230417 -0.973091
vn 0.000756 0.774573 -0.632484
vn 0.492153 0.728321 -0.476794
vn 0.928790 0.273841 -0.249719
vn 0.646245 0.763119 0.004149
vn 0.962726 0.260408 -0.073122
vn 0.000000 1.000000 0.000000
vn 0.033803 -0.961410 -0.273037
vn 0.045953 -0.743466 -0.667193
vn 0.361843 -0.774469 -0.518910
vn 0.483677 -0.841861 -0.239429
vn 0.943865 -0.084478 -0.319346
vn 0.981598 -0.147731 -0.121000
vn 0.959297 0.109778 -0.260187
vn 0.988601 0.112064 -0.100549
vn -0.959336 -0.274540 -0.065595
vn -0.995222 0.089663 0.038659
vn -0.966430 0.144258 -0.212607
vn -0.551832 -0.289884 -0.781952
vn -0.261643 0.162423 -0.951400
vn -0.158095 -0.124536 -0.979539
vn -0.903180 0.417571 -0.099505
vn -0.298934 0.213702 -0.930038
vn -0.937057 0.332554 0.106452
vn 0.000000 1.000000 0.000000
vn 0.000000 1.000000 0.000000
vn 0.658822 0.752297 0.001555
vn 0.655939 0.754808 0.002877
vn 0.967026 0.254575 0.007300
vn 0.966855 0.253396 0.031352
vn 0.659829 0.751416 -0.000000
vn 0.966886 0.255208 -0.000000
vn 0.000000 1.000000 -0.000000
vn -0.980239 -0.197512 0.011007
vn -0.999549 -0.029473 0.005751
vn -0.999262 -0.022140 -0.031378
vn -0.968530 -0.224019 -0.108466
vn -0.999997 -0.002342 0.000351
vn -0.938761 -0.285063 -0.193562
vn -0.948123 0.317374 0.018346
vn -0.944900 0.326233 0.027128
vn -0.949601 0.313462 -0.000000
vn -0.002714 -0.999996 0.000000
vn 0.001559 -0.984295 -0.176526
vn 0.561484 -0.818624 -0.120792
vn 0.597260 -0.802048 0.000000
vn 0.987424 -0.157613 -0.012341
vn 0.986895 -0.161363 -0.000000
vn 0.557711 -0.814537 -0.159652
vn 0.989006 -0.147838 -0.003442
vn 0.005864 -0.973328 -0.229341
vn 0.994682 0.102040 0.013956
vn 0.994302 0.103531 0.025384
vn 0.994721 0.102617 -0.000000
vn 0.000000 1.000000 0.000000
vn 0.651548 0.758598 0.003802
vn 0.964359 0.263341 0.025739
vn -0.990396 0.030235 0.134910
vn -0.938359 -0.343869 0.035151
vn -0.942349 0.332310 0.039347
vn 0.004191 -0.975260 -0.221021
vn 0.512092 -0.841100 -0.174106
vn 0.988521 -0.150848 -0.008397
vn 0.994340 0.102692 0.027249
vn -0.628603 0.777700 0.006403
vn -0.620100 0.784477 0.008455
vn 0.000000 1.000000 0.000000
vn 0.000000 1.000000 0.000000
vn -0.632211 0.774797 -0.000000
vn 0.000000 1.000000 0.000000
vn -0.598948 0.800508 0.021203
vn -0.522796 0.849489 0.071083
vn 0.000000 1.000000 0.000000
vn 0.000000 1.000000 0.000000
vn -0.469383 0.674652 -0.569670
vn -0.402023 0.209697 -0.891294
vn -0.231414 0.668640 -0.706659
vn -0.396420 0.243501 -0.885189
vn -0.406131 0.086261 -0.909735
vn -0.475514 -0.293455 -0.829319
vn -0.559342 -0.033468 -0.828261
vn -0.553242 -0.306606 -0.774542
vn -0.323300 -0.368857 -0.871448
vn -0.789123 -0.522187 -0.323429
vn -0.524172 -0.380221 -0.762021
vn -0.677576 -0.482208 -0.555308
vn -0.827441 -0.314815 -0.465009
vn -0.925647 -0.071444 -0.371582
vn -0.668275 -0.244775 -0.702491
vn -0.636272 -0.186050 -0.748695
vn -0.959664 -0.135185 -0.246517
vn -0.986148 -0.165831 0.003505
vn -0.738957 -0.360256 -0.569349
vn -0.855084 -0.518489 0.000000
vn 0.000000 1.000000 0.000000
vn 0.000000 1.000000 0.000000
vn 0.000000 1.000000 0.000000
vn 0.000000 1.000000 0.000000
vn 0.000000 1.000000 0.000000
vn 0.000000 1.000000 0.000000
vn 0.000000 1.000000 0.000000
vn 0.000000 1.000000 0.000000
vn 0.000000 1.000000 0.000000
vn 0.000000 1.000000 0.000000
vn -0.100318 0.751956 -0.651535
vn -0.177531 0.238812 -0.954700
vn -0.002759 0.774418 -0.632669
vn -0.003893 0.227343 -0.973807
vn -0.345710 -0.071855 -0.935586
vn -0.531224 -0.305381 -0.790281
vn -0.092398 -0.046881 -0.994618
vn -0.266971 -0.323066 -0.907940
vn -0.630656 -0.437317 -0.641114
vn -0.379816 -0.510224 -0.771629
vn -0.333800 -0.614326 -0.714969
vn -0.045126 -0.585043 -0.809746
vn -0.164287 -0.274694 -0.947393
vn -0.244079 -0.345926 -0.905959
vn 0.032514 -0.293385 -0.955441
vn 0.040689 -0.432808 -0.900567
vn -0.331676 -0.606208 -0.722844
vn -0.420652 -0.907222 -0.000000
vn 0.170700 -0.704335 -0.689038
vn 0.256037 -0.966667 -0.000000
vn 0.000000 1.000000 0.000000
vn 0.000000 1.000000 0.000000
vn 0.000000 1.000000 0.000000
vn 0.000000 1.000000 0.000000
vn 0.000000 1.000000 0.000000
vn 0.000000 1.000000 0.000000
vn 0.000000 1.000000 0.000000
vn 0.000000 1.000000 0.000000
vn 0.000000 1.000000 0.000000
vn 0.000000 1.000000 0.000000
vn 0.000701 0.773528 -0.633762
vn 0.001071 0.225579 -0.974224
vn 0.000601 0.773561 -0.633721
vn 0.000930 0.226167 -0.974088
vn -0.011936 -0.042794 -0.999013
vn -0.038456 -0.329093 -0.943514
vn -0.039976 -0.031802 -0.998694
vn -0.095111 -0.302747 -0.948313
vn -0.027246 -0.729468 -0.683472
vn 0.044619 -0.674798 -0.736653
vn -0.074998 -0.749245 -0.658033
vn -0.037689 -0.732693 -0.679515
vn 0.123696 -0.316706 -0.940424
vn 0.338335 -0.456849 -0.822690
vn 0.116528 -0.411942 -0.903729
vn 0.571833 -0.428606 -0.699503
vn 0.527587 -0.643588 -0.554478
vn 0.634094 -0.773256 0.000000
vn 0.807885 -0.471509 -0.353556
vn 0.864068 -0.503375 0.000000
vn 0.000000 1.000000 0.000000
vn 0.000000 1.000000 0.000000
vn 0.000000 1.000000 0.000000
vn 0.000000 1.000000 0.000000
vn 0.000000 1.000000 0.000000
vn 0.000000 1.000000 0.000000
vn 0.000000 1.000000 0.000000
vn 0.000000 1.000000 0.000000
vn 0.000000 1.000000 0.000000
vn 0.000000 1.000000 0.000000
vn 0.000531 0.774472 -0.632608
vn 0.000841 0.228035 -0.973653
vn 0.000722 0.775229 -0.631680
vn 0.001169 0.229848 -0.973226
vn -0.093282 0.000903 -0.995639
vn -0.227191 -0.234610 -0.945168
vn -0.074437 0.040652 -0.996397
vn -0.180226 -0.158177 -0.970824
vn -0.218689 -0.711882 -0.667382
vn -0.019517 -0.887566 -0.460266
vn -0.213452 -0.686769 -0.694828
vn 0.014438 -0.963061 -0.268898
vn 0.239832 -0.702921 -0.669614
vn 0.804555 -0.491397 -0.333497
vn 0.186563 -0.925850 -0.328627
vn 0.508212 -0.843689 -0.172941
vn 0.936967 -0.333531 -0.104168
vn 0.954386 -0.298576 0.000000
vn 0.654906 -0.753667 -0.055536
vn 0.687190 -0.726478 -0.000000
vn 0.000000 1.000000 0.000000
vn 0.000000 1.000000 0.000000
vn 0.000000 1.000000 0.000000
vn 0.000000 1.000000 0.000000
vn 0.000000 1.000000 0.000000
vn 0.000871 0.775257 -0.631645
vn 0.001432 0.230681 -0.973028
vn -0.017455 0.063628 -0.997821
vn -0.036489 -0.125198 -0.991461
vn 0.004324 -0.743383 -0.668852
vn 0.043975 -0.973203 -0.225701
vn 0.050105 -0.969689 -0.239149
vn 0.074900 -0.974232 -0.212747
vn 0.031833 -0.991931 -0.122715
vn -0.005096 -0.999987 -0.000000
vn -0.001255 -0.119045 0.992888
vn 0.171971 -0.103390 0.979661
vn 0.150354 0.074056 0.985855
vn 0.000763 0.068414 0.997657
vn 0.627378 -0.068171 0.775725
vn 0.671974 0.094506 0.734520
vn 0.702249 0.180480 0.688675
vn 0.208071 0.266129 0.941213
vn 0.001246 0.230417 0.973091
vn 0.492154 0.728322 0.476794
vn 0.000756 0.774573 0.632484
vn 0.928790 0.273841 0.249719
vn 0.962726 0.260408 0.073122
vn 0.646245 0.763118 -0.004149
vn 0.000000 1.000000 0.000000
vn -0.024414 -0.980045 0.197269
vn 0.521509 -0.837199 0.164700
vn 0.399148 -0.749064 0.528757
vn -0.013317 -0.735129 0.677797
vn 0.983194 -0.146672 0.108705
vn 0.944749 -0.084677 0.316670
vn 0.959297 0.109778 0.260187
vn 0.988601 0.112064 0.100549
vn -0.954054 -0.299540 -0.007567
vn -0.751732 -0.360476 0.552227
vn -0.990466 0.099383 0.095395
vn -0.993004 0.105497 0.053047
vn -0.570417 -0.128018 0.811317
vn -0.319731 0.166710 0.932727
vn -0.298932 0.213702 0.930038
vn -0.904051 0.416246 0.097117
vn -0.936993 0.332704 -0.106547
vn 0.000000 1.000000 0.000000
vn 0.655939 0.754808 -0.002877
vn 0.658822 0.752297 -0.001555
vn 0.000000 1.000000 0.000000
vn 0.966855 0.253396 -0.031352
vn 0.967026 0.254575 -0.007300
vn -0.963276 -0.218279 0.156376
vn -0.997653 -0.023912 0.064156
vn -0.890987 -0.291726 0.347904
vn -0.998858 -0.007255 0.047216
vn -0.944900 0.326234 -0.027128
vn -0.948123 0.317374 -0.018346
vn 0.561484 -0.818624 0.120792
vn 0.001559 -0.984295 0.176526
vn 0.987424 -0.157613 0.012341
vn 0.989228 -0.146362 0.002341
vn 0.561282 -0.812830 0.155791
vn 0.004826 -0.973804 0.227336
vn 0.994302 0.103531 -0.025384
vn 0.994682 0.102040 -0.013956
vn 0.651548 0.758598 -0.003802
vn 0.000000 1.000000 0.000000
vn 0.964359 0.263341 -0.025739
vn -0.901791 -0.395944 0.173211
vn -0.993446 0.049166 -0.103185
vn -0.942214 0.332814 -0.038325
vn 0.530241 -0.836968 0.135387
vn -0.011633 -0.983137 0.182499
vn 0.988758 -0.149491 0.003066
vn 0.994340 0.102692 -0.027249
vn -0.620100 0.784477 -0.008455
vn -0.628603 0.777700 -0.006403
vn 0.000000 1.000000 0.000000
vn 0.000000 1.000000 0.000000
vn -0.522796 0.849489 -0.071082
vn -0.598947 0.800508 -0.021203
vn 0.000000 1.000000 0.000000
vn 0.000000 1.000000 0.000000
vn -0.402618 0.210016 0.890950
vn -0.469383 0.674652 0.569670
vn -0.396250 0.243840 0.885171
vn -0.231414 0.668640 0.706659
vn -0.773722 -0.157527 0.613629
vn -0.410228 0.137198 0.901604
vn -0.706430 -0.188253 0.682289
vn -0.517282 0.062832 0.853505
vn -0.879911 -0.475137 -0.001294
vn -0.888811 -0.353813 0.291260
vn -0.833673 -0.483005 0.267758
vn -0.856553 -0.477408 0.195953
vn -0.900370 -0.029470 0.434127
vn -0.731726 -0.156530 0.663382
vn -0.638629 -0.160366 0.752619
vn -0.667472 -0.080212 0.740303
vn -0.956762 -0.130681 0.259863
vn -0.739029 -0.360099 0.569355
vn 0.000000 1.000000 0.000000
vn 0.000000 1.000000 0.000000
vn 0.000000 1.000000 0.000000
vn 0.000000 1.000000 0.000000
vn 0.000000 1.000000 0.000000
vn 0.000000 1.000000 0.000000
vn 0.000000 1.000000 0.000000
vn 0.000000 1.000000 0.000000
vn -0.176792 0.238891 0.954817
vn -0.100318 0.751956 0.651535
vn -0.003893 0.227343 0.973807
vn -0.002759 0.774418 0.632668
vn -0.296410 -0.311355 0.902884
vn -0.213744 0.007744 0.976859
vn 0.016137 -0.331242 0.943408
vn 0.034375 -0.024057 0.999119
vn -0.470503 -0.643471 0.603798
vn -0.467478 -0.717835 0.515924
vn -0.078219 -0.647677 0.757890
vn -0.113718 -0.752669 0.648505
vn -0.249702 -0.337168 0.907726
vn -0.224683 -0.213234 0.950815
vn 0.040689 -0.432808 0.900567
vn 0.000595 -0.282422 0.959290
vn -0.331675 -0.606208 0.722844
vn 0.170700 -0.704335 0.689038
vn 0.000000 1.000000 0.000000
vn 0.000000 1.000000 0.000000
vn 0.000000 1.000000 0.000000
vn 0.000000 1.000000 0.000000
vn 0.000000 1.000000 0.000000
vn 0.000000 1.000000 0.000000
vn 0.000000 1.000000 0.000000
vn 0.000000 1.000000 0.000000
vn 0.001071 0.225580 0.974224
vn 0.000701 0.773528 0.633762
vn 0.000931 0.226167 0.974088
vn 0.000601 0.773561 0.633721
vn 0.047434 -0.326735 0.943925
vn 0.023400 -0.039796 0.998934
vn -0.095111 -0.302747 0.948313
vn -0.039976 -0.031802 0.998694
vn 0.073750 -0.682815 0.726859
vn 0.071259 -0.737663 0.671398
vn -0.037689 -0.732693 0.679515
vn -0.074998 -0.749245 0.658033
vn 0.338335 -0.456849 0.822690
vn 0.123696 -0.316706 0.940424
vn 0.571833 -0.428607 0.699503
vn 0.116528 -0.411942 0.903728
vn 0.527587 -0.643589 0.554478
vn 0.807885 -0.471509 0.353556
vn 0.000000 1.000000 0.000000
vn 0.000000 1.000000 0.000000
vn 0.000000 1.000000 0.000000
vn 0.000000 1.000000 0.000000
vn 0.000000 1.000000 0.000000
vn 0.000000 1.000000 0.000000
vn 0.000000 1.000000 0.000000
vn 0.000000 1.000000 0.000000
vn 0.000841 0.228035 0.973653
vn 0.000531 0.774472 0.632608
vn 0.001169 0.229848 0.973226
vn 0.000721 0.775229 0.631680
vn -0.227191 -0.234610 0.945168
vn -0.093282 0.000903 0.995639
vn -0.180226 -0.158177 0.970824
vn -0.074437 0.040652 0.996397
vn -0.037130 -0.880702 0.472213
vn -0.218689 -0.711882 0.667382
vn 0.018753 -0.959454 0.281242
vn -0.213452 -0.686769 0.694829
vn 0.804193 -0.492679 0.332477
vn 0.219755 -0.706814 0.672399
vn 0.507833 -0.846842 0.158001
vn 0.185518 -0.925572 0.329998
vn 0.936967 -0.333531 0.104168
vn 0.654906 -0.753667 0.055536
vn 0.000000 1.000000 0.000000
vn 0.000000 1.000000 0.000000
vn 0.000000 1.000000 0.000000
vn 0.000000 1.000000 0.000000
vn 0.001432 0.230682 0.973028
vn 0.000871 0.775257 0.631645
vn -0.044268 -0.123024 0.991416
vn -0.017455 0.063628 0.997821
vn -0.005723 -0.978653 0.205441
vn -0.053366 -0.726619 0.684965
vn 0.082990 -0.976073 0.200982
vn 0.051137 -0.972233 0.228359
vn 0.031833 -0.991931 0.122715
vn 0.783330 -0.350758 -0.513190
vn 0.516310 -0.406784 -0.753625
vn 0.558923 0.149881 -0.815562
vn 0.822590 0.209086 -0.528799
vn 0.146894 -0.478143 -0.865911
vn 0.171189 0.108343 -0.979263
vn 0.173880 0.600197 -0.780723
vn 0.480003 0.594164 -0.645419
vn 0.692205 0.604144 -0.394794
vn -0.138007 -0.463786 -0.875132
vn -0.149707 0.105136 -0.983125
vn -0.417125 -0.483289 -0.769700
vn -0.478004 0.112906 -0.871071
vn -0.349323 0.632222 -0.691570
vn -0.083976 0.609338 -0.788451
vn -0.717561 -0.450868 -0.530872
vn -0.803033 0.141627 -0.578861
vn -0.850391 -0.465443 -0.245355
vn -0.949641 0.171124 -0.262486
vn -0.716146 0.675053 -0.177309
vn -0.623617 0.649983 -0.434308
vn -0.905299 -0.424776 0.000000
vn -0.982568 0.185904 0.000000
vn -0.850391 -0.465443 0.245355
vn -0.949641 0.171124 0.262486
vn -0.716146 0.675053 0.177308
vn -0.740178 0.672411 0.000000
vn -0.717561 -0.450868 0.530872
vn -0.803033 0.141627 0.578861
vn -0.417125 -0.483289 0.769700
vn -0.478004 0.112906 0.871071
vn -0.349323 0.632222 0.691570
vn -0.623617 0.649983 0.434308
vn -0.138008 -0.463786 0.875132
vn -0.149707 0.105136 0.983125
vn 0.146893 -0.478143 0.865911
vn 0.171189 0.108343 0.979263
vn 0.173880 0.600197 0.780723
vn -0.083976 0.609338 0.788451
vn 0.516310 -0.406784 0.753625
vn 0.558923 0.149881 0.815562
vn 0.783330 -0.350757 0.513190
vn 0.822590 0.209086 0.528799
vn 0.692205 0.604144 0.394794
vn 0.480003 0.594164 0.645419
vn 0.928857 -0.261810 0.262068
vn 0.931078 0.256016 0.259904
vn 0.967760 -0.251873 0.000000
vn 0.962435 0.271513 0.000000
vn 0.788449 0.615101 0.000000
vn 0.766916 0.611031 0.196169
vn 0.928857 -0.261810 -0.262068
vn 0.931078 0.256016 -0.259904
vn 0.766916 0.611031 -0.196168
vn -0.000593 -0.999999 -0.000898
vn -0.001041 -0.999996 -0.002559
vn -0.000000 -1.000000 0.000000
vn 0.000000 -1.000000 0.000000
vn -0.005903 -0.999945 -0.008649
vn -0.005860 -0.999953 -0.007747
vn -0.015929 -0.999807 -0.011493
vn -0.010171 -0.999943 -0.003181
vn -0.019838 -0.999803 0.000000
vn -0.010171 -0.999943 0.003181
vn -0.015929 -0.999807 0.011493
vn -0.005860 -0.999953 0.007747
vn -0.005903 -0.999945 0.008649
vn -0.001041 -0.999996 0.002559
vn -0.000593 -0.999999 0.000898
vn 0.000000 -1.000000 0.000000
vn 0.000000 -1.000000 0.000000
vn 0.000000 -1.000000 0.000000
vn -0.000000 -1.000000 0.000000
vn 0.191086 0.963413 -0.187940
vn 0.174193 0.981249 -0.082502
vn 0.103105 0.985813 -0.132445
vn 0.072140 0.997395 -0.000000
vn 0.066754 0.977237 -0.201373
vn 0.025801 0.994313 -0.103327
vn -0.109788 0.989501 -0.093990
vn -0.040884 0.999048 -0.015189
vn -0.132362 0.991202 0.000000
vn -0.040884 0.999048 0.015189
vn -0.109788 0.989501 0.093990
vn 0.025801 0.994313 0.103327
vn 0.066754 0.977237 0.201373
vn 0.103105 0.985813 0.132445
vn 0.191086 0.963413 0.187940
vn 0.174193 0.981249 0.082502
vn 0.272285 0.960587 0.055983
vn 0.222914 0.974838 -0.000000
vn 0.272285 0.960587 -0.055983
vn -0.270026 -0.962172 -0.036208
vn -0.293356 -0.953383 -0.070730
vn -0.181800 -0.975842 -0.121164
vn -0.140919 -0.988055 -0.062365
vn -0.332237 -0.937825 -0.100511
vn -0.248648 -0.953308 -0.171402
vn -0.384511 -0.915081 -0.121563
vn -0.337075 -0.918509 -0.206691
vn -0.444861 -0.886202 -0.129400
vn -0.437665 -0.871866 -0.219772
vn -0.504076 -0.855061 -0.121567
vn -0.535168 -0.819069 -0.206691
vn -0.553549 -0.826729 -0.100511
vn -0.615904 -0.768950 -0.171403
vn -0.589253 -0.804846 -0.070731
vn -0.673912 -0.728808 -0.121164
vn -0.610238 -0.791390 -0.036206
vn -0.708130 -0.703322 -0.062367
vn -0.617039 -0.786932 0.000000
vn -0.719328 -0.694671 0.000000
vn -0.610238 -0.791390 0.036206
vn -0.708130 -0.703323 0.062367
vn -0.589253 -0.804847 0.070730
vn -0.673913 -0.728808 0.121163
vn -0.553549 -0.826729 0.100508
vn -0.615903 -0.768950 0.171402
vn -0.504076 -0.855061 0.121566
vn -0.535168 -0.819069 0.206691
vn -0.444862 -0.886202 0.129402
vn -0.437665 -0.871866 0.219772
vn -0.384512 -0.915081 0.121565
vn -0.337074 -0.918510 0.206690
vn -0.332236 -0.937826 0.100508
vn -0.248647 -0.953308 0.171402
vn -0.293356 -0.953383 0.070728
vn -0.181800 -0.975842 0.121164
vn -0.270026 -0.962172 0.036207
vn -0.140919 -0.988055 0.062365
vn -0.262390 -0.964962 -0.000001
vn -0.127293 -0.991865 -0.000001
vn -0.055169 -0.983027 -0.174970
vn 0.003070 -0.995956 -0.089791
vn -0.151191 -0.956688 -0.248775
vn -0.279277 -0.911691 -0.301370
vn -0.424891 -0.846418 -0.321006
vn -0.564232 -0.768648 -0.301369
vn -0.676841 -0.692819 -0.248773
vn -0.755331 -0.631554 -0.174972
vn -0.800493 -0.592577 -0.089794
vn -0.815106 -0.579313 -0.000000
vn -0.800493 -0.592577 0.089793
vn -0.755331 -0.631554 0.174971
vn -0.676841 -0.692819 0.248773
vn -0.564232 -0.768648 0.301369
vn -0.424891 -0.846417 0.321006
vn -0.279277 -0.911691 0.301370
vn -0.151191 -0.956688 0.248775
vn -0.055168 -0.983027 0.174973
vn 0.003070 -0.995956 0.089792
vn 0.022438 -0.999748 -0.000001
vn 0.078516 -0.970511 -0.227910
vn 0.150903 -0.981715 -0.116034
vn -0.043903 -0.943721 -0.327817
vn -0.211746 -0.891087 -0.401407
vn -0.405155 -0.807103 -0.429458
vn -0.588055 -0.702184 -0.401409
vn -0.730541 -0.599037 -0.327817
vn -0.825165 -0.516875 -0.227910
vn -0.877397 -0.465522 -0.116036
vn -0.893926 -0.448216 -0.000000
vn -0.877397 -0.465522 0.116036
vn -0.825165 -0.516875 0.227910
vn -0.730542 -0.599037 0.327817
vn -0.588055 -0.702184 0.401408
vn -0.405156 -0.807103 0.429458
vn -0.211746 -0.891086 0.401409
vn -0.043902 -0.943721 0.327817
vn 0.078516 -0.970511 0.227912
vn 0.150903 -0.981715 0.116034
vn 0.174656 -0.984630 -0.000001
vn 0.215860 -0.935989 -0.278081
vn 0.297598 -0.944364 -0.140043
vn 0.072365 -0.910786 -0.406488
vn -0.133058 -0.852414 -0.505654
vn -0.376240 -0.749502 -0.544693
vn -0.604057 -0.615979 -0.505653
vn -0.773596 -0.486125 -0.406488
vn -0.879538 -0.386113 -0.278081
vn -0.935089 -0.325572 -0.140045
vn -0.952184 -0.305524 -0.000000
vn -0.935088 -0.325572 0.140045
vn -0.879538 -0.386113 0.278081
vn -0.773596 -0.486125 0.406488
vn -0.604056 -0.615980 0.505653
vn -0.376240 -0.749502 0.544693
vn -0.133058 -0.852414 0.505654
vn 0.072364 -0.910786 0.406488
vn 0.215860 -0.935989 0.278081
vn 0.297597 -0.944364 0.140044
vn 0.323887 -0.946096 -0.000000
vn 0.353476 -0.877668 -0.323656
vn 0.439027 -0.883931 -0.161004
vn 0.196303 -0.853795 -0.482182
vn -0.041710 -0.789904 -0.611810
vn -0.335054 -0.667455 -0.665014
vn -0.608506 -0.505380 -0.611810
vn -0.801942 -0.352688 -0.482182
vn -0.914990 -0.240913 -0.323657
vn -0.971125 -0.176052 -0.161005
vn -0.987907 -0.155050 0.000000
vn -0.971125 -0.176052 0.161005
vn -0.914990 -0.240914 0.323657
vn -0.801942 -0.352689 0.482183
vn -0.608505 -0.505381 0.611810
vn -0.335054 -0.667455 0.665013
vn -0.041710 -0.789904 0.611810
vn 0.196303 -0.853794 0.482183
vn 0.353476 -0.877668 0.323656
vn 0.439028 -0.883930 0.161004
vn 0.465896 -0.884840 0.000000
vn 0.487176 -0.794479 -0.362579
vn 0.571230 -0.801214 -0.178195
vn 0.324935 -0.768705 -0.550917
vn 0.062676 -0.696722 -0.714598
vn -0.277914 -0.553627 -0.785023
vn -0.596148 -0.366000 -0.714599
vn -0.810560 -0.198702 -0.550918
vn -0.928160 -0.083998 -0.362579
vn -0.983779 -0.020618 -0.178196
vn -1.000000 -0.000597 -0.000000
vn -0.983779 -0.020618 0.178196
vn -0.928160 -0.083999 0.362579
vn -0.810560 -0.198701 0.550918
vn -0.596148 -0.366000 0.714599
vn -0.277914 -0.553627 0.785023
vn 0.062677 -0.696722 0.714597
vn 0.324935 -0.768705 0.550917
vn 0.487176 -0.794479 0.362579
vn 0.571231 -0.801213 0.178195
vn 0.596976 -0.802259 0.000001
vn 0.611860 -0.686640 -0.392623
vn 0.690352 -0.697809 -0.190989
vn 0.452817 -0.652924 -0.607163
vn 0.177658 -0.566983 -0.804343
vn -0.201790 -0.401983 -0.893135
vn -0.560808 -0.196282 -0.804343
vn -0.794119 -0.026978 -0.607163
vn -0.916178 0.080415 -0.392622
vn -0.972029 0.136684 -0.190989
vn -0.988069 0.154009 0.000000
vn -0.972029 0.136683 0.190989
vn -0.916178 0.080415 0.392622
vn -0.794119 -0.026978 0.607163
vn -0.560807 -0.196282 0.804344
vn -0.201790 -0.401982 0.893136
vn 0.177658 -0.566984 0.804343
vn 0.452817 -0.652924 0.607163
vn 0.611860 -0.686640 0.392623
vn 0.690351 -0.697810 0.190989
vn 0.713828 -0.700321 0.000001
vn 0.721880 -0.556240 -0.411686
vn 0.792782 -0.576145 -0.198882
vn 0.571975 -0.507330 -0.644563
vn 0.296248 -0.399901 -0.867362
vn -0.106980 -0.213113 -0.971153
vn -0.497678 -0.001360 -0.867361
vn -0.748559 0.155562 -0.644562
vn -0.877342 0.246549 -0.411686
vn -0.935664 0.291512 -0.198882
vn -0.952360 0.304977 0.000000
vn -0.935664 0.291512 0.198883
vn -0.877342 0.246549 0.411686
vn -0.748558 0.155562 0.644563
vn -0.497676 -0.001361 0.867362
vn -0.106980 -0.213112 0.971153
vn 0.296249 -0.399901 0.867361
vn 0.571976 -0.507329 0.644563
vn 0.721881 -0.556239 0.411686
vn 0.792782 -0.576144 0.198883
vn 0.813555 -0.581488 0.000000
vn 0.811798 -0.407513 -0.418231
vn 0.875375 -0.439427 -0.201551
vn 0.673183 -0.337930 -0.657745
vn 0.406997 -0.204307 -0.890288
vn -0.000000 0.000000 -1.000000
vn -0.406998 0.204308 -0.890287
vn -0.673184 0.337930 -0.657744
vn -0.811799 0.407512 -0.418231
vn -0.875375 0.439427 -0.201552
vn -0.893716 0.448634 -0.000000
vn -0.875375 0.439427 0.201552
vn -0.811798 0.407513 0.418231
vn -0.673184 0.337930 0.657744
vn -0.406998 0.204308 0.890287
vn -0.000000 0.000000 1.000000
vn 0.406998 -0.204308 0.890287
vn 0.673184 -0.337929 0.657744
vn 0.811799 -0.407512 0.418231
vn 0.875375 -0.439427 0.201552
vn 0.893716 -0.448634 0.000001
vn 0.877341 -0.246549 -0.411687
vn 0.935664 -0.291512 -0.198882
vn 0.748558 -0.155561 -0.644563
vn 0.497677 0.001361 -0.867361
vn 0.106980 0.213113 -0.971153
vn -0.296249 0.399901 -0.867361
vn -0.571975 0.507329 -0.644563
vn -0.721880 0.556240 -0.411686
vn -0.792781 0.576146 -0.198883
vn -0.813554 0.581490 0.000000
vn -0.792781 0.576146 0.198883
vn -0.721881 0.556240 0.411686
vn -0.571976 0.507329 0.644563
vn -0.296249 0.399901 0.867361
vn 0.106980 0.213113 0.971153
vn 0.497677 0.001361 0.867361
vn 0.748558 -0.155562 0.644563
vn 0.877341 -0.246549 0.411686
vn 0.935664 -0.291513 0.198883
vn 0.952359 -0.304978 0.000001
vn 0.916178 -0.080415 -0.392622
vn 0.972029 -0.136684 -0.190989
vn 0.794119 0.026978 -0.607164
vn 0.560808 0.196283 -0.804343
vn 0.201791 0.401984 -0.893135
vn -0.177658 0.566983 -0.804343
vn -0.452817 0.652924 -0.607163
vn -0.611860 0.686640 -0.392622
vn -0.690351 0.697810 -0.190989
vn -0.713827 0.700322 0.000000
vn -0.690351 0.697810 0.190989
vn -0.611861 0.686641 0.392621
vn -0.452817 0.652925 0.607162
vn -0.177658 0.566983 0.804343
vn 0.201791 0.401983 0.893135
vn 0.560808 0.196283 0.804343
vn 0.794119 0.026978 0.607164
vn 0.916177 -0.080415 0.392623
vn 0.972029 -0.136684 0.190990
vn 0.988070 -0.154009 0.000001
vn 0.928160 0.083998 -0.362579
vn 0.983779 0.020619 -0.178196
vn 0.810560 0.198702 -0.550918
vn 0.596148 0.366000 -0.714599
vn 0.277914 0.553627 -0.785023
vn -0.062676 0.696721 -0.714599
vn -0.324934 0.768706 -0.550916
vn -0.487176 0.794479 -0.362579
vn -0.571231 0.801212 -0.178196
vn -0.596978 0.802257 0.000000
vn -0.571231 0.801212 0.178196
vn -0.487176 0.794479 0.362578
vn -0.324935 0.768707 0.550916
vn -0.062676 0.696721 0.714599
vn 0.277914 0.553626 0.785024
vn 0.596149 0.366000 0.714599
vn 0.810560 0.198701 0.550917
vn 0.928160 0.083998 0.362579
vn 0.983779 0.020618 0.178196
vn 1.000000 0.000597 0.000000
vn 0.914990 0.240914 -0.323657
vn 0.971125 0.176052 -0.161004
vn 0.801942 0.352689 -0.482183
vn 0.608506 0.505381 -0.611809
vn 0.335054 0.667456 -0.665012
vn 0.041709 0.789905 -0.611809
vn -0.196303 0.853795 -0.482183
vn -0.353476 0.877668 -0.323657
vn -0.439028 0.883930 -0.161005
vn -0.465897 0.884839 -0.000000
vn -0.439028 0.883930 0.161005
vn -0.353476 0.877668 0.323658
vn -0.196303 0.853794 0.482183
vn 0.041709 0.789904 0.611810
vn 0.335054 0.667455 0.665013
vn 0.608506 0.505380 0.611810
vn 0.801942 0.352689 0.482182
vn 0.914990 0.240914 0.323656
vn 0.971125 0.176052 0.161004
vn 0.987907 0.155049 0.000000
vn 0.879538 0.386114 -0.278080
vn 0.935089 0.325572 -0.140044
vn 0.773595 0.486125 -0.406489
vn 0.604057 0.615980 -0.505653
vn 0.376241 0.749503 -0.544690
vn 0.133058 0.852414 -0.505654
vn -0.072366 0.910786 -0.406488
vn -0.215860 0.935989 -0.278082
vn -0.297597 0.944364 -0.140045
vn -0.323887 0.946096 -0.000001
vn -0.297597 0.944364 0.140045
vn -0.215860 0.935989 0.278083
vn -0.072365 0.910785 0.406489
vn 0.133058 0.852414 0.505654
vn 0.376241 0.749503 0.544691
vn 0.604057 0.615979 0.505652
vn 0.773596 0.486124 0.406488
vn 0.879538 0.386114 0.278080
vn 0.935088 0.325572 0.140044
vn 0.952184 0.305525 0.000000
vn 0.825165 0.516875 -0.227911
vn 0.877397 0.465522 -0.116036
vn 0.730542 0.599037 -0.327817
vn 0.588055 0.702184 -0.401410
vn 0.405155 0.807102 -0.429459
vn 0.211746 0.891086 -0.401410
vn 0.043902 0.943721 -0.327817
vn -0.078517 0.970511 -0.227912
vn -0.150903 0.981715 -0.116037
vn -0.174656 0.984630 -0.000001
vn -0.150903 0.981715 0.116037
vn -0.078517 0.970511 0.227913
vn 0.043902 0.943721 0.327817
vn 0.211746 0.891086 0.401410
vn 0.405155 0.807102 0.429460
vn 0.588055 0.702183 0.401409
vn 0.730542 0.599036 0.327817
vn 0.825165 0.516874 0.227911
vn 0.877397 0.465521 0.116037
vn 0.893926 0.448215 0.000000
vn 0.755330 0.631555 -0.174971
vn 0.800493 0.592578 -0.089792
vn 0.676840 0.692819 -0.248774
vn 0.564231 0.768648 -0.301369
vn 0.424890 0.846418 -0.321007
vn 0.279277 0.911691 -0.301369
vn 0.151191 0.956689 -0.248773
vn 0.055167 0.983027 -0.174971
vn -0.003069 0.995956 -0.089792
vn -0.022436 0.999748 -0.000000
vn -0.003069 0.995956 0.089793
vn 0.055167 0.983027 0.174972
vn 0.151191 0.956689 0.248773
vn 0.279278 0.911691 0.301368
vn 0.424891 0.846418 0.321005
vn 0.564232 0.768648 0.301369
vn 0.676841 0.692819 0.248775
vn 0.755331 0.631554 0.174972
vn 0.800494 0.592577 0.089792
vn 0.815105 0.579313 0.000000
vn 0.673912 0.728809 -0.121163
vn 0.708130 0.703323 -0.062362
vn 0.615903 0.768950 -0.171403
vn 0.535168 0.819069 -0.206691
vn 0.437665 0.871865 -0.219775
vn 0.337075 0.918509 -0.206690
vn 0.248648 0.953308 -0.171400
vn 0.181800 0.975843 -0.121162
vn 0.140920 0.988055 -0.062365
vn 0.127293 0.991865 0.000000
vn 0.140920 0.988055 0.062365
vn 0.181800 0.975843 0.121162
vn 0.248648 0.953308 0.171400
vn 0.337075 0.918509 0.206690
vn 0.437665 0.871865 0.219773
vn 0.535169 0.819069 0.206690
vn 0.615903 0.768950 0.171403
vn 0.673912 0.728809 0.121163
vn 0.708131 0.703322 0.062364
vn 0.719326 0.694672 0.000000
vn 0.589253 0.804847 -0.070726
vn 0.610240 0.791389 -0.036203
vn 0.553548 0.826730 -0.100511
vn 0.504078 0.855060 -0.121564
vn 0.444861 0.886202 -0.129399
vn 0.384511 0.915081 -0.121565
vn 0.332235 0.937826 -0.100509
vn 0.293356 0.953383 -0.070728
vn 0.270027 0.962172 -0.036203
vn 0.262390 0.964962 0.000000
vn 0.270027 0.962172 0.036203
vn 0.293356 0.953383 0.070728
vn 0.332235 0.937826 0.100509
vn 0.384511 0.915081 0.121565
vn 0.444861 0.886202 0.129400
vn 0.504078 0.855060 0.121564
vn 0.553547 0.826731 0.100508
vn 0.589251 0.804849 0.070727
vn 0.610239 0.791390 0.036204
vn 0.617038 0.786933 0.000000
vn -0.448633 -0.893716 -0.000001
vn 0.448634 0.893716 -0.000001
vn 0.418818 -0.849300 -0.321374
vn -0.000000 -0.874875 -0.484349
vn -0.000000 -0.726692 -0.686963
vn 0.565646 -0.690792 -0.450390
vn -0.418818 -0.849300 -0.321374
vn -0.565646 -0.690792 -0.450390
vn -0.559606 -0.828759 0.000000
vn -0.750118 -0.661304 -0.000000
vn -0.418818 -0.849299 0.321374
vn -0.565646 -0.690792 0.450390
vn 0.000000 -0.874875 0.484349
vn 0.000000 -0.726692 0.686963
vn 0.418818 -0.849300 0.321373
vn 0.565646 -0.690792 0.450389
vn 0.559606 -0.828759 -0.000000
vn 0.750118 -0.661304 -0.000000
vn -0.000000 -0.315320 -0.948985
vn 0.733193 -0.294960 -0.612721
vn -0.733193 -0.294961 -0.612721
vn -0.960711 -0.277552 -0.000000
vn -0.733193 -0.294960 0.612721
vn 0.000000 -0.315320 0.948986
vn 0.733193 -0.294960 0.612721
vn 0.960711 -0.277552 0.000000
vn 0.000000 0.118446 -0.992961
vn 0.767972 0.107102 -0.631466
vn -0.767971 0.107103 -0.631466
vn -0.995151 0.098356 -0.000000
vn -0.767972 0.107103 0.631466
vn -0.000000 0.118447 0.992961
vn 0.767971 0.107103 0.631466
vn 0.995151 0.098356 0.000000
vn 0.000000 0.370034 -0.929018
vn 0.726584 0.339513 -0.597333
vn -0.726584 0.339513 -0.597333
vn -0.949075 0.315052 0.000000
vn -0.726584 0.339513 0.597333
vn -0.000000 0.370034 0.929018
vn 0.726584 0.339513 0.597333
vn 0.949075 0.315052 -0.000000
vn -0.000000 0.649566 -0.760305
vn 0.614270 0.613009 -0.496883
vn -0.614270 0.613009 -0.496883
vn -0.812550 0.582892 0.000000
vn -0.614270 0.613009 0.496883
vn -0.000000 0.649566 0.760305
vn 0.614270 0.613009 0.496883
vn 0.812550 0.582892 -0.000000
vn -0.000000 0.865465 -0.500970
vn 0.425929 0.841796 -0.331609
vn -0.425929 0.841796 -0.331608
vn -0.568630 0.822593 0.000001
vn -0.425929 0.841796 0.331609
vn -0.000000 0.865465 0.500970
vn 0.425929 0.841796 0.331608
vn 0.568631 0.822593 -0.000001
vn -0.000000 -1.000000 0.000000
vn 0.000000 1.000000 -0.000000
vn 0.230967 -0.664347 -0.710843
vn -0.604680 -0.664347 -0.439325
vn -0.785851 -0.237594 -0.570954
vn 0.300168 -0.237594 -0.923823
vn -0.604680 -0.664347 0.439325
vn -0.785850 -0.237594 0.570954
vn 0.230967 -0.664346 0.710843
vn 0.300168 -0.237593 0.923823
vn 0.747425 -0.664346 -0.000000
vn 0.971365 -0.237593 0.000001
vn -0.785850 0.237593 -0.570955
vn 0.300168 0.237593 -0.923823
vn -0.785850 0.237593 0.570954
vn 0.300168 0.237593 0.923823
vn 0.971365 0.237593 0.000000
vn -0.604680 0.664344 -0.439328
vn 0.230968 0.664344 -0.710845
vn -0.604681 0.664344 0.439327
vn 0.230967 0.664344 0.710846
vn 0.747427 0.664344 -0.000001
vn -0.000000 -1.000000 0.000000
vn -0.000000 1.000000 0.000002
vn 0.230967 -0.664347 -0.710843
vn -0.604680 -0.664347 -0.439325
vn -0.785850 -0.237594 -0.570954
vn 0.300168 -0.237594 -0.923823
vn -0.604679 -0.664347 0.439325
vn -0.785851 -0.237594 0.570954
vn 0.230967 -0.664346 0.710843
vn 0.300168 -0.237593 0.923823
vn 0.747425 -0.664346 -0.000000
vn 0.971365 -0.237593 0.000001
vn -0.785850 0.237593 -0.570955
vn 0.300168 0.237593 -0.923823
vn -0.785850 0.237593 0.570954
vn 0.300168 0.237593 0.923823
vn 0.971365 0.237593 0.000000
vn -0.604680 0.664344 -0.439327
vn 0.230967 0.664344 -0.710846
vn -0.604680 0.664344 0.439327
vn 0.230967 0.664344 0.710846
vn 0.747427 0.664344 -0.000001
vn -0.000000 -1.000000 0.000000
vn -0.000000 1.000000 0.000002
vn -0.791915 0.179132 0.583766
vn -0.929722 0.210304 0.302306
vn -0.421114 0.886215 0.193097
vn -0.325196 0.871168 0.367851
vn -0.563226 0.127402 0.816422
vn -0.173834 0.845083 0.505586
vn -0.257893 0.058336 0.964411
vn 0.017926 0.807897 0.589050
vn 0.087152 -0.019714 0.996000
vn 0.227844 0.761819 0.606398
vn 0.418403 -0.094643 0.903317
vn 0.430070 0.712032 0.555023
vn 0.688498 -0.155739 0.708320
vn 0.600730 0.665823 0.442497
vn 0.872412 -0.197340 0.447163
vn 0.722401 0.630491 0.283933
vn 0.963971 -0.218051 0.152360
vn 0.785225 0.611456 0.097684
vn 0.963971 -0.218051 -0.152360
vn 0.785225 0.611456 -0.097685
vn 0.872412 -0.197340 -0.447163
vn 0.722401 0.630491 -0.283933
vn 0.688497 -0.155739 -0.708320
vn 0.600730 0.665823 -0.442497
vn 0.418403 -0.094643 -0.903317
vn 0.430070 0.712032 -0.555023
vn 0.087152 -0.019714 -0.996000
vn 0.227844 0.761819 -0.606398
vn -0.257893 0.058336 -0.964411
vn 0.017926 0.807897 -0.589051
vn -0.563225 0.127402 -0.816423
vn -0.173833 0.845083 -0.505586
vn -0.791915 0.179132 -0.583766
vn -0.325196 0.871168 -0.367851
vn -0.929722 0.210304 -0.302306
vn -0.421114 0.886215 -0.193097
vn -0.975358 0.220627 0.000000
vn -0.453836 0.891085 0.000000
vn 0.065348 0.996580 0.050575
vn 0.091782 0.991249 0.094878
vn 0.131541 0.983016 0.127966
vn 0.179604 0.972699 0.146964
vn 0.230995 0.961198 0.150798
vn 0.281157 0.949494 0.139326
vn 0.325417 0.938788 0.113054
vn 0.358779 0.930496 0.073863
vn 0.376784 0.925945 0.025697
vn 0.376783 0.925945 -0.025697
vn 0.358779 0.930496 -0.073863
vn 0.325417 0.938788 -0.113054
vn 0.281157 0.949494 -0.139326
vn 0.230995 0.961198 -0.150798
vn 0.179604 0.972699 -0.146965
vn 0.131541 0.983016 -0.127966
vn 0.091782 0.991249 -0.094878
vn 0.065348 0.996580 -0.050575
vn 0.056060 0.998427 -0.000000
vn 0.450455 0.889506 -0.076621
vn 0.412942 0.898964 -0.146092
vn 0.353343 0.913629 -0.201072
vn 0.277090 0.931771 -0.234572
vn 0.192779 0.951044 -0.241559
vn 0.110997 0.968962 -0.220892
vn 0.041715 0.983532 -0.175852
vn -0.007816 0.993598 -0.112706
vn -0.033453 0.998689 -0.038754
vn -0.033453 0.998689 0.038754
vn -0.007816 0.993598 0.112706
vn 0.041715 0.983532 0.175852
vn 0.110997 0.968962 0.220892
vn 0.192779 0.951044 0.241559
vn 0.277090 0.931771 0.234571
vn 0.353343 0.913629 0.201071
vn 0.412942 0.898964 0.146092
vn 0.450455 0.889505 0.076621
vn 0.463212 0.886248 0.000000
vn 0.812344 0.542165 -0.214834
vn 0.710686 0.571244 -0.410615
vn 0.547463 0.615597 -0.566855
vn 0.336346 0.668976 -0.662829
vn 0.101260 0.723427 -0.682935
vn -0.127005 0.771392 -0.623558
vn -0.319498 0.808014 -0.495010
vn -0.456129 0.831788 -0.316348
vn -0.526414 0.843266 -0.108585
vn -0.526414 0.843266 0.108585
vn -0.456129 0.831788 0.316348
vn -0.319498 0.808014 0.495010
vn -0.127005 0.771391 0.623558
vn 0.101260 0.723427 0.682934
vn 0.336346 0.668976 0.662829
vn 0.547463 0.615597 0.566855
vn 0.710686 0.571245 0.410615
vn 0.812344 0.542165 0.214834
vn 0.846699 0.532072 -0.000000
vn 0.928592 -0.210048 -0.305936
vn 0.788297 -0.178313 -0.588891
vn 0.558145 -0.126253 -0.820082
vn 0.254625 -0.057596 -0.965323
vn -0.085972 0.019447 -0.996108
vn -0.413764 0.093594 -0.905560
vn -0.683844 0.154686 -0.713042
vn -0.870083 0.196813 -0.451907
vn -0.963674 0.217984 -0.154321
vn -0.963674 0.217984 0.154321
vn -0.870083 0.196813 0.451907
vn -0.683844 0.154686 0.713043
vn -0.413764 0.093594 0.905560
vn -0.085972 0.019447 0.996108
vn 0.254625 -0.057596 0.965323
vn 0.558145 -0.126253 0.820082
vn 0.788297 -0.178313 0.588891
vn 0.928592 -0.210048 0.305935
vn 0.975358 -0.220627 -0.000000
vn 0.499923 -0.839001 -0.214834
vn 0.395647 -0.821498 -0.410615
vn 0.229226 -0.791285 -0.566855
vn 0.015688 -0.748606 -0.662829
vn -0.219946 -0.696580 -0.682934
vn -0.446633 -0.641634 -0.623558
vn -0.636148 -0.591846 -0.495010
vn -0.769708 -0.554502 -0.316348
vn -0.838092 -0.534613 -0.108584
vn -0.838092 -0.534613 0.108584
vn -0.769709 -0.554502 0.316348
vn -0.636148 -0.591846 0.495010
vn -0.446632 -0.641634 0.623558
vn -0.219946 -0.696580 0.682934
vn 0.015688 -0.748606 0.662829
vn 0.229226 -0.791285 0.566855
vn 0.395647 -0.821498 0.410615
vn 0.499923 -0.839001 0.214834
vn 0.535278 -0.844676 -0.000000
vn 0.023776 -0.996777 -0.076622
vn -0.014155 -0.989170 -0.146092
vn -0.074263 -0.976758 -0.201072
vn -0.150902 -0.960315 -0.234572
vn -0.235299 -0.941426 -0.241560
vn -0.316831 -0.922402 -0.220892
vn -0.385639 -0.905737 -0.175852
vn -0.434680 -0.893505 -0.112706
vn -0.460012 -0.887067 -0.038754
vn -0.460012 -0.887067 0.038754
vn -0.434680 -0.893505 0.112706
vn -0.385639 -0.905737 0.175852
vn -0.316831 -0.922402 0.220892
vn -0.235299 -0.941426 0.241560
vn -0.150902 -0.960315 0.234572
vn -0.074263 -0.976757 0.201072
vn -0.014155 -0.989170 0.146092
vn 0.023776 -0.996777 0.076622
vn 0.036694 -0.999327 0.000000
vn -0.369922 -0.927685 0.050575
vn -0.343767 -0.934250 0.094878
vn -0.304335 -0.943931 0.127966
vn -0.256512 -0.955303 0.146964
vn -0.205174 -0.967039 0.150798
vn -0.154858 -0.978063 0.139326
vn -0.110299 -0.987448 0.113054
vn -0.076616 -0.994321 0.073863
vn -0.058406 -0.997962 0.025697
vn -0.058406 -0.997962 -0.025697
vn -0.076616 -0.994321 -0.073863
vn -0.110299 -0.987448 -0.113054
vn -0.154858 -0.978063 -0.139326
vn -0.205174 -0.967039 -0.150799
vn -0.256511 -0.955303 -0.146964
vn -0.304335 -0.943931 -0.127966
vn -0.343766 -0.934250 -0.094877
vn -0.369922 -0.927685 -0.050575
vn -0.379100 -0.925356 0.000000
vn -0.761527 -0.618701 0.193096
vn -0.668471 -0.646399 0.367851
vn -0.520618 -0.687997 0.505586
vn -0.331523 -0.736961 0.589051
vn -0.122209 -0.785714 0.606399
vn 0.081757 -0.827808 0.555023
vn 0.255691 -0.859546 0.442497
vn 0.380723 -0.880019 0.283933
vn 0.445623 -0.889875 0.097684
vn 0.445623 -0.889875 -0.097684
vn 0.380723 -0.880018 -0.283933
vn 0.255691 -0.859546 -0.442497
vn 0.081757 -0.827808 -0.555023
vn -0.122209 -0.785714 -0.606399
vn -0.331523 -0.736961 -0.589051
vn -0.520617 -0.687997 -0.505586
vn -0.668471 -0.646399 -0.367851
vn -0.761527 -0.618701 -0.193096
vn -0.793160 -0.609014 0.000000
vn -0.769695 0.174105 0.614213
vn -0.922511 0.208673 0.324699
vn -0.580492 0.773966 0.252993
vn -0.461424 0.747032 0.478572
vn -0.533470 0.120672 0.837167
vn -0.277366 0.705399 0.652289
vn -0.239436 0.054161 0.969400
vn -0.048267 0.653576 0.755321
vn 0.080544 -0.018220 0.996585
vn 0.201051 0.597179 0.776502
vn 0.391796 -0.088625 0.915774
vn 0.443567 0.542323 0.713537
vn 0.660592 -0.149426 0.735724
vn 0.653003 0.494949 0.573248
vn 0.857802 -0.194035 0.475948
vn 0.806661 0.460191 0.370840
vn 0.962056 -0.217618 0.164595
vn 0.887892 0.441817 0.128245
vn 0.962056 -0.217618 -0.164595
vn 0.887892 0.441816 -0.128246
vn 0.857802 -0.194035 -0.475948
vn 0.806661 0.460191 -0.370840
vn 0.660592 -0.149426 -0.735724
vn 0.653002 0.494949 -0.573248
vn 0.391797 -0.088625 -0.915773
vn 0.443567 0.542323 -0.713536
vn 0.080545 -0.018219 -0.996585
vn 0.201051 0.597180 -0.776502
vn -0.239436 0.054161 -0.969400
vn -0.048266 0.653576 -0.755320
vn -0.533470 0.120671 -0.837167
vn -0.277366 0.705398 -0.652289
vn -0.769695 0.174105 -0.614213
vn -0.461423 0.747032 -0.478572
vn -0.922511 0.208673 -0.324698
vn -0.580492 0.773966 -0.252993
vn -0.975358 0.220627 0.000001
vn -0.621669 0.783280 0.000000
vn -0.009227 0.996864 0.078592
vn 0.027762 0.988497 0.148669
vn 0.084940 0.975564 0.202636
vn 0.156111 0.959464 0.234643
vn 0.233562 0.941945 0.241223
vn 0.308901 0.924903 0.221663
vn 0.373962 0.910186 0.178082
vn 0.421697 0.899389 0.115202
vn 0.446932 0.893681 0.039839
vn 0.446932 0.893681 -0.039839
vn 0.421697 0.899389 -0.115202
vn 0.373963 0.910186 -0.178082
vn 0.308901 0.924903 -0.221662
vn 0.233562 0.941945 -0.241223
vn 0.156111 0.959465 -0.234643
vn 0.084940 0.975563 -0.202636
vn 0.027762 0.988497 -0.148669
vn -0.009228 0.996864 -0.078593
vn -0.022019 0.999758 -0.000001
vn 0.544591 0.830149 -0.119476
vn 0.488361 0.842868 -0.226004
vn 0.401442 0.862529 -0.308040
vn 0.293250 0.887002 -0.356696
vn 0.175512 0.913635 -0.366698
vn 0.060985 0.939541 -0.336963
vn -0.037919 0.961913 -0.270711
vn -0.110483 0.978327 -0.175127
vn -0.148844 0.987004 -0.060564
vn -0.148844 0.987004 0.060564
vn -0.110483 0.978327 0.175127
vn -0.037919 0.961914 0.270711
vn 0.060985 0.939541 0.336963
vn 0.175512 0.913635 0.366698
vn 0.293250 0.887002 0.356695
vn 0.401442 0.862529 0.308039
vn 0.488361 0.842868 0.226003
vn 0.544591 0.830149 0.119475
vn 0.564037 0.825750 -0.000001
vn 0.888719 0.370883 -0.269489
vn 0.761887 0.399573 -0.509774
vn 0.565830 0.443921 -0.694817
vn 0.321793 0.499123 -0.804565
vn 0.056221 0.559196 -0.827127
vn -0.202107 0.617630 -0.760057
vn -0.425197 0.668093 -0.610622
vn -0.588873 0.705116 -0.395018
vn -0.675400 0.724689 -0.136608
vn -0.675400 0.724689 0.136608
vn -0.588873 0.705116 0.395018
vn -0.425197 0.668093 0.610622
vn -0.202107 0.617630 0.760057
vn 0.056221 0.559196 0.827127
vn 0.321793 0.499123 0.804565
vn 0.565830 0.443922 0.694816
vn 0.761888 0.399573 0.509773
vn 0.888719 0.370883 0.269488
vn 0.932581 0.360962 -0.000000
vn 0.922511 -0.208673 -0.324700
vn 0.769695 -0.174106 -0.614213
vn 0.533471 -0.120671 -0.837166
vn 0.239436 -0.054161 -0.969400
vn -0.080544 0.018219 -0.996584
vn -0.391797 0.088625 -0.915773
vn -0.660592 0.149426 -0.735724
vn -0.857802 0.194036 -0.475947
vn -0.962056 0.217618 -0.164595
vn -0.962056 0.217618 0.164595
vn -0.857802 0.194036 0.475947
vn -0.660592 0.149426 0.735724
vn -0.391797 0.088625 0.915773
vn -0.080544 0.018219 0.996584
vn 0.239436 -0.054161 0.969400
vn 0.533470 -0.120671 0.837167
vn 0.769694 -0.174106 0.614213
vn 0.922511 -0.208673 0.324700
vn 0.975358 -0.220627 -0.000000
vn 0.642579 -0.717264 -0.269489
vn 0.515747 -0.688575 -0.509774
vn 0.319690 -0.644226 -0.694817
vn 0.075653 -0.589025 -0.804566
vn -0.189919 -0.528952 -0.827128
vn -0.448246 -0.470518 -0.760058
vn -0.671337 -0.420055 -0.610623
vn -0.835013 -0.383032 -0.395018
vn -0.921540 -0.363460 -0.136607
vn -0.921540 -0.363459 0.136607
vn -0.835013 -0.383032 0.395018
vn -0.671337 -0.420056 0.610623
vn -0.448246 -0.470518 0.760058
vn -0.189919 -0.528952 0.827128
vn 0.075653 -0.589026 0.804565
vn 0.319690 -0.644227 0.694817
vn 0.515747 -0.688575 0.509774
vn 0.642579 -0.717264 0.269489
vn 0.686441 -0.727186 0.000000
vn 0.134294 -0.983713 -0.119475
vn 0.078064 -0.970994 -0.226003
vn -0.008855 -0.951332 -0.308039
vn -0.117047 -0.926860 -0.356695
vn -0.234785 -0.900227 -0.366698
vn -0.349312 -0.874320 -0.336964
vn -0.448217 -0.851948 -0.270714
vn -0.520781 -0.835534 -0.175127
vn -0.559142 -0.826857 -0.060564
vn -0.559142 -0.826857 0.060564
vn -0.520781 -0.835534 0.175127
vn -0.448217 -0.851948 0.270713
vn -0.349312 -0.874320 0.336964
vn -0.234785 -0.900227 0.366698
vn -0.117047 -0.926860 0.356694
vn -0.008855 -0.951333 0.308039
vn 0.078064 -0.970994 0.226002
vn 0.134294 -0.983713 0.119475
vn 0.153739 -0.988111 0.000001
vn -0.437360 -0.895846 0.078593
vn -0.400371 -0.904213 0.148671
vn -0.343193 -0.917146 0.202636
vn -0.272022 -0.933246 0.234642
vn -0.194571 -0.950765 0.241223
vn -0.119232 -0.967807 0.221662
vn -0.054171 -0.982524 0.178082
vn -0.006436 -0.993321 0.115202
vn 0.018799 -0.999029 0.039839
vn 0.018799 -0.999029 -0.039840
vn -0.006436 -0.993321 -0.115203
vn -0.054171 -0.982524 -0.178082
vn -0.119232 -0.967807 -0.221662
vn -0.194571 -0.950765 -0.241223
vn -0.272022 -0.933246 -0.234642
vn -0.343192 -0.917147 -0.202636
vn -0.400371 -0.904213 -0.148671
vn -0.437360 -0.895846 -0.078593
vn -0.450152 -0.892952 -0.000000
vn -0.857079 -0.448787 0.252993
vn -0.738011 -0.475720 0.478571
vn -0.553954 -0.517353 0.652289
vn -0.324854 -0.569176 0.755320
vn -0.075537 -0.625572 0.776501
vn 0.166980 -0.680430 0.713536
vn 0.376414 -0.727804 0.573249
vn 0.530073 -0.762562 0.370841
vn 0.611303 -0.780936 0.128246
vn 0.611304 -0.780936 -0.128246
vn 0.530073 -0.762561 -0.370841
vn 0.376414 -0.727804 -0.573249
vn 0.166980 -0.680430 -0.713536
vn -0.075537 -0.625573 -0.776501
vn -0.324853 -0.569176 -0.755320
vn -0.553954 -0.517353 -0.652289
vn -0.738011 -0.475720 -0.478571
vn -0.857079 -0.448787 -0.252993
vn -0.898256 -0.439472 -0.000000
vn -0.765255 -0.473172 0.436456
vn -0.336321 -0.158118 0.928379
vn -0.307643 0.142487 0.940773
vn -0.857669 -0.108815 0.502557
vn -0.115105 -0.123156 0.985689
vn -0.089730 0.190349 0.977607
vn -0.063669 0.299633 0.951928
vn -0.292754 0.261098 0.919849
vn -0.843233 0.208634 0.495408
vn -0.327677 0.941048 0.084001
vn -0.139003 0.973074 0.183863
vn -0.161653 0.986848 -0.000000
vn -0.336770 0.941587 0.000000
vn 0.126042 0.974447 0.185922
vn 0.124996 0.992157 0.000000
vn 0.126042 0.974447 -0.185922
vn -0.139003 0.973074 -0.183863
vn -0.327677 0.941048 -0.084000
vn -0.843233 0.208634 -0.495409
vn -0.292754 0.261098 -0.919849
vn -0.307643 0.142487 -0.940773
vn -0.857669 -0.108815 -0.502557
vn -0.063669 0.299633 -0.951928
vn -0.089730 0.190349 -0.977607
vn -0.115105 -0.123156 -0.985689
vn -0.336321 -0.158118 -0.928379
vn -0.765255 -0.473172 -0.436456
vn -0.423616 -0.905329 -0.030481
vn -0.447176 -0.887421 -0.111878
vn -0.477125 -0.878835 -0.000000
vn -0.422187 -0.906509 -0.000000
vn -0.427959 -0.883077 -0.192420
vn -0.485473 -0.874252 -0.000000
vn -0.427959 -0.883077 0.192420
vn -0.447176 -0.887421 0.111878
vn -0.423615 -0.905329 0.030481
vn 0.761153 -0.537874 0.362406
vn 0.837073 -0.547092 0.000000
vn 0.999975 0.007045 0.000000
vn 0.917832 0.026581 0.396078
vn 0.761153 -0.537874 -0.362406
vn 0.917832 0.026581 -0.396078
vn 0.808958 0.492664 -0.320733
vn 0.875859 0.482567 0.000000
vn 0.808958 0.492664 0.320733
vn -0.809331 -0.587353 -0.000000
vn -0.978167 -0.207821 0.000000
vn -0.983327 0.181847 0.000000
vn -0.395612 -0.741579 -0.541804
vn -0.520457 -0.832738 -0.188869
vn -0.262023 -0.702407 -0.661792
vn 0.582056 -0.813148 0.000000
vn 0.490155 -0.825592 -0.279546
vn 0.490155 -0.825592 0.279546
vn 0.128886 -0.976229 0.174255
vn 0.131717 -0.991287 -0.000000
vn 0.128886 -0.976229 -0.174255
vn -0.262023 -0.702408 0.661791
vn -0.395612 -0.741579 0.541804
vn -0.520457 -0.832738 0.188869
vn -0.491431 -0.870917 -0.000000
vn -0.693911 0.599861 -0.398314
vn -0.773439 0.633870 0.000000
vn -0.570478 0.821313 0.000000
vn -0.521438 0.804178 -0.285307
vn -0.693911 0.599861 0.398314
vn -0.521439 0.804178 0.285307
vn -0.171735 0.776096 -0.606780
vn 0.113369 0.779814 -0.615661
vn 0.042718 0.471310 -0.880933
vn -0.261981 0.472394 -0.841552
vn 0.696028 0.677919 0.236582
vn 0.749172 0.662375 -0.000000
vn 0.780638 0.624983 -0.000000
vn 0.716899 0.658702 0.228403
vn 0.696028 0.677919 -0.236582
vn 0.716899 0.658702 -0.228403
vn 0.614563 0.783185 -0.094523
vn 0.625673 0.780086 0.000000
vn 0.614563 0.783185 0.094523
vn -0.261981 0.472394 0.841552
vn -0.171735 0.776096 0.606780
vn 0.042718 0.471310 0.880933
vn 0.113369 0.779814 0.615660
vn 0.273937 0.135272 0.952187
vn 0.274128 0.442488 0.853849
vn 0.231083 -0.359952 0.903900
vn 0.389990 0.740465 0.547375
vn 0.400855 0.897922 0.181800
vn 0.352598 0.607939 0.711396
vn 0.413161 0.910658 0.000000
vn 0.400855 0.897922 -0.181800
vn 0.352598 0.607939 -0.711397
vn 0.389990 0.740465 -0.547375
vn 0.273937 0.135272 -0.952187
vn 0.231083 -0.359952 -0.903900
vn 0.274128 0.442488 -0.853849
vn 0.029513 -0.753392 -0.656909
vn -0.270440 -0.931394 -0.243655
vn -0.361018 -0.932559 -0.000000
vn -0.270440 -0.931394 0.243656
vn 0.029513 -0.753392 0.656909
vn -0.884649 0.466258 0.000000
vn -0.768633 0.442630 -0.461825
vn -0.768633 0.442630 0.461825
vn -0.284113 0.340586 0.896259
vn -0.017499 0.359430 0.933008
vn 0.299258 0.557179 0.774594
vn 0.705749 0.659397 0.259065
vn 0.761831 0.647775 0.000000
vn 0.705749 0.659397 -0.259065
vn -0.017499 0.359430 -0.933008
vn 0.299258 0.557179 -0.774594
vn -0.284113 0.340586 -0.896259
vn 0.565212 -0.611453 0.553770
vn 0.739473 -0.362048 0.567539
vn 0.113780 0.046993 0.992394
vn 0.010335 -0.208393 0.977991
vn 0.923935 -0.156187 0.349212
vn 0.350267 0.289630 0.890745
vn 0.225510 0.458065 0.859838
vn -0.018144 0.256853 0.966280
vn -0.204345 0.035710 0.978247
vn -0.160613 0.571512 0.804722
vn 0.002700 0.631491 0.775379
vn 0.016448 0.852076 0.523160
vn -0.431842 0.713619 0.551598
vn 0.157676 0.675048 0.720728
vn 0.408363 0.816911 0.407303
vn 0.448387 0.869288 0.208055
vn 0.004623 0.969780 0.243939
vn -0.549017 0.798967 0.245423
vn -0.204345 0.035710 -0.978247
vn -0.018145 0.256853 -0.966280
vn 0.113780 0.046993 -0.992394
vn 0.010335 -0.208393 -0.977991
vn 0.225510 0.458065 -0.859838
vn 0.350267 0.289630 -0.890746
vn 0.923935 -0.156187 -0.349212
vn 0.739473 -0.362048 -0.567539
vn 0.565212 -0.611453 -0.553770
vn 0.668070 -0.619442 -0.412279
vn 0.747827 -0.459821 -0.478873
vn 0.789740 -0.415284 -0.451497
vn 0.677289 -0.635973 -0.369889
vn 0.774362 -0.489293 -0.401194
vn 0.866789 -0.389570 -0.311308
vn 0.975839 -0.090426 0.198902
vn 0.802502 -0.512004 -0.306338
vn 0.976093 0.016962 -0.216693
vn 0.871661 0.346041 0.347079
vn -0.453144 -0.531008 0.716025
vn -0.711409 -0.504220 0.489550
vn -0.714695 -0.482194 0.506656
vn -0.352630 -0.571050 0.741319
vn -0.837325 -0.482717 0.256654
vn -0.869485 -0.378958 0.316838
vn -0.494885 -0.828037 0.263522
vn -0.293822 -0.866534 0.403468
vn -0.135889 -0.729133 0.670745
vn -0.135889 -0.729133 -0.670745
vn -0.293822 -0.866535 -0.403468
vn -0.714695 -0.482194 -0.506656
vn -0.352630 -0.571051 -0.741319
vn -0.494885 -0.828037 -0.263522
vn -0.869485 -0.378958 -0.316838
vn -0.837325 -0.482717 -0.256654
vn -0.711409 -0.504220 -0.489550
vn -0.453143 -0.531008 -0.716025
vn 0.789735 -0.415245 0.451542
vn 0.677289 -0.635973 0.369889
vn 0.866816 -0.389413 0.311429
vn 0.774517 -0.488443 0.401929
vn 0.747794 -0.459693 0.479048
vn 0.668070 -0.619442 0.412279
vn 0.871300 0.346408 -0.347617
vn 0.975850 -0.089884 -0.199095
vn 0.975835 0.018068 0.217761
vn 0.802997 -0.510396 0.307721
vn -0.549017 0.798967 -0.245423
vn 0.004445 0.969751 -0.244057
vn 0.016398 0.852038 -0.523223
vn -0.431842 0.713619 -0.551598
vn 0.447322 0.869656 -0.208811
vn 0.408055 0.816897 -0.407640
vn 0.157677 0.675048 -0.720728
vn 0.002700 0.631491 -0.775379
vn -0.160614 0.571512 -0.804722
vn -0.933825 -0.357731 0.000000
vn -0.909100 -0.401575 -0.110793
vn -0.930328 -0.304600 -0.204225
vn -0.965451 -0.260583 -0.000000
vn -0.660230 -0.725494 -0.194303
vn -0.728800 -0.684726 0.000000
vn -0.584530 0.811372 0.000000
vn -0.018989 0.999820 -0.000000
vn -0.012397 0.998374 -0.055632
vn -0.581599 0.810551 -0.068916
vn 0.357762 0.933813 0.000228
vn 0.403589 0.910242 -0.092601
vn 0.920119 -0.048489 0.388625
vn 0.775636 -0.428980 0.462996
vn 0.996555 -0.082915 0.001544
vn 0.924818 -0.380411 0.000164
vn 0.870179 -0.492736 -0.000399
vn 0.800021 -0.499220 0.332783
vn 0.809991 -0.538666 0.231846
vn 0.722191 -0.670030 0.171752
vn 0.838980 -0.544162 -0.000051
vn 0.756560 -0.653924 -0.000000
vn -0.909100 -0.401575 0.110793
vn -0.930328 -0.304600 0.204225
vn -0.660230 -0.725494 0.194304
vn 0.809949 -0.538776 -0.231739
vn 0.722192 -0.670030 -0.171752
vn 0.799475 -0.500674 -0.331912
vn 0.921953 -0.049001 -0.384190
vn 0.774773 -0.433317 -0.460396
vn -0.012186 0.998378 0.055622
vn -0.581599 0.810551 0.068916
vn 0.405289 0.909529 0.092188
vn -0.863302 0.429914 0.264355
vn -0.637223 0.390351 0.664510
vn -0.940488 0.114406 0.319989
vn -0.648131 0.086839 0.756562
vn -0.229954 0.379066 0.896343
vn -0.895328 0.445408 0.000000
vn -0.893654 0.440178 0.087325
vn -0.987645 0.156710 0.000000
vn -0.985205 0.143693 0.093396
vn -0.863302 0.429914 -0.264355
vn -0.893654 0.440178 -0.087325
vn -0.940489 0.114406 -0.319989
vn -0.985205 0.143693 -0.093396
vn -0.648130 0.086839 -0.756562
vn -0.637222 0.390350 -0.664510
vn -0.229954 0.379066 -0.896343
vn -0.033418 0.446150 -0.894334
vn 0.241484 0.565356 -0.788707
vn 0.904856 0.423472 0.043661
vn 0.772933 0.548154 -0.319535
vn 0.830498 0.557020 -0.001324
vn 0.886313 0.460920 0.044745
vn 0.905055 0.423137 -0.042788
vn 0.886828 0.459955 -0.044477
vn 0.773331 0.547937 0.318945
vn 0.241483 0.565356 0.788707
vn -0.033418 0.446150 0.894334
vn -0.616456 -0.395127 0.681070
vn -0.272264 -0.406165 0.872297
vn -0.873428 -0.395429 0.284184
vn 0.385343 -0.922504 -0.022300
vn 0.343610 -0.933741 -0.100302
vn 0.153824 -0.753808 0.638836
vn -0.111390 -0.478473 0.871009
vn 0.385343 -0.922504 0.022299
vn 0.153824 -0.753808 -0.638836
vn 0.343610 -0.933741 0.100302
vn -0.616456 -0.395127 -0.681070
vn -0.873428 -0.395429 -0.284183
vn -0.272264 -0.406165 -0.872297
vn -0.111390 -0.478473 -0.871009
vn -0.935695 -0.347041 -0.063551
vn -0.947255 -0.320481 0.000000
vn 0.337989 -0.939236 0.059996
vn 0.381380 -0.924418 0.000000
vn -0.935695 -0.347040 0.063551
vn 0.337989 -0.939236 -0.059996
s 1
g Grandma pCube9
f 85/2006/33 145/2007/34 192/2008/35 142/2009/36
f 142/2009/36 192/2008/35 143/2014/37 34/2015/38
f 192/2008/35 144/2013/39 36/2023/40 143/2014/37
f 145/2007/34 84/2012/41 144/2013/39 192/2008/35
f 84/2012/41 148/2021/42 193/2022/43 144/2013/39
f 144/85/39 193/77/43 146/80/44 36/86/40
f 193/77/43 147/78/45 45/79/46 146/80/44
f 148/997/42 83/998/47 147/999/45 193/1000/43
f 86/1118/48 151/1119/49 194/1120/50 149/1121/51
f 149/98/51 194/99/50 150/91/52 48/92/53
f 194/2024/50 142/2009/36 34/2015/38 150/2025/52
f 151/1119/49 85/1124/33 142/1125/36 194/1120/50
f 34/97/38 143/90/37 195/83/54 150/91/52
f 150/91/52 195/83/54 152/84/55 48/92/53
f 195/83/54 146/80/44 45/79/46 152/84/55
f 143/90/37 36/86/40 146/80/44 195/83/54
f 47/140/56 156/141/57 196/142/58 153/143/59
f 153/143/59 196/142/58 154/148/60 33/149/61
f 196/142/58 155/147/62 35/157/63 154/148/60
f 156/141/57 46/146/64 155/147/62 196/142/58
f 82/1008/65 163/1014/66 197/1015/67 161/1009/68
f 161/87/68 197/93/67 162/94/69 41/88/70
f 197/93/67 157/100/71 37/101/72 162/94/69
f 163/1014/66 81/1021/73 157/1022/71 197/1015/67
f 39/165/74 158/166/75 198/159/76 164/158/77
f 164/158/77 198/159/76 165/151/78 43/150/79
f 198/159/76 166/167/80 42/160/81 165/151/78
f 158/166/75 38/175/82 166/167/80 198/159/76
f 88/1144/83 169/1137/84 199/1138/85 159/1145/86
f 159/119/86 199/114/85 167/108/87 40/113/88
f 199/114/85 168/109/89 44/103/90 167/108/87
f 169/1137/84 87/1131/91 168/1132/89 199/1138/85
f 41/88/70 162/94/69 200/102/92 170/95/93
f 170/95/93 200/102/92 167/108/87 44/103/90
f 200/102/92 160/107/94 40/113/88 167/108/87
f 162/94/69 37/101/72 160/107/94 200/102/92
f 83/998/47 172/1003/95 201/1004/96 147/999/45
f 147/78/45 201/81/96 171/82/97 45/79/46
f 201/81/96 161/87/68 41/88/70 171/82/97
f 172/1003/95 82/1008/65 161/1009/68 201/1004/96
f 43/150/79 165/151/78 202/145/98 173/144/99
f 173/144/99 202/145/98 156/141/57 47/140/56
f 202/145/98 174/152/100 46/146/64 156/141/57
f 165/151/78 42/160/81 174/152/100 202/145/98
f 87/1131/91 176/1126/101 203/1127/102 168/1132/89
f 168/109/89 203/104/102 175/96/103 44/103/90
f 203/104/102 149/98/51 48/92/53 175/96/103
f 176/1126/101 86/1118/48 149/1121/51 203/1127/102
f 45/79/46 171/82/97 204/89/104 152/84/55
f 152/84/55 204/89/104 175/96/103 48/92/53
f 204/89/104 170/95/93 44/103/90 175/96/103
f 171/82/97 41/88/70 170/95/93 204/89/104
f 42/160/81 166/167/80 205/177/105 178/169/106
f 178/1082/106 205/1090/105 179/1083/107 50/1074/108
f 205/1090/105 177/1097/109 49/1091/110 179/1083/107
f 166/167/80 38/175/82 177/185/109 205/177/105
f 46/146/64 174/152/100 206/162/111 180/155/112
f 180/1062/112 206/1073/111 181/1063/113 51/1051/114
f 206/1073/111 178/1082/106 50/1074/108 181/1063/113
f 174/152/100 42/160/81 178/169/106 206/162/111
f 35/2057/63 155/2061/62 207/2058/115 182/2054/116
f 182/2054/116 207/2058/115 183/2055/117 52/2051/118
f 207/1061/115 180/1062/112 51/1051/114 183/1050/117
f 155/147/62 46/146/64 180/155/112 207/156/115
f 33/2062/61 154/2056/60 208/2053/119 184/2059/120
f 184/2059/120 208/2053/119 185/2050/121 53/2060/122
f 208/2053/119 182/2054/116 52/2051/118 185/2050/121
f 154/2056/60 35/2057/63 182/2054/116 208/2053/119
f 47/2068/56 153/2065/59 209/2063/123 186/2066/124
f 186/2066/124 209/2063/123 187/2064/125 54/2067/126
f 209/2063/123 184/2059/120 53/2060/122 187/2064/125
f 153/2065/59 33/2062/61 184/2059/120 209/2063/123
f 43/150/79 173/144/99 210/154/127 188/161/128
f 188/161/128 210/154/127 189/164/129 55/170/130
f 210/154/127 186/153/124 54/163/126 189/164/129
f 173/144/99 47/140/56 186/153/124 210/154/127
f 39/165/74 164/158/77 211/168/131 190/176/132
f 190/176/132 211/168/131 191/178/133 56/186/134
f 211/168/131 188/161/128 55/170/130 191/178/133
f 164/158/77 43/150/79 188/161/128 211/168/131
f 50/1074/108 179/1083/107 212/1075/135 90/1064/136
f 90/1064/136 212/1075/135 91/1065/137 58/1053/138
f 212/1075/135 89/1084/139 57/1076/140 91/1065/137
f 179/1083/107 49/1091/110 89/1084/139 212/1075/135
f 51/1051/114 181/1063/113 213/1052/141 92/1041/142
f 92/1041/142 213/1052/141 93/1042/143 59/1032/144
f 213/1052/141 90/1064/136 58/1053/138 93/1042/143
f 181/1063/113 50/1074/108 90/1064/136 213/1052/141
f 52/2051/118 183/2055/117 214/2052/145 94/2048/146
f 94/2048/146 214/2052/145 95/2049/147 60/2046/148
f 214/1040/145 92/1041/142 59/1032/144 95/1031/147
f 183/1050/117 51/1051/114 92/1041/142 214/1040/145
f 53/187/122 185/197/121 215/198/149 96/188/150
f 96/2044/150 215/2045/149 97/2041/151 61/2040/152
f 215/2045/149 94/2048/146 60/2046/148 97/2041/151
f 185/2050/121 52/2051/118 94/2048/146 215/2045/149
f 54/163/126 187/179/125 216/180/153 98/171/154
f 98/1164/154 216/1165/153 99/1156/155 62/1155/156
f 216/180/153 96/188/150 61/199/152 99/200/155
f 187/179/125 53/187/122 96/188/150 216/180/153
f 55/2069/130 189/2070/129 217/2071/157 100/2072/158
f 100/2072/158 217/2071/157 101/2073/159 63/2074/160
f 217/2071/157 98/2077/154 62/2078/156 101/2073/159
f 189/164/129 54/163/126 98/171/154 217/172/157
f 56/186/134 191/178/133 218/195/161 102/196/162
f 102/1205/162 218/1206/161 103/1202/163 64/1201/164
f 218/2076/161 100/2072/158 63/2074/160 103/2081/163
f 191/2075/133 55/2069/130 100/2072/158 218/2076/161
f 58/1053/138 91/1065/137 219/1054/165 105/1043/166
f 105/1043/166 219/1054/165 106/1044/167 66/1034/168
f 219/1054/165 104/1066/169 65/1055/170 106/1044/167
f 91/1065/137 57/1076/140 104/1066/169 219/1054/165
f 59/1032/144 93/1042/143 220/1033/171 107/1024/172
f 107/1024/172 220/1033/171 108/1025/173 67/1017/174
f 220/1033/171 105/1043/166 66/1034/168 108/1025/173
f 93/1042/143 58/1053/138 105/1043/166 220/1033/171
f 60/2046/148 95/2049/147 221/2047/175 109/2042/176
f 109/2042/176 221/2047/175 110/2043/177 68/2038/178
f 221/1023/175 107/1024/172 67/1017/174 110/1016/177
f 95/1031/147 59/1032/144 107/1024/172 221/1023/175
f 61/2040/152 97/2041/151 222/2037/179 111/2036/180
f 111/2036/180 222/2037/179 112/2032/181 69/2031/182
f 222/2037/179 109/2042/176 68/2038/178 112/2032/181
f 97/2041/151 60/2046/148 109/2042/176 222/2037/179
f 62/1155/156 99/1156/155 223/1147/183 113/1146/184
f 113/1146/184 223/1147/183 114/1140/185 70/1139/186
f 223/1147/183 111/1157/180 69/1148/182 114/1140/185
f 99/1156/155 61/1166/152 111/1157/180 223/1147/183
f 63/2074/160 101/2073/159 224/2079/187 115/2080/188
f 115/2080/188 224/2079/187 116/2083/189 71/2084/190
f 224/2079/187 113/2082/184 70/2085/186 116/2083/189
f 101/2073/159 62/2078/156 113/2082/184 224/2079/187
f 64/1201/164 103/1202/163 225/1203/191 117/1204/192
f 117/233/192 225/234/191 118/230/193 72/229/194
f 225/234/191 115/241/188 71/235/190 118/230/193
f 103/1202/163 63/1207/160 115/1208/188 225/1203/191
f 66/1034/168 106/1044/167 226/1035/195 120/1026/196
f 120/1026/196 226/1035/195 121/1027/197 74/1019/198
f 226/1035/195 119/1045/199 73/1036/200 121/1027/197
f 106/1044/167 65/1055/170 119/1045/199 226/1035/195
f 67/1017/174 108/1025/173 227/1018/201 122/1011/202
f 122/1011/202 227/1018/201 123/1012/203 75/1006/204
f 227/1018/201 120/1026/196 74/1019/198 123/1012/203
f 108/1025/173 66/1034/168 120/1026/196 227/1018/201
f 68/2038/178 110/2043/177 228/2039/205 124/2033/206
f 124/2033/206 228/2039/205 125/2035/207 76/2028/208
f 228/1010/205 122/1011/202 75/1006/204 125/1005/207
f 110/1016/177 67/1017/174 122/1011/202 228/1010/205
f 69/2031/182 112/2032/181 229/2027/209 126/2026/210
f 126/2026/210 229/2027/209 127/2017/211 77/2016/212
f 229/2027/209 124/2033/206 76/2028/208 127/2017/211
f 112/2032/181 68/2038/178 124/2033/206 229/2027/209
f 70/1139/186 114/1140/185 230/1134/213 128/1133/214
f 128/1133/214 230/1134/213 129/1129/215 78/1128/216
f 230/2034/213 126/2026/210 77/2016/212 129/2029/215
f 114/1140/185 69/1148/182 126/1149/210 230/1134/213
f 71/1158/190 116/1150/189 231/1141/217 130/1159/218
f 130/236/218 231/248/217 131/249/219 79/243/220
f 231/1141/217 128/1133/214 78/1128/216 131/1135/219
f 116/1150/189 70/1139/186 128/1133/214 231/1141/217
f 72/229/194 118/230/193 232/231/221 132/232/222
f 132/232/222 232/231/221 133/237/223 80/238/224
f 232/231/221 130/236/218 79/243/220 133/237/223
f 118/230/193 71/235/190 130/236/218 232/231/221
f 74/1019/198 121/1027/197 233/1020/225 135/1013/226
f 135/1013/226 233/1020/225 163/1014/66 82/1008/65
f 233/1020/225 134/1028/227 81/1021/73 163/1014/66
f 121/1027/197 73/1036/200 134/1028/227 233/1020/225
f 75/1006/204 123/1012/203 234/1007/228 136/1002/229
f 136/1002/229 234/1007/228 172/1003/95 83/998/47
f 234/1007/228 135/1013/226 82/1008/65 172/1003/95
f 123/1012/203 74/1019/198 135/1013/226 234/1007/228
f 76/2028/208 125/2035/207 235/2030/230 137/2018/231
f 137/2018/231 235/2030/230 148/2021/42 84/2012/41
f 235/1001/230 136/1002/229 83/998/47 148/997/42
f 125/1005/207 75/1006/204 136/1002/229 235/1001/230
f 77/2016/212 127/2017/211 236/2011/232 138/2010/233
f 138/2010/233 236/2011/232 145/2007/34 85/2006/33
f 236/2011/232 137/2018/231 84/2012/41 145/2007/34
f 127/2017/211 76/2028/208 137/2018/231 236/2011/232
f 78/1128/216 129/1129/215 237/1123/234 139/1122/235
f 139/1122/235 237/1123/234 151/1119/49 86/1118/48
f 237/2019/234 138/2010/233 85/2006/33 151/2020/49
f 129/2029/215 77/2016/212 138/2010/233 237/2019/234
f 79/1142/220 131/1135/219 238/1130/236 140/1136/237
f 140/1136/237 238/1130/236 176/1126/101 87/1131/91
f 238/1130/236 139/1122/235 86/1118/48 176/1126/101
f 131/1135/219 78/1128/216 139/1122/235 238/1130/236
f 80/1160/224 133/1151/223 239/1143/238 141/1152/239
f 141/1152/239 239/1143/238 169/1137/84 88/1144/83
f 239/1143/238 140/1136/237 87/1131/91 169/1137/84
f 133/1151/223 79/1142/220 140/1136/237 239/1143/238
f 279/2086/240 327/2087/241 371/2088/242 330/2089/243
f 327/2087/241 241/2092/244 328/2093/245 371/2088/242
f 371/2088/242 328/2093/245 243/2100/246 329/2094/247
f 330/2089/243 371/2088/242 329/2094/247 278/2095/248
f 278/2095/248 329/2094/247 372/2101/249 333/2102/250
f 329/130/247 243/131/246 331/126/251 372/125/249
f 372/125/249 331/126/251 248/121/252 332/120/253
f 333/1071/250 372/1072/249 332/1060/253 277/1059/254
f 280/1174/255 334/1173/256 373/1177/257 336/1178/258
f 334/137/256 251/133/259 335/136/260 373/139/257
f 373/2091/257 335/2098/260 241/2092/244 327/2087/241
f 336/2090/258 373/2091/257 327/2087/241 279/2086/240
f 241/138/244 335/136/260 374/132/261 328/135/245
f 335/136/260 251/133/259 337/127/262 374/132/261
f 374/132/261 337/127/262 248/121/252 331/126/251
f 328/135/245 374/132/261 331/126/251 243/131/246
f 250/2143/263 338/2144/264 375/2145/265 341/2146/266
f 338/214/264 240/222/267 339/223/268 375/215/265
f 375/215/265 339/223/268 242/224/269 340/216/270
f 341/205/266 375/215/265 340/216/270 249/210/271
f 276/1038/272 342/1039/273 376/1030/274 344/1029/275
f 342/110/273 244/111/276 343/106/277 376/105/274
f 376/105/274 343/106/277 37/101/72 157/100/71
f 344/1029/275 376/1030/274 157/1022/71 81/1021/73
f 39/165/74 345/173/278 377/174/279 158/166/75
f 345/173/278 246/182/280 346/183/281 377/174/279
f 377/174/279 346/183/281 245/193/282 347/184/283
f 158/166/75 377/174/279 347/184/283 38/175/82
f 88/1144/83 159/1145/86 378/1153/284 350/1154/285
f 159/119/86 40/113/88 348/118/286 378/124/284
f 378/124/284 348/118/286 247/123/287 349/129/288
f 350/1154/285 378/1153/284 349/1162/288 281/1163/289
f 244/111/276 351/117/290 379/112/291 343/106/277
f 351/117/290 247/123/287 348/118/286 379/112/291
f 379/112/291 348/118/286 40/113/88 160/107/94
f 343/106/277 379/112/291 160/107/94 37/101/72
f 277/1059/254 332/1060/253 380/1049/292 353/1048/293
f 332/120/253 248/121/252 352/116/294 380/115/292
f 380/115/292 352/116/294 244/111/276 342/110/273
f 353/1048/293 380/1049/292 342/1039/273 276/1038/272
f 246/182/280 354/191/295 381/192/296 346/183/281
f 354/191/295 250/204/263 341/205/266 381/192/296
f 381/192/296 341/205/266 249/210/271 355/206/297
f 346/183/281 381/192/296 355/206/297 245/193/282
f 281/1163/289 349/1162/288 382/1169/298 357/1170/299
f 349/129/288 247/123/287 356/128/300 382/134/298
f 382/134/298 356/128/300 251/133/259 334/137/256
f 357/1170/299 382/1169/298 334/1173/256 280/1174/255
f 248/121/252 337/127/262 383/122/301 352/116/294
f 337/127/262 251/133/259 356/128/300 383/122/301
f 383/122/301 356/128/300 247/123/287 351/117/290
f 352/116/294 383/122/301 351/117/290 244/111/276
f 245/193/282 358/207/302 384/194/303 347/184/283
f 358/1108/302 252/1104/304 359/1098/305 384/1103/303
f 384/1103/303 359/1098/305 49/1091/110 177/1097/109
f 347/184/283 384/194/303 177/185/109 38/175/82
f 249/210/271 360/217/306 385/211/307 355/206/297
f 360/1115/306 253/1113/308 361/1109/309 385/1112/307
f 385/1112/307 361/1109/309 252/1104/304 358/1108/302
f 355/206/297 385/211/307 358/207/302 245/193/282
f 242/2141/269 362/2137/310 386/2140/311 340/2142/270
f 362/2137/310 254/2133/312 363/2136/313 386/2140/311
f 386/1117/311 363/1116/313 253/1113/308 360/1115/306
f 340/216/270 386/225/311 360/217/306 249/210/271
f 240/2138/267 364/2134/314 387/2135/315 339/2139/268
f 364/2134/314 255/2130/316 365/2131/317 387/2135/315
f 387/2135/315 365/2131/317 254/2133/312 362/2137/310
f 339/2139/268 387/2135/315 362/2137/310 242/2141/269
f 250/204/263 366/209/318 388/213/319 338/214/264
f 366/209/318 256/212/320 367/220/321 388/213/319
f 388/213/319 367/220/321 255/227/316 364/221/314
f 338/214/264 388/213/319 364/221/314 240/222/267
f 246/182/280 368/190/322 389/203/323 354/191/295
f 368/190/322 257/202/324 369/208/325 389/203/323
f 389/203/323 369/208/325 256/212/320 366/209/318
f 354/191/295 389/203/323 366/209/318 250/204/263
f 39/165/74 190/176/132 390/181/326 345/173/278
f 190/176/132 56/186/134 370/189/327 390/181/326
f 390/181/326 370/189/327 257/202/324 368/190/322
f 345/173/278 390/181/326 368/190/322 246/182/280
f 252/1104/304 282/1099/328 391/1092/329 359/1098/305
f 282/1099/328 258/1093/330 283/1085/331 391/1092/329
f 391/1092/329 283/1085/331 57/1076/140 89/1084/139
f 359/1098/305 391/1092/329 89/1084/139 49/1091/110
f 253/1113/308 284/1110/332 392/1105/333 361/1109/309
f 284/1110/332 259/1106/334 285/1100/335 392/1105/333
f 392/1105/333 285/1100/335 258/1093/330 282/1099/328
f 361/1109/309 392/1105/333 282/1099/328 252/1104/304
f 254/2133/312 286/2129/336 393/2132/337 363/2136/313
f 286/2129/336 260/2125/338 287/2128/339 393/2132/337
f 393/1114/337 287/1111/339 259/1106/334 284/1110/332
f 363/1116/313 393/1114/337 284/1110/332 253/1113/308
f 255/2130/316 288/2126/340 394/2127/341 365/2131/317
f 288/2126/340 261/2122/342 289/2123/343 394/2127/341
f 394/2127/341 289/2123/343 260/2125/338 286/2129/336
f 365/2131/317 394/2127/341 286/2129/336 254/2133/312
f 256/212/320 290/219/344 395/226/345 367/220/321
f 290/1198/344 262/1195/346 291/1196/347 395/1199/345
f 395/1199/345 291/1196/347 261/1197/342 288/1200/340
f 367/220/321 395/226/345 288/228/340 255/227/316
f 257/2147/324 292/2148/348 396/2149/349 369/2150/325
f 292/2148/348 263/2153/350 293/2154/351 396/2149/349
f 396/2149/349 293/2154/351 262/2158/346 290/2159/344
f 369/208/325 396/218/349 290/219/344 256/212/320
f 56/186/134 102/196/162 397/201/352 370/189/327
f 102/1205/162 64/1201/164 294/1210/353 397/1211/352
f 397/2152/352 294/2155/353 263/2153/350 292/2148/348
f 370/2151/327 397/2152/352 292/2148/348 257/2147/324
f 258/1093/330 295/1086/354 398/1077/355 283/1085/331
f 295/1086/354 264/1078/356 296/1067/357 398/1077/355
f 398/1077/355 296/1067/357 65/1055/170 104/1066/169
f 283/1085/331 398/1077/355 104/1066/169 57/1076/140
f 259/1106/334 297/1101/358 399/1094/359 285/1100/335
f 297/1101/358 265/1095/360 298/1087/361 399/1094/359
f 399/1094/359 298/1087/361 264/1078/356 295/1086/354
f 285/1100/335 399/1094/359 295/1086/354 258/1093/330
f 260/2125/338 299/2121/362 400/2124/363 287/2128/339
f 299/2121/362 266/2117/364 300/2120/365 400/2124/363
f 400/1107/363 300/1102/365 265/1095/360 297/1101/358
f 287/1111/339 400/1107/363 297/1101/358 259/1106/334
f 261/2122/342 301/2118/366 401/2119/367 289/2123/343
f 301/2118/366 267/2114/368 302/2115/369 401/2119/367
f 401/2119/367 302/2115/369 266/2117/364 299/2121/362
f 289/2123/343 401/2119/367 299/2121/362 260/2125/338
f 262/1195/346 303/1192/370 402/1193/371 291/1196/347
f 303/1192/370 268/1186/372 304/1187/373 402/1193/371
f 402/1193/371 304/1187/373 267/1191/368 301/1194/366
f 291/1196/347 402/1193/371 301/1194/366 261/1197/342
f 263/2153/350 305/2156/374 403/2157/375 293/2154/351
f 305/2156/374 269/2160/376 306/2161/377 403/2157/375
f 403/2157/375 306/2161/377 268/2163/372 303/2162/370
f 293/2154/351 403/2157/375 303/2162/370 262/2158/346
f 64/1201/164 117/1204/192 404/1209/378 294/1210/353
f 117/233/192 72/229/194 307/240/379 404/242/378
f 404/242/378 307/240/379 269/246/376 305/247/374
f 294/1210/353 404/1209/378 305/1212/374 263/1213/350
f 264/1078/356 308/1068/380 405/1056/381 296/1067/357
f 308/1068/380 270/1057/382 309/1046/383 405/1056/381
f 405/1056/381 309/1046/383 73/1036/200 119/1045/199
f 296/1067/357 405/1056/381 119/1045/199 65/1055/170
f 265/1095/360 310/1088/384 406/1079/385 298/1087/361
f 310/1088/384 271/1080/386 311/1069/387 406/1079/385
f 406/1079/385 311/1069/387 270/1057/382 308/1068/380
f 298/1087/361 406/1079/385 308/1068/380 264/1078/356
f 266/2117/364 312/2113/388 407/2116/389 300/2120/365
f 312/2113/388 272/2108/390 313/2112/391 407/2116/389
f 407/1096/389 313/1089/391 271/1080/386 310/1088/384
f 300/1102/365 407/1096/389 310/1088/384 265/1095/360
f 267/2114/368 314/2109/392 408/2110/393 302/2115/369
f 314/2109/392 273/2104/394 315/2105/395 408/2110/393
f 408/2110/393 315/2105/395 272/2108/390 312/2113/388
f 302/2115/369 408/2110/393 312/2113/388 266/2117/364
f 268/1186/372 316/1183/396 409/1184/397 304/1187/373
f 316/1183/396 274/1179/398 317/1181/399 409/1184/397
f 409/2111/397 317/2106/399 273/2104/394 314/2109/392
f 304/1187/373 409/1184/397 314/1190/392 267/1191/368
f 269/1188/376 318/1189/400 410/1182/401 306/1185/377
f 318/245/400 275/250/402 319/251/403 410/252/401
f 410/1182/401 319/1175/403 274/1179/398 316/1183/396
f 306/1185/377 410/1182/401 316/1183/396 268/1186/372
f 72/229/194 132/232/222 411/239/404 307/240/379
f 132/232/222 80/238/224 320/244/405 411/239/404
f 411/239/404 320/244/405 275/250/402 318/245/400
f 307/240/379 411/239/404 318/245/400 269/246/376
f 270/1057/382 321/1047/406 412/1037/407 309/1046/383
f 321/1047/406 276/1038/272 344/1029/275 412/1037/407
f 412/1037/407 344/1029/275 81/1021/73 134/1028/227
f 309/1046/383 412/1037/407 134/1028/227 73/1036/200
f 271/1080/386 322/1070/408 413/1058/409 311/1069/387
f 322/1070/408 277/1059/254 353/1048/293 413/1058/409
f 413/1058/409 353/1048/293 276/1038/272 321/1047/406
f 311/1069/387 413/1058/409 321/1047/406 270/1057/382
f 272/2108/390 323/2103/410 414/2107/411 313/2112/391
f 323/2103/410 278/2095/248 333/2102/250 414/2107/411
f 414/1081/411 333/1071/250 277/1059/254 322/1070/408
f 313/1089/391 414/1081/411 322/1070/408 271/1080/386
f 273/2104/394 324/2096/412 415/2097/413 315/2105/395
f 324/2096/412 279/2086/240 330/2089/243 415/2097/413
f 415/2097/413 330/2089/243 278/2095/248 323/2103/410
f 315/2105/395 415/2097/413 323/2103/410 272/2108/390
f 274/1179/398 325/1176/414 416/1180/415 317/1181/399
f 325/1176/414 280/1174/255 336/1178/258 416/1180/415
f 416/2099/415 336/2090/258 279/2086/240 324/2096/412
f 317/2106/399 416/2099/415 324/2096/412 273/2104/394
f 275/1171/402 326/1168/416 417/1172/417 319/1175/403
f 326/1168/416 281/1163/289 357/1170/299 417/1172/417
f 417/1172/417 357/1170/299 280/1174/255 325/1176/414
f 319/1175/403 417/1172/417 325/1176/414 274/1179/398
f 80/1160/224 141/1152/239 418/1161/418 320/1167/405
f 141/1152/239 88/1144/83 350/1154/285 418/1161/418
f 418/1161/418 350/1154/285 281/1163/289 326/1168/416
f 320/1167/405 418/1161/418 326/1168/416 275/1171/402
s 11
f 419/288/419 466/293/420 484/294/421 469/289/422
f 466/2164/420 420/2165/423 467/2166/424 484/2167/421
f 484/2167/421 467/2166/424 429/2170/425 468/2171/426
f 469/289/422 484/294/421 468/297/426 428/295/427
f 420/2165/423 470/2168/428 485/2169/429 467/2166/424
f 470/2168/428 421/2172/430 471/2173/431 485/2169/429
f 485/2169/429 471/2173/431 430/2175/432 472/2174/433
f 467/2166/424 485/2169/429 472/2174/433 429/2170/425
f 421/261/430 473/253/434 486/256/435 471/262/431
f 473/253/434 422/254/436 474/255/437 486/256/435
f 486/256/435 474/255/437 431/259/438 475/260/439
f 471/262/431 486/256/435 475/260/439 430/266/432
f 422/254/436 476/257/440 487/258/441 474/255/437
f 476/257/440 423/263/442 477/264/443 487/258/441
f 487/258/441 477/264/443 432/269/444 478/265/445
f 474/255/437 487/258/441 478/265/445 431/259/438
f 423/263/442 479/267/446 488/268/447 477/264/443
f 479/267/446 424/270/448 480/271/449 488/268/447
f 488/268/447 480/271/449 433/273/450 481/272/451
f 477/264/443 488/268/447 481/272/451 432/269/444
f 424/2176/448 482/2177/452 489/2178/453 480/2179/449
f 482/2177/452 425/2180/454 483/2181/455 489/2178/453
f 489/2178/453 483/2181/455 434/2186/456 439/2182/457
f 480/2179/449 489/2178/453 439/2182/457 433/2183/450
f 425/2180/454 440/2184/458 490/2185/459 483/2181/455
f 440/282/458 426/274/460 441/277/461 490/283/459
f 490/283/459 441/277/461 435/281/462 442/287/463
f 483/2181/455 490/2185/459 442/2187/463 434/2186/456
f 426/274/460 443/275/464 491/276/465 441/277/461
f 443/275/464 427/278/466 444/279/467 491/276/465
f 491/276/465 444/279/467 436/286/468 445/280/469
f 441/277/461 491/276/465 445/280/469 435/281/462
f 427/278/466 446/284/470 492/285/471 444/279/467
f 446/284/470 419/288/419 469/289/422 492/285/471
f 492/285/471 469/289/422 428/295/427 447/290/472
f 444/279/467 492/285/471 447/290/472 436/286/468
f 420/1214/423 466/1215/420 493/1216/473 449/1217/474
f 419/1218/419 448/1219/475 493/1216/473 466/1215/420
f 437/1220/476 449/1217/474 493/1216/473 448/1219/475
f 421/1227/430 470/1222/428 494/1221/477 450/1225/478
f 420/1214/423 449/1217/474 494/1221/477 470/1222/428
f 437/1220/476 450/1225/478 494/1221/477 449/1217/474
f 422/1237/436 473/1233/434 495/1230/479 451/1229/480
f 421/1227/430 450/1225/478 495/1230/479 473/1233/434
f 437/1220/476 451/1229/480 495/1230/479 450/1225/478
f 423/1243/442 476/1244/440 496/1236/481 452/1235/482
f 422/1237/436 451/1229/480 496/1236/481 476/1244/440
f 437/1220/476 452/1235/482 496/1236/481 451/1229/480
f 424/1248/448 479/1249/446 497/1242/483 453/1241/484
f 423/1243/442 452/1235/482 497/1242/483 479/1249/446
f 437/1220/476 453/1241/484 497/1242/483 452/1235/482
f 425/1246/454 482/1250/452 498/1247/485 454/1240/486
f 424/1248/448 453/1241/484 498/1247/485 482/1250/452
f 437/1220/476 454/1240/486 498/1247/485 453/1241/484
f 426/1238/460 440/1245/458 499/1239/487 455/1232/488
f 425/1246/454 454/1240/486 499/1239/487 440/1245/458
f 437/1220/476 455/1232/488 499/1239/487 454/1240/486
f 427/1228/466 443/1234/464 500/1231/489 456/1226/490
f 426/1238/460 455/1232/488 500/1231/489 443/1234/464
f 437/1220/476 456/1226/490 500/1231/489 455/1232/488
f 419/1218/419 446/1223/470 501/1224/491 448/1219/475
f 427/1228/466 456/1226/490 501/1224/491 446/1223/470
f 437/1220/476 448/1219/475 501/1224/491 456/1226/490
f 428/1251/427 468/1252/426 502/1253/492 458/1254/493
f 429/1255/425 457/1256/494 502/1253/492 468/1252/426
f 438/1257/495 458/1254/493 502/1253/492 457/1256/494
f 429/1255/425 472/1260/433 503/1261/496 457/1256/494
f 430/1264/432 459/1263/497 503/1261/496 472/1260/433
f 438/1257/495 457/1256/494 503/1261/496 459/1263/497
f 430/1264/432 475/1269/439 504/1267/498 459/1263/497
f 431/1274/438 460/1268/499 504/1267/498 475/1269/439
f 438/1257/495 459/1263/497 504/1267/498 460/1268/499
f 431/1274/438 478/1281/445 505/1275/500 460/1268/499
f 432/1282/444 461/1276/501 505/1275/500 478/1281/445
f 438/1257/495 460/1268/499 505/1275/500 461/1276/501
f 432/1282/444 481/1286/451 506/1283/502 461/1276/501
f 433/1284/450 462/1277/503 506/1283/502 481/1286/451
f 438/1257/495 461/1276/501 506/1283/502 462/1277/503
f 433/1284/450 439/1285/457 507/1278/504 462/1277/503
f 434/1279/456 463/1270/505 507/1278/504 439/1285/457
f 438/1257/495 462/1277/503 507/1278/504 463/1270/505
f 434/1279/456 442/1280/463 508/1271/506 463/1270/505
f 435/1272/462 464/1265/507 508/1271/506 442/1280/463
f 438/1257/495 463/1270/505 508/1271/506 464/1265/507
f 435/1272/462 445/1273/469 509/1266/508 464/1265/507
f 436/286/468 465/291/509 509/292/508 445/280/469
f 438/1257/495 464/1265/507 509/1266/508 465/1262/509
f 436/286/468 447/290/472 510/296/510 465/291/509
f 428/1251/427 458/1254/493 510/1258/510 447/1259/472
f 438/1257/495 465/1262/509 510/1258/510 458/1254/493
s 12
f 511/1287/511 512/1288/512 532/1289/513 531/1290/514
f 512/1288/512 513/1292/515 533/1293/516 532/1289/513
f 513/1292/515 514/1298/517 534/1299/518 533/1293/516
f 514/1298/517 515/1306/519 535/1307/520 534/1299/518
f 515/1306/519 516/1316/521 536/1317/522 535/1307/520
f 516/352/521 517/338/523 537/325/524 536/340/522
f 517/338/523 518/322/525 538/310/526 537/325/524
f 518/322/525 519/323/527 539/311/528 538/310/526
f 519/323/527 520/337/529 540/324/530 539/311/528
f 520/337/529 521/351/531 541/339/532 540/324/530
f 521/351/531 522/365/533 542/353/534 541/339/532
f 522/365/533 523/377/535 543/366/536 542/353/534
f 523/377/535 524/388/537 544/378/538 543/366/536
f 524/1361/537 525/1349/539 545/1350/540 544/1362/538
f 525/1349/539 526/1338/541 546/1339/542 545/1350/540
f 526/1338/541 527/1326/543 547/1327/544 546/1339/542
f 527/1326/543 528/1314/545 548/1315/546 547/1327/544
f 528/1314/545 529/1304/547 549/1305/548 548/1315/546
f 529/1304/547 530/1296/549 550/1297/550 549/1305/548
f 530/1296/549 511/1287/511 531/1290/514 550/1297/550
f 531/1290/514 532/1289/513 552/1294/551 551/1295/552
f 532/1289/513 533/1293/516 553/1300/553 552/1294/551
f 533/1293/516 534/1299/518 554/1308/554 553/1300/553
f 534/1299/518 535/1307/520 555/1318/555 554/1308/554
f 535/1307/520 536/1317/522 556/1328/556 555/1318/555
f 536/340/522 537/325/524 557/313/557 556/327/556
f 537/325/524 538/310/526 558/302/558 557/313/557
f 538/310/526 539/311/528 559/303/559 558/302/558
f 539/311/528 540/324/530 560/312/560 559/303/559
f 540/324/530 541/339/532 561/326/561 560/312/560
f 541/339/532 542/353/534 562/341/562 561/326/561
f 542/353/534 543/366/536 563/354/563 562/341/562
f 543/366/536 544/378/538 564/367/564 563/354/563
f 544/1362/538 545/1350/540 565/1360/565 564/1371/564
f 545/1350/540 546/1339/542 566/1348/566 565/1360/565
f 546/1339/542 547/1327/544 567/1337/567 566/1348/566
f 547/1327/544 548/1315/546 568/1325/568 567/1337/567
f 548/1315/546 549/1305/548 569/1313/569 568/1325/568
f 549/1305/548 550/1297/550 570/1303/570 569/1313/569
f 550/1297/550 531/1290/514 551/1295/552 570/1303/570
f 551/1295/552 552/1294/551 572/1301/571 571/1302/572
f 552/1294/551 553/1300/553 573/1309/573 572/1301/571
f 553/1300/553 554/1308/554 574/1319/574 573/1309/573
f 554/1308/554 555/1318/555 575/1329/575 574/1319/574
f 555/1318/555 556/1328/556 576/1341/576 575/1329/575
f 556/327/556 557/313/557 577/308/577 576/320/576
f 557/313/557 558/302/558 578/298/578 577/308/577
f 558/302/558 559/303/559 579/299/579 578/298/578
f 559/303/559 560/312/560 580/304/580 579/299/579
f 560/312/560 561/326/561 581/314/581 580/304/580
f 561/326/561 562/341/562 582/328/582 581/314/581
f 562/341/562 563/354/563 583/342/583 582/328/582
f 563/354/563 564/367/564 584/355/584 583/342/583
f 564/1371/564 565/1360/565 585/1370/585 584/1380/584
f 565/1360/565 566/1348/566 586/1359/586 585/1370/585
f 566/1348/566 567/1337/567 587/1347/587 586/1359/586
f 567/1337/567 568/1325/568 588/1336/588 587/1347/587
f 568/1325/568 569/1313/569 589/1324/589 588/1336/588
f 569/1313/569 570/1303/570 590/1312/590 589/1324/589
f 570/1303/570 551/1295/552 571/1302/572 590/1312/590
f 571/1302/572 572/1301/571 592/1310/591 591/1311/592
f 572/1301/571 573/1309/573 593/1320/593 592/1310/591
f 573/1309/573 574/1319/574 594/1330/594 593/1320/593
f 574/1319/574 575/1329/575 595/1342/595 594/1330/594
f 575/1329/575 576/1341/576 596/1352/596 595/1342/595
f 576/320/576 577/308/577 597/309/597 596/321/596
f 577/308/577 578/298/578 598/301/598 597/309/597
f 578/298/578 579/299/579 599/300/599 598/301/598
f 579/299/579 580/304/580 600/305/600 599/300/599
f 580/304/580 581/314/581 601/315/601 600/305/600
f 581/314/581 582/328/582 602/329/602 601/315/601
f 582/328/582 583/342/583 603/343/603 602/329/602
f 583/342/583 584/355/584 604/356/604 603/343/603
f 584/1380/584 585/1370/585 605/1379/605 604/1386/604
f 585/1370/585 586/1359/586 606/1369/606 605/1379/605
f 586/1359/586 587/1347/587 607/1358/607 606/1369/606
f 587/1347/587 588/1336/588 608/1346/608 607/1358/607
f 588/1336/588 589/1324/589 609/1335/609 608/1346/608
f 589/1324/589 590/1312/590 610/1323/610 609/1335/609
f 590/1312/590 571/1302/572 591/1311/592 610/1323/610
f 591/1311/592 592/1310/591 612/1321/611 611/1322/612
f 592/1310/591 593/1320/593 613/1331/613 612/1321/611
f 593/1320/593 594/1330/594 614/1343/614 613/1331/613
f 594/1330/594 595/1342/595 615/1353/615 614/1343/614
f 595/1342/595 596/1352/596 616/1363/616 615/1353/615
f 596/321/596 597/309/597 617/319/617 616/335/616
f 597/309/597 598/301/598 618/307/618 617/319/617
f 598/301/598 599/300/599 619/306/619 618/307/618
f 599/300/599 600/305/600 620/316/620 619/306/619
f 600/305/600 601/315/601 621/330/621 620/316/620
f 601/315/601 602/329/602 622/344/622 621/330/621
f 602/329/602 603/343/603 623/357/623 622/344/622
f 603/343/603 604/356/604 624/368/624 623/357/623
f 604/1386/604 605/1379/605 625/1385/625 624/1389/624
f 605/1379/605 606/1369/606 626/1378/626 625/1385/625
f 606/1369/606 607/1358/607 627/1368/627 626/1378/626
f 607/1358/607 608/1346/608 628/1357/628 627/1368/627
f 608/1346/608 609/1335/609 629/1345/629 628/1357/628
f 609/1335/609 610/1323/610 630/1334/630 629/1345/629
f 610/1323/610 591/1311/592 611/1322/612 630/1334/630
f 611/1322/612 612/1321/611 632/1332/631 631/1333/632
f 612/1321/611 613/1331/613 633/1344/633 632/1332/631
f 613/1331/613 614/1343/614 634/1354/634 633/1344/633
f 614/1343/614 615/1353/615 635/1364/635 634/1354/634
f 615/1353/615 616/1363/616 636/1373/636 635/1364/635
f 616/335/616 617/319/617 637/334/637 636/350/636
f 617/319/617 618/307/618 638/318/638 637/334/637
f 618/307/618 619/306/619 639/317/639 638/318/638
f 619/306/619 620/316/620 640/331/640 639/317/639
f 620/316/620 621/330/621 641/345/641 640/331/640
f 621/330/621 622/344/622 642/358/642 641/345/641
f 622/344/622 623/357/623 643/369/643 642/358/642
f 623/357/623 624/368/624 644/379/644 643/369/643
f 624/1389/624 625/1385/625 645/1388/645 644/1393/644
f 625/1385/625 626/1378/626 646/1384/646 645/1388/645
f 626/1378/626 627/1368/627 647/1377/647 646/1384/646
f 627/1368/627 628/1357/628 648/1367/648 647/1377/647
f 628/1357/628 629/1345/629 649/1366/649 648/1367/648
f 629/460/629 630/447/630 650/437/650 649/449/649
f 630/447/630 611/448/612 631/425/632 650/437/650
f 631/425/632 632/426/631 652/418/651 651/417/652
f 632/1332/631 633/1344/633 653/1355/653 652/1356/651
f 633/1344/633 634/1354/634 654/1365/654 653/1355/653
f 634/1354/634 635/1364/635 655/1374/655 654/1365/654
f 635/2188/635 636/2189/636 656/2190/656 655/2191/655
f 636/350/636 637/334/637 657/349/657 656/364/656
f 637/334/637 638/318/638 658/333/658 657/349/657
f 638/318/638 639/317/639 659/332/659 658/333/658
f 639/317/639 640/331/640 660/346/660 659/332/659
f 640/331/640 641/345/641 661/359/661 660/346/660
f 641/345/641 642/358/642 662/370/662 661/359/661
f 642/358/642 643/369/643 663/380/663 662/370/662
f 643/369/643 644/379/644 664/389/664 663/380/663
f 644/2207/644 645/2208/645 665/2209/665 664/2210/664
f 645/1388/645 646/1384/646 666/1387/666 665/1392/665
f 646/1384/646 647/1377/647 667/1383/667 666/1387/666
f 647/1377/647 648/1367/648 668/1382/668 667/1383/667
f 648/461/648 649/449/649 669/438/669 668/450/668
f 649/449/649 650/437/650 670/428/670 669/438/669
f 650/437/650 631/425/632 651/417/652 670/428/670
f 651/417/652 652/418/651 672/414/671 671/413/672
f 652/418/651 653/427/653 673/419/673 672/414/671
f 653/1355/653 654/1365/654 674/1375/674 673/1376/673
f 654/2196/654 655/2191/655 675/2193/675 674/2197/674
f 655/2191/655 656/2190/656 676/2192/676 675/2193/675
f 656/364/656 657/349/657 677/363/677 676/376/676
f 657/349/657 658/333/658 678/348/678 677/363/677
f 658/333/658 659/332/659 679/347/679 678/348/678
f 659/332/659 660/346/660 680/360/680 679/347/679
f 660/346/660 661/359/661 681/371/681 680/360/680
f 661/359/661 662/370/662 682/381/682 681/371/681
f 662/370/662 663/380/663 683/390/683 682/381/682
f 663/380/663 664/389/664 684/398/684 683/390/683
f 664/2210/664 665/2209/665 685/2211/685 684/2212/684
f 665/2209/665 666/2213/666 686/2214/686 685/2211/685
f 666/1387/666 667/1383/667 687/1390/687 686/1391/686
f 667/462/667 668/450/668 688/445/688 687/458/687
f 668/450/668 669/438/669 689/435/689 688/445/688
f 669/438/669 670/428/670 690/423/690 689/435/689
f 670/428/670 651/417/652 671/413/672 690/423/690
f 671/413/672 672/414/671 692/415/691 691/416/692
f 672/414/671 673/419/673 693/420/693 692/415/691
f 673/419/673 674/429/674 694/430/694 693/420/693
f 674/2197/674 675/2193/675 695/2195/695 694/2200/694
f 675/2193/675 676/2192/676 696/2194/696 695/2195/695
f 676/376/676 677/363/677 697/375/697 696/387/696
f 677/363/677 678/348/678 698/362/698 697/375/697
f 678/348/678 679/347/679 699/361/699 698/362/698
f 679/347/679 680/360/680 700/372/700 699/361/699
f 680/360/680 681/371/681 701/382/701 700/372/700
f 681/371/681 682/381/682 702/391/702 701/382/701
f 682/381/682 683/390/683 703/399/703 702/391/702
f 683/390/683 684/398/684 704/403/704 703/399/703
f 684/2212/684 685/2211/685 705/2215/705 704/2216/704
f 685/2211/685 686/2214/686 706/2217/706 705/2215/705
f 686/471/686 687/458/687 707/459/707 706/472/706
f 687/458/687 688/445/688 708/446/708 707/459/707
f 688/445/688 689/435/689 709/436/709 708/446/708
f 689/435/689 690/423/690 710/424/710 709/436/709
f 690/423/690 671/413/672 691/416/692 710/424/710
f 691/416/692 692/415/691 712/421/711 711/422/712
f 692/415/691 693/420/693 713/431/713 712/421/711
f 693/420/693 694/430/694 714/439/714 713/431/713
f 694/2200/694 695/2195/695 715/2199/715 714/2203/714
f 695/2195/695 696/2194/696 716/2198/716 715/2199/715
f 696/387/696 697/375/697 717/386/717 716/397/716
f 697/375/697 698/362/698 718/374/718 717/386/717
f 698/362/698 699/361/699 719/373/719 718/374/718
f 699/361/699 700/372/700 720/383/720 719/373/719
f 700/372/700 701/382/701 721/392/721 720/383/720
f 701/382/701 702/391/702 722/400/722 721/392/721
f 702/391/702 703/399/703 723/404/723 722/400/722
f 703/399/703 704/403/704 724/409/724 723/404/723
f 704/2216/704 705/2215/705 725/2218/725 724/2219/724
f 705/2215/705 706/2217/706 726/2220/726 725/2218/725
f 706/472/706 707/459/707 727/470/727 726/481/726
f 707/459/707 708/446/708 728/457/728 727/470/727
f 708/446/708 709/436/709 729/444/729 728/457/728
f 709/436/709 710/424/710 730/434/730 729/444/729
f 710/424/710 691/416/692 711/422/712 730/434/730
f 711/422/712 712/421/711 732/432/731 731/433/732
f 712/421/711 713/431/713 733/440/733 732/432/731
f 713/431/713 714/439/714 734/451/734 733/440/733
f 714/2203/714 715/2199/715 735/2202/735 734/2204/734
f 715/2199/715 716/2198/716 736/2201/736 735/2202/735
f 716/1407/716 717/1408/717 737/1394/737 736/1400/736
f 717/386/717 718/374/718 738/385/738 737/396/737
f 718/374/718 719/373/719 739/384/739 738/385/738
f 719/373/719 720/383/720 740/393/740 739/384/739
f 720/383/720 721/392/721 741/401/741 740/393/740
f 721/392/721 722/400/722 742/405/742 741/401/741
f 722/400/722 723/404/723 743/410/743 742/405/742
f 723/1483/723 724/1484/724 744/1475/744 743/1466/743
f 724/2219/724 725/2218/725 745/2221/745 744/2222/744
f 725/2218/725 726/2220/726 746/2223/746 745/2221/745
f 726/481/726 727/470/727 747/480/747 746/490/746
f 727/470/727 728/457/728 748/469/748 747/480/747
f 728/457/728 729/444/729 749/456/749 748/469/748
f 729/444/729 730/434/730 750/443/750 749/456/749
f 730/434/730 711/422/712 731/433/732 750/443/750
f 731/433/732 732/432/731 752/441/751 751/442/752
f 732/432/731 733/440/733 753/452/753 752/441/751
f 733/440/733 734/451/734 754/463/754 753/452/753
f 734/2204/734 735/2202/735 755/2205/755 754/2206/754
f 735/1409/735 736/1400/736 756/1401/756 755/1410/755
f 736/1400/736 737/1394/737 757/1397/757 756/1401/756
f 737/1394/737 738/1395/738 758/1396/758 757/1397/757
f 738/385/738 739/384/739 759/394/759 758/395/758
f 739/384/739 740/393/740 760/402/760 759/394/759
f 740/393/740 741/401/741 761/406/761 760/402/760
f 741/401/741 742/405/742 762/411/762 761/406/761
f 742/1465/742 743/1466/743 763/1456/763 762/1445/762
f 743/1466/743 744/1475/744 764/1467/764 763/1456/763
f 744/1475/744 745/1485/745 765/1476/765 764/1467/764
f 745/2221/745 746/2223/746 766/2224/766 765/2225/765
f 746/490/746 747/480/747 767/489/767 766/499/766
f 747/480/747 748/469/748 768/479/768 767/489/767
f 748/469/748 749/456/749 769/468/769 768/479/768
f 749/456/749 750/443/750 770/455/770 769/468/769
f 750/443/750 731/433/732 751/442/752 770/455/770
f 751/442/752 752/441/751 772/453/771 771/454/772
f 752/441/751 753/452/753 773/464/773 772/453/771
f 753/452/753 754/463/754 774/473/774 773/464/773
f 754/1423/754 755/1410/755 775/1415/775 774/1424/774
f 755/1410/755 756/1401/756 776/1406/776 775/1415/775
f 756/1401/756 757/1397/757 777/1399/777 776/1406/776
f 757/1397/757 758/1396/758 778/1398/778 777/1399/777
f 758/1396/758 759/1402/759 779/1403/779 778/1398/778
f 759/394/759 760/402/760 780/407/780 779/408/779
f 760/402/760 761/406/761 781/412/781 780/407/780
f 761/1444/761 762/1445/762 782/1434/782 781/1425/781
f 762/1445/762 763/1456/763 783/1446/783 782/1434/782
f 763/1456/763 764/1467/764 784/1457/784 783/1446/783
f 764/1467/764 765/1476/765 785/1468/785 784/1457/784
f 765/1476/765 766/1486/766 786/1477/786 785/1468/785
f 766/499/766 767/489/767 787/498/787 786/508/786
f 767/489/767 768/479/768 788/488/788 787/498/787
f 768/479/768 769/468/769 789/478/789 788/488/788
f 769/468/769 770/455/770 790/467/790 789/478/789
f 770/455/770 751/442/752 771/454/772 790/467/790
f 771/454/772 772/453/771 792/465/791 791/466/792
f 772/453/771 773/464/773 793/474/793 792/465/791
f 773/464/773 774/473/774 794/482/794 793/474/793
f 774/1424/774 775/1415/775 795/1422/795 794/1433/794
f 775/1415/775 776/1406/776 796/1414/796 795/1422/795
f 776/1406/776 777/1399/777 797/1405/797 796/1414/796
f 777/1399/777 778/1398/778 798/1404/798 797/1405/797
f 778/1398/778 779/1403/779 799/1411/799 798/1404/798
f 779/1403/779 780/1416/780 800/1417/800 799/1411/799
f 780/1416/780 781/1425/781 801/1426/801 800/1417/800
f 781/1425/781 782/1434/782 802/1435/802 801/1426/801
f 782/1434/782 783/1446/783 803/1447/803 802/1435/802
f 783/1446/783 784/1457/784 804/1458/804 803/1447/803
f 784/1457/784 785/1468/785 805/1469/805 804/1458/804
f 785/1468/785 786/1477/786 806/1478/806 805/1469/805
f 786/508/786 787/498/787 807/507/807 806/516/806
f 787/498/787 788/488/788 808/497/808 807/507/807
f 788/488/788 789/478/789 809/487/809 808/497/808
f 789/478/789 790/467/790 810/477/810 809/487/809
f 790/467/790 771/454/772 791/466/792 810/477/810
f 791/466/792 792/465/791 812/475/811 811/476/812
f 792/465/791 793/474/793 813/483/813 812/475/811
f 793/474/793 794/482/794 814/491/814 813/483/813
f 794/1433/794 795/1422/795 815/1432/815 814/1443/814
f 795/1422/795 796/1414/796 816/1421/816 815/1432/815
f 796/1414/796 797/1405/797 817/1413/817 816/1421/816
f 797/1405/797 798/1404/798 818/1412/818 817/1413/817
f 798/1404/798 799/1411/799 819/1418/819 818/1412/818
f 799/1411/799 800/1417/800 820/1427/820 819/1418/819
f 800/1417/800 801/1426/801 821/1436/821 820/1427/820
f 801/1426/801 802/1435/802 822/1448/822 821/1436/821
f 802/1435/802 803/1447/803 823/1459/823 822/1448/822
f 803/1447/803 804/1458/804 824/1470/824 823/1459/823
f 804/1458/804 805/1469/805 825/1479/825 824/1470/824
f 805/1469/805 806/1478/806 826/1487/826 825/1479/825
f 806/516/806 807/507/807 827/515/827 826/521/826
f 807/507/807 808/497/808 828/506/828 827/515/827
f 808/497/808 809/487/809 829/496/829 828/506/828
f 809/487/809 810/477/810 830/486/830 829/496/829
f 810/477/810 791/466/792 811/476/812 830/486/830
f 811/476/812 812/475/811 832/484/831 831/485/832
f 812/475/811 813/483/813 833/492/833 832/484/831
f 813/483/813 814/491/814 834/500/834 833/492/833
f 814/1443/814 815/1432/815 835/1442/835 834/1455/834
f 815/1432/815 816/1421/816 836/1431/836 835/1442/835
f 816/1421/816 817/1413/817 837/1420/837 836/1431/836
f 817/1413/817 818/1412/818 838/1419/838 837/1420/837
f 818/1412/818 819/1418/819 839/1428/839 838/1419/838
f 819/1418/819 820/1427/820 840/1437/840 839/1428/839
f 820/1427/820 821/1436/821 841/1449/841 840/1437/840
f 821/1436/821 822/1448/822 842/1460/842 841/1449/841
f 822/1448/822 823/1459/823 843/1471/843 842/1460/842
f 823/1459/823 824/1470/824 844/1480/844 843/1471/843
f 824/1470/824 825/1479/825 845/1488/845 844/1480/844
f 825/1479/825 826/1487/826 846/1492/846 845/1488/845
f 826/521/826 827/515/827 847/520/847 846/524/846
f 827/515/827 828/506/828 848/514/848 847/520/847
f 828/506/828 829/496/829 849/505/849 848/514/848
f 829/496/829 830/486/830 850/495/850 849/505/849
f 830/486/830 811/476/812 831/485/832 850/495/850
f 831/485/832 832/484/831 852/493/851 851/494/852
f 832/484/831 833/492/833 853/501/853 852/493/851
f 833/492/833 834/500/834 854/509/854 853/501/853
f 834/1455/834 835/1442/835 855/1454/855 854/1464/854
f 835/1442/835 836/1431/836 856/1441/856 855/1454/855
f 836/1431/836 837/1420/837 857/1430/857 856/1441/856
f 837/1420/837 838/1419/838 858/1429/858 857/1430/857
f 838/1419/838 839/1428/839 859/1438/859 858/1429/858
f 839/1428/839 840/1437/840 860/1450/860 859/1438/859
f 840/1437/840 841/1449/841 861/1461/861 860/1450/860
f 841/1449/841 842/1460/842 862/1472/862 861/1461/861
f 842/1460/842 843/1471/843 863/1481/863 862/1472/862
f 843/1471/843 844/1480/844 864/1489/864 863/1481/863
f 844/1480/844 845/1488/845 865/1493/865 864/1489/864
f 845/1488/845 846/1492/846 866/1496/866 865/1493/865
f 846/524/846 847/520/847 867/523/867 866/526/866
f 847/520/847 848/514/848 868/519/868 867/523/867
f 848/514/848 849/505/849 869/513/869 868/519/868
f 849/505/849 850/495/850 870/504/870 869/513/869
f 850/495/850 831/485/832 851/494/852 870/504/870
f 851/494/852 852/493/851 872/502/871 871/503/872
f 852/493/851 853/501/853 873/510/873 872/502/871
f 853/501/853 854/509/854 874/517/874 873/510/873
f 854/1464/854 855/1454/855 875/1463/875 874/1474/874
f 855/1454/855 856/1441/856 876/1453/876 875/1463/875
f 856/1441/856 857/1430/857 877/1440/877 876/1453/876
f 857/1430/857 858/1429/858 878/1439/878 877/1440/877
f 858/1429/858 859/1438/859 879/1451/879 878/1439/878
f 859/1438/859 860/1450/860 880/1462/880 879/1451/879
f 860/1450/860 861/1461/861 881/1473/881 880/1462/880
f 861/1461/861 862/1472/862 882/1482/882 881/1473/881
f 862/1472/862 863/1481/863 883/1490/883 882/1482/882
f 863/1481/863 864/1489/864 884/1494/884 883/1490/883
f 864/1489/864 865/1493/865 885/1497/885 884/1494/884
f 865/1493/865 866/1496/866 886/1498/886 885/1497/885
f 866/526/866 867/523/867 887/525/887 886/527/886
f 867/523/867 868/519/868 888/522/888 887/525/887
f 868/519/868 869/513/869 889/518/889 888/522/888
f 869/513/869 870/504/870 890/512/890 889/518/889
f 870/504/870 851/494/852 871/503/872 890/512/890
f 512/1288/512 511/1287/511 891/1291/891
f 513/1292/515 512/1288/512 891/1291/891
f 514/1298/517 513/1292/515 891/1291/891
f 515/1306/519 514/1298/517 891/1291/891
f 516/1316/521 515/1306/519 891/1291/891
f 517/1340/523 516/1316/521 891/1291/891
f 518/1351/525 517/1340/523 891/1291/891
f 519/323/527 518/322/525 891/336/891
f 520/337/529 519/323/527 891/336/891
f 521/351/531 520/337/529 891/336/891
f 522/365/533 521/351/531 891/336/891
f 523/1372/535 522/1381/533 891/1291/891
f 524/1361/537 523/1372/535 891/1291/891
f 525/1349/539 524/1361/537 891/1291/891
f 526/1338/541 525/1349/539 891/1291/891
f 527/1326/543 526/1338/541 891/1291/891
f 528/1314/545 527/1326/543 891/1291/891
f 529/1304/547 528/1314/545 891/1291/891
f 530/1296/549 529/1304/547 891/1291/891
f 511/1287/511 530/1296/549 891/1291/891
f 871/503/872 872/502/871 892/511/892
f 872/1495/871 873/1491/873 892/1452/892
f 873/1491/873 874/1474/874 892/1452/892
f 874/1474/874 875/1463/875 892/1452/892
f 875/1463/875 876/1453/876 892/1452/892
f 876/1453/876 877/1440/877 892/1452/892
f 877/1440/877 878/1439/878 892/1452/892
f 878/1439/878 879/1451/879 892/1452/892
f 879/1451/879 880/1462/880 892/1452/892
f 880/1462/880 881/1473/881 892/1452/892
f 881/1473/881 882/1482/882 892/1452/892
f 882/1482/882 883/1490/883 892/1452/892
f 883/1490/883 884/1494/884 892/1452/892
f 884/1494/884 885/1497/885 892/1452/892
f 885/1497/885 886/1498/886 892/1452/892
f 886/1498/886 887/1499/887 892/1452/892
f 887/1499/887 888/1500/888 892/1452/892
f 888/522/888 889/518/889 892/511/892
f 889/518/889 890/512/890 892/511/892
f 890/512/890 871/503/872 892/511/892
s 13
f 893/1502/893 894/1501/894 902/1504/895 901/1505/896
f 894/1501/894 895/1507/897 903/1508/898 902/1504/895
f 895/538/897 896/539/899 904/533/900 903/532/898
f 896/539/899 897/544/901 905/540/902 904/533/900
f 897/1515/901 898/1514/903 906/1517/904 905/1520/902
f 898/1514/903 899/1511/905 907/1516/906 906/1517/904
f 899/559/905 900/560/907 908/554/908 907/553/906
f 900/560/907 893/565/893 901/561/896 908/554/908
f 901/1505/896 902/1504/895 910/1509/909 909/1510/910
f 902/1504/895 903/1508/898 911/1513/911 910/1509/909
f 903/532/898 904/533/900 912/529/912 911/528/911
f 904/533/900 905/540/902 913/534/913 912/529/912
f 905/1520/902 906/1517/904 914/1519/914 913/1521/913
f 906/1517/904 907/1516/906 915/1518/915 914/1519/914
f 907/553/906 908/554/908 916/550/916 915/549/915
f 908/554/908 901/561/896 909/555/910 916/550/916
f 909/2226/910 910/2227/909 918/2228/917 917/2229/918
f 910/2227/909 911/2230/911 919/2231/919 918/2228/917
f 911/528/911 912/529/912 920/530/920 919/531/919
f 912/529/912 913/534/913 921/535/921 920/530/920
f 913/2235/913 914/2236/914 922/2237/922 921/2238/921
f 914/2236/914 915/2239/915 923/2240/923 922/2237/922
f 915/549/915 916/550/916 924/551/924 923/552/923
f 916/550/916 909/555/910 917/556/918 924/551/924
f 917/2229/918 918/2228/917 926/2232/925 925/2233/926
f 918/2228/917 919/2231/919 927/2234/927 926/2232/925
f 919/531/919 920/530/920 928/536/928 927/537/927
f 920/530/920 921/535/921 929/541/929 928/536/928
f 921/2238/921 922/2237/922 930/2241/930 929/2242/929
f 922/2237/922 923/2240/923 931/2243/931 930/2241/930
f 923/552/923 924/551/924 932/557/932 931/558/931
f 924/551/924 917/556/918 925/562/926 932/557/932
f 925/1529/926 926/1530/925 934/1526/933 933/1525/934
f 926/1530/925 927/1534/927 935/1531/935 934/1526/933
f 927/537/927 928/536/928 936/542/936 935/543/935
f 928/536/928 929/541/929 937/545/937 936/542/936
f 929/1542/929 930/1540/930 938/1537/938 937/1539/937
f 930/1540/930 931/1541/931 939/1538/939 938/1537/938
f 931/558/931 932/557/932 940/563/940 939/564/939
f 932/557/932 925/562/926 933/566/934 940/563/940
f 933/1525/934 934/1526/933 942/1523/941 941/1522/942
f 934/1526/933 935/1531/935 943/1527/943 942/1523/941
f 935/543/935 936/542/936 944/546/944 943/547/943
f 936/542/936 937/545/937 945/548/945 944/546/944
f 937/1539/937 938/1537/938 946/1536/946 945/1535/945
f 938/1537/938 939/1538/939 947/1533/947 946/1536/946
f 939/564/939 940/563/940 948/567/948 947/568/947
f 940/563/940 933/566/934 941/569/942 948/567/948
f 894/1501/894 893/1502/893 949/1503/949
f 895/1507/897 894/1501/894 949/1503/949
f 896/1512/899 895/1507/897 949/1503/949
f 897/1515/901 896/1512/899 949/1503/949
f 898/1514/903 897/1515/901 949/1503/949
f 899/1511/905 898/1514/903 949/1503/949
f 900/1506/907 899/1511/905 949/1503/949
f 893/1502/893 900/1506/907 949/1503/949
f 941/1522/942 942/1523/941 950/1524/950
f 942/1523/941 943/1527/943 950/1524/950
f 943/1527/943 944/1532/944 950/1524/950
f 944/1532/944 945/1535/945 950/1524/950
f 945/1535/945 946/1536/946 950/1524/950
f 946/1536/946 947/1533/947 950/1524/950
f 947/1533/947 948/1528/948 950/1524/950
f 948/1528/948 941/1522/942 950/1524/950
s 14
f 951/1544/951 952/1543/952 957/1546/953 956/1547/954
f 952/574/952 953/575/955 958/571/956 957/570/953
f 953/1549/955 954/1551/957 959/1552/958 958/1553/956
f 954/1551/957 955/1548/959 960/1550/960 959/1552/958
f 955/1548/959 951/1544/951 956/1547/954 960/1550/960
f 956/2244/954 957/2245/953 962/2246/961 961/2247/962
f 957/570/953 958/571/956 963/572/963 962/573/961
f 958/2250/956 959/2251/958 964/2252/964 963/2253/963
f 959/2251/958 960/2254/960 965/2255/965 964/2252/964
f 960/2248/960 956/2244/954 961/2247/962 965/2249/965
f 961/1557/962 962/1558/961 967/1555/966 966/1554/967
f 962/573/961 963/572/963 968/576/968 967/577/966
f 963/1564/963 964/1563/964 969/1562/969 968/1559/968
f 964/1563/964 965/1561/965 970/1560/970 969/1562/969
f 965/1561/965 961/1557/962 966/1554/967 970/1560/970
f 952/1543/952 951/1544/951 971/1545/971
f 953/1549/955 952/1543/952 971/1545/971
f 954/1551/957 953/1549/955 971/1545/971
f 955/1548/959 954/1551/957 971/1545/971
f 951/1544/951 955/1548/959 971/1545/971
f 966/1554/967 967/1555/966 972/1556/972
f 967/1555/966 968/1559/968 972/1556/972
f 968/1559/968 969/1562/969 972/1556/972
f 969/1562/969 970/1560/970 972/1556/972
f 970/1560/970 966/1554/967 972/1556/972
s 15
f 973/1566/973 974/1565/974 979/1568/975 978/1569/976
f 974/582/974 975/583/977 980/579/978 979/578/975
f 975/1571/977 976/1573/979 981/1574/980 980/1575/978
f 976/1573/979 977/1570/981 982/1572/982 981/1574/980
f 977/1570/981 973/1566/973 978/1569/976 982/1572/982
f 978/2256/976 979/2257/975 984/2258/983 983/2259/984
f 979/578/975 980/579/978 985/580/985 984/581/983
f 980/2262/978 981/2263/980 986/2264/986 985/2265/985
f 981/2263/980 982/2266/982 987/2267/987 986/2264/986
f 982/2260/982 978/2256/976 983/2259/984 987/2261/987
f 983/1579/984 984/1580/983 989/1577/988 988/1576/989
f 984/581/983 985/580/985 990/584/990 989/585/988
f 985/1586/985 986/1585/986 991/1584/991 990/1581/990
f 986/1585/986 987/1583/987 992/1582/992 991/1584/991
f 987/1583/987 983/1579/984 988/1576/989 992/1582/992
f 974/1565/974 973/1566/973 993/1567/993
f 975/1571/977 974/1565/974 993/1567/993
f 976/1573/979 975/1571/977 993/1567/993
f 977/1570/981 976/1573/979 993/1567/993
f 973/1566/973 977/1570/981 993/1567/993
f 988/1576/989 989/1577/988 994/1578/994
f 989/1577/988 990/1581/990 994/1578/994
f 990/1581/990 991/1584/991 994/1578/994
f 991/1584/991 992/1582/992 994/1578/994
f 992/1582/992 988/1576/989 994/1578/994
s 16
f 996/671/995 995/670/996 1014/676/997 1015/677/998
f 997/679/999 996/671/995 1015/677/998 1016/684/1000
f 998/1609/1001 997/1610/999 1016/1595/1000 1017/1601/1002
f 999/2268/1003 998/2269/1001 1017/2270/1002 1018/2271/1004
f 1000/2274/1005 999/2268/1003 1018/2271/1004 1019/2275/1006
f 1001/592/1007 1000/600/1005 1019/601/1006 1020/593/1008
f 1002/587/1009 1001/592/1007 1020/593/1008 1021/588/1010
f 1003/586/1011 1002/587/1009 1021/588/1010 1022/589/1012
f 1004/596/1013 1003/586/1011 1022/589/1012 1023/597/1014
f 1005/604/1015 1004/596/1013 1023/597/1014 1024/605/1016
f 1006/608/1017 1005/604/1015 1024/605/1016 1025/609/1018
f 1007/612/1019 1006/608/1017 1025/609/1018 1026/613/1020
f 1008/2279/1021 1007/2280/1019 1026/2281/1020 1027/2282/1022
f 1009/2285/1023 1008/2279/1021 1027/2282/1022 1028/2286/1024
f 1010/1627/1025 1009/1628/1023 1028/1620/1024 1029/1613/1026
f 1011/687/1027 1010/691/1025 1029/693/1026 1030/692/1028
f 1012/682/1029 1011/687/1027 1030/692/1028 1031/688/1030
f 1013/675/1031 1012/682/1029 1031/688/1030 1032/683/1032
f 995/670/996 1013/675/1031 1032/683/1032 1014/676/997
f 1015/1587/998 1014/1588/997 1033/1589/1033 1034/1590/1034
f 1016/1595/1000 1015/1587/998 1034/1590/1034 1035/1596/1035
f 1017/1601/1002 1016/1595/1000 1035/1596/1035 1036/1602/1036
f 1018/1611/1004 1017/1601/1002 1036/1602/1036 1037/1612/1037
f 1019/1618/1006 1018/1611/1004 1037/1612/1037 1038/1619/1038
f 1020/1625/1008 1019/1618/1006 1038/1619/1038 1039/1626/1039
f 1021/588/1010 1020/593/1008 1039/602/1039 1040/594/1040
f 1022/589/1012 1021/588/1010 1040/594/1040 1041/595/1041
f 1023/597/1014 1022/589/1012 1041/595/1041 1042/603/1042
f 1024/605/1016 1023/597/1014 1042/603/1042 1043/607/1043
f 1025/609/1018 1024/605/1016 1043/607/1043 1044/611/1044
f 1026/1636/1020 1025/1643/1018 1044/1644/1044 1045/1637/1045
f 1027/1629/1022 1026/1636/1020 1045/1637/1045 1046/1630/1046
f 1028/1620/1024 1027/1629/1022 1046/1630/1046 1047/1621/1047
f 1029/1613/1026 1028/1620/1024 1047/1621/1047 1048/1614/1048
f 1030/1603/1028 1029/1613/1026 1048/1614/1048 1049/1604/1049
f 1031/1597/1030 1030/1603/1028 1049/1604/1049 1050/1598/1050
f 1032/1591/1032 1031/1597/1030 1050/1598/1050 1051/1592/1051
f 1014/1588/997 1032/1591/1032 1051/1592/1051 1033/1589/1033
f 1034/1590/1034 1033/1589/1033 1052/1593/1052 1053/1594/1053
f 1035/1596/1035 1034/1590/1034 1053/1594/1053 1054/1600/1054
f 1036/1602/1036 1035/1596/1035 1054/1600/1054 1055/1608/1055
f 1037/1612/1037 1036/1602/1036 1055/1608/1055 1056/1617/1056
f 1038/1619/1038 1037/1612/1037 1056/1617/1056 1057/1624/1057
f 1039/1626/1039 1038/1619/1038 1057/1624/1057 1058/1635/1058
f 1040/1641/1040 1039/1626/1039 1058/1635/1058 1059/1642/1059
f 1041/1650/1041 1040/1641/1040 1059/1642/1059 1060/1651/1060
f 1042/1655/1042 1041/1650/1041 1060/1651/1060 1061/1656/1061
f 1043/1657/1043 1042/1655/1042 1061/1656/1061 1062/1658/1062
f 1044/1644/1044 1043/1657/1043 1062/1658/1062 1063/1652/1063
f 1045/1637/1045 1044/1644/1044 1063/1652/1063 1064/1645/1064
f 1046/1630/1046 1045/1637/1045 1064/1645/1064 1065/1638/1065
f 1047/1621/1047 1046/1630/1046 1065/1638/1065 1066/1631/1066
f 1048/1614/1048 1047/1621/1047 1066/1631/1066 1067/1622/1067
f 1049/1604/1049 1048/1614/1048 1067/1622/1067 1068/1615/1068
f 1050/1598/1050 1049/1604/1049 1068/1615/1068 1069/1605/1069
f 1051/1592/1051 1050/1598/1050 1069/1605/1069 1070/1599/1070
f 1033/1589/1033 1051/1592/1051 1070/1599/1070 1052/1593/1052
f 1053/618/1053 1052/619/1052 1071/615/1071 1072/614/1072
f 1054/1600/1054 1053/1594/1053 1072/1606/1072 1073/1607/1073
f 1055/1608/1055 1054/1600/1054 1073/1607/1073 1074/1616/1074
f 1056/1617/1056 1055/1608/1055 1074/1616/1074 1075/1623/1075
f 1057/1624/1057 1056/1617/1056 1075/1623/1075 1076/1634/1076
f 1058/1635/1058 1057/1624/1057 1076/1634/1076 1077/1640/1077
f 1059/1642/1059 1058/1635/1058 1077/1640/1077 1078/1649/1078
f 1060/1651/1060 1059/1642/1059 1078/1649/1078 1079/1654/1079
f 1061/1656/1061 1060/1651/1060 1079/1654/1079 1080/1660/1080
f 1062/1658/1062 1061/1656/1061 1080/1660/1080 1081/1661/1081
f 1063/1652/1063 1062/1658/1062 1081/1661/1081 1082/1659/1082
f 1064/1645/1064 1063/1652/1063 1082/1659/1082 1083/1653/1083
f 1065/1638/1065 1064/1645/1064 1083/1653/1083 1084/1646/1084
f 1066/1631/1066 1065/1638/1065 1084/1646/1084 1085/1639/1085
f 1067/1622/1067 1066/1631/1066 1085/1639/1085 1086/1632/1086
f 1068/1615/1068 1067/1622/1067 1086/1632/1086 1087/1633/1087
f 1069/631/1069 1068/635/1068 1087/632/1087 1088/627/1088
f 1070/626/1070 1069/631/1069 1088/627/1088 1089/620/1089
f 1052/619/1052 1070/626/1070 1089/620/1089 1071/615/1071
f 1072/614/1072 1071/615/1071 1090/616/1090 1091/617/1091
f 1073/624/1073 1072/614/1072 1091/617/1091 1092/625/1092
f 1074/2290/1074 1073/2291/1073 1092/2292/1092 1093/2293/1093
f 1075/2294/1075 1074/2290/1074 1093/2293/1093 1094/2295/1094
f 1076/2298/1076 1075/2294/1075 1094/2295/1094 1095/2299/1095
f 1077/1640/1077 1076/1634/1076 1095/1647/1095 1096/1648/1096
f 1078/645/1078 1077/652/1077 1096/646/1096 1097/641/1097
f 1079/644/1079 1078/645/1078 1097/641/1097 1098/640/1098
f 1080/653/1080 1079/644/1079 1098/640/1098 1099/650/1099
f 1081/660/1081 1080/653/1080 1099/650/1099 1100/658/1100
f 1082/664/1082 1081/660/1081 1100/658/1100 1101/662/1101
f 1083/1653/1083 1082/1659/1082 1101/1662/1101 1102/1663/1102
f 1084/2301/1084 1083/2302/1083 1102/2303/1102 1103/2304/1103
f 1085/2307/1085 1084/2301/1084 1103/2304/1103 1104/2308/1104
f 1086/2310/1086 1085/2307/1085 1104/2308/1104 1105/2311/1105
f 1087/632/1087 1086/636/1086 1105/637/1105 1106/633/1106
f 1088/627/1088 1087/632/1087 1106/633/1106 1107/628/1107
f 1089/620/1089 1088/627/1088 1107/628/1107 1108/621/1108
f 1071/615/1071 1089/620/1089 1108/621/1108 1090/616/1090
f 1091/617/1091 1090/616/1090 1109/622/1109 1110/623/1110
f 1092/625/1092 1091/617/1091 1110/623/1110 1111/630/1111
f 1093/1686/1093 1092/1687/1092 1111/1672/1111 1112/1678/1112
f 1094/2295/1094 1093/2293/1093 1112/2296/1112 1113/2297/1113
f 1095/2299/1095 1094/2295/1094 1113/2297/1113 1114/2300/1114
f 1096/646/1096 1095/654/1095 1114/655/1114 1115/647/1115
f 1097/641/1097 1096/646/1096 1115/647/1115 1116/642/1116
f 1098/640/1098 1097/641/1097 1116/642/1116 1117/643/1117
f 1099/650/1099 1098/640/1098 1117/643/1117 1118/651/1118
f 1100/658/1100 1099/650/1099 1118/651/1118 1119/659/1119
f 1101/662/1101 1100/658/1100 1119/659/1119 1120/663/1120
f 1102/666/1102 1101/662/1101 1120/663/1120 1121/667/1121
f 1103/2304/1103 1102/2303/1102 1121/2305/1121 1122/2306/1122
f 1104/2308/1104 1103/2304/1103 1122/2306/1122 1123/2309/1123
f 1105/1704/1105 1104/1705/1104 1123/1697/1123 1124/1690/1124
f 1106/633/1106 1105/637/1105 1124/639/1124 1125/638/1125
f 1107/628/1107 1106/633/1106 1125/638/1125 1126/634/1126
f 1108/621/1108 1107/628/1107 1126/634/1126 1127/629/1127
f 1090/616/1090 1108/621/1108 1127/629/1127 1109/622/1109
f 1110/1664/1110 1109/1665/1109 1128/1666/1128 1129/1667/1129
f 1111/1672/1111 1110/1664/1110 1129/1667/1129 1130/1673/1130
f 1112/1678/1112 1111/1672/1111 1130/1673/1130 1131/1679/1131
f 1113/1688/1113 1112/1678/1112 1131/1679/1131 1132/1689/1132
f 1114/1695/1114 1113/1688/1113 1132/1689/1132 1133/1696/1133
f 1115/1702/1115 1114/1695/1114 1133/1696/1133 1134/1703/1134
f 1116/642/1116 1115/647/1115 1134/656/1134 1135/648/1135
f 1117/643/1117 1116/642/1116 1135/648/1135 1136/649/1136
f 1118/651/1118 1117/643/1117 1136/649/1136 1137/657/1137
f 1119/659/1119 1118/651/1118 1137/657/1137 1138/661/1138
f 1120/663/1120 1119/659/1119 1138/661/1138 1139/665/1139
f 1121/1713/1121 1120/1720/1120 1139/1721/1139 1140/1714/1140
f 1122/1706/1122 1121/1713/1121 1140/1714/1140 1141/1707/1141
f 1123/1697/1123 1122/1706/1122 1141/1707/1141 1142/1698/1142
f 1124/1690/1124 1123/1697/1123 1142/1698/1142 1143/1691/1143
f 1125/1680/1125 1124/1690/1124 1143/1691/1143 1144/1681/1144
f 1126/1674/1126 1125/1680/1125 1144/1681/1144 1145/1675/1145
f 1127/1668/1127 1126/1674/1126 1145/1675/1145 1146/1669/1146
f 1109/1665/1109 1127/1668/1127 1146/1669/1146 1128/1666/1128
f 1129/1667/1129 1128/1666/1128 1147/1670/1147 1148/1671/1148
f 1130/1673/1130 1129/1667/1129 1148/1671/1148 1149/1677/1149
f 1131/1679/1131 1130/1673/1130 1149/1677/1149 1150/1685/1150
f 1132/1689/1132 1131/1679/1131 1150/1685/1150 1151/1694/1151
f 1133/1696/1133 1132/1689/1132 1151/1694/1151 1152/1701/1152
f 1134/1703/1134 1133/1696/1133 1152/1701/1152 1153/1712/1153
f 1135/1718/1135 1134/1703/1134 1153/1712/1153 1154/1719/1154
f 1136/1727/1136 1135/1718/1135 1154/1719/1154 1155/1728/1155
f 1137/1732/1137 1136/1727/1136 1155/1728/1155 1156/1733/1156
f 1138/1734/1138 1137/1732/1137 1156/1733/1156 1157/1735/1157
f 1139/1721/1139 1138/1734/1138 1157/1735/1157 1158/1729/1158
f 1140/1714/1140 1139/1721/1139 1158/1729/1158 1159/1722/1159
f 1141/1707/1141 1140/1714/1140 1159/1722/1159 1160/1715/1160
f 1142/1698/1142 1141/1707/1141 1160/1715/1160 1161/1708/1161
f 1143/1691/1143 1142/1698/1142 1161/1708/1161 1162/1699/1162
f 1144/1681/1144 1143/1691/1143 1162/1699/1162 1163/1692/1163
f 1145/1675/1145 1144/1681/1144 1163/1692/1163 1164/1682/1164
f 1146/1669/1146 1145/1675/1145 1164/1682/1164 1165/1676/1165
f 1128/1666/1128 1146/1669/1146 1165/1676/1165 1147/1670/1147
f 1148/672/1148 1147/673/1147 1166/669/1166 1167/668/1167
f 1149/1677/1149 1148/1671/1148 1167/1683/1167 1168/1684/1168
f 1150/1685/1150 1149/1677/1149 1168/1684/1168 1169/1693/1169
f 1151/1694/1151 1150/1685/1150 1169/1693/1169 1170/1700/1170
f 1152/1701/1152 1151/1694/1151 1170/1700/1170 1171/1711/1171
f 1153/1712/1153 1152/1701/1152 1171/1711/1171 1172/1717/1172
f 1154/1719/1154 1153/1712/1153 1172/1717/1172 1173/1726/1173
f 1155/1728/1155 1154/1719/1154 1173/1726/1173 1174/1731/1174
f 1156/1733/1156 1155/1728/1155 1174/1731/1174 1175/1737/1175
f 1157/1735/1157 1156/1733/1156 1175/1737/1175 1176/1738/1176
f 1158/1729/1158 1157/1735/1157 1176/1738/1176 1177/1736/1177
f 1159/1722/1159 1158/1729/1158 1177/1736/1177 1178/1730/1178
f 1160/1715/1160 1159/1722/1159 1178/1730/1178 1179/1723/1179
f 1161/1708/1161 1160/1715/1160 1179/1723/1179 1180/1716/1180
f 1162/1699/1162 1161/1708/1161 1180/1716/1180 1181/1709/1181
f 1163/1692/1163 1162/1699/1162 1181/1709/1181 1182/1710/1182
f 1164/685/1164 1163/689/1163 1182/686/1182 1183/681/1183
f 1165/680/1165 1164/685/1164 1183/681/1183 1184/674/1184
f 1147/673/1147 1165/680/1165 1184/674/1184 1166/669/1166
f 1167/668/1167 1166/669/1166 995/670/996 996/671/995
f 1168/678/1168 1167/668/1167 996/671/995 997/679/999
f 1169/2273/1169 1168/2276/1168 997/2277/999 998/2269/1001
f 1170/2272/1170 1169/2273/1169 998/2269/1001 999/2268/1003
f 1171/2278/1171 1170/2272/1170 999/2268/1003 1000/2274/1005
f 1172/1717/1172 1171/1711/1171 1000/1724/1005 1001/1725/1007
f 1173/591/1173 1172/598/1172 1001/592/1007 1002/587/1009
f 1174/590/1174 1173/591/1173 1002/587/1009 1003/586/1011
f 1175/599/1175 1174/590/1174 1003/586/1011 1004/596/1013
f 1176/606/1176 1175/599/1175 1004/596/1013 1005/604/1015
f 1177/610/1177 1176/606/1176 1005/604/1015 1006/608/1017
f 1178/1730/1178 1177/1736/1177 1006/1739/1017 1007/1740/1019
f 1179/2283/1179 1178/2284/1178 1007/2280/1019 1008/2279/1021
f 1180/2287/1180 1179/2283/1179 1008/2279/1021 1009/2285/1023
f 1181/2288/1181 1180/2287/1180 1009/2285/1023 1010/2289/1025
f 1182/686/1182 1181/690/1181 1010/691/1025 1011/687/1027
f 1183/681/1183 1182/686/1182 1011/687/1027 1012/682/1029
f 1184/674/1184 1183/681/1183 1012/682/1029 1013/675/1031
f 1166/669/1166 1184/674/1184 1013/675/1031 995/670/996
s 17
f 1186/694/1185 1185/695/1186 1204/696/1187 1205/697/1188
f 1187/702/1189 1186/694/1185 1205/697/1188 1206/703/1190
f 1188/2312/1191 1187/2313/1189 1206/2314/1190 1207/2315/1192
f 1189/2318/1193 1188/2312/1191 1207/2315/1192 1208/2319/1194
f 1190/2321/1195 1189/2318/1193 1208/2319/1194 1209/2322/1196
f 1191/728/1197 1190/736/1195 1209/737/1196 1210/729/1198
f 1192/723/1199 1191/728/1197 1210/729/1198 1211/724/1200
f 1193/722/1201 1192/723/1199 1211/724/1200 1212/725/1202
f 1194/732/1203 1193/722/1201 1212/725/1202 1213/733/1204
f 1195/740/1205 1194/732/1203 1213/733/1204 1214/741/1206
f 1196/744/1207 1195/740/1205 1214/741/1206 1215/745/1208
f 1197/748/1209 1196/744/1207 1215/745/1208 1216/749/1210
f 1198/2326/1211 1197/2327/1209 1216/2328/1210 1217/2329/1212
f 1199/2332/1213 1198/2326/1211 1217/2329/1212 1218/2333/1214
f 1200/2337/1215 1199/2332/1213 1218/2333/1214 1219/2338/1216
f 1201/713/1217 1200/717/1215 1219/718/1216 1220/714/1218
f 1202/708/1219 1201/713/1217 1220/714/1218 1221/709/1220
f 1203/700/1221 1202/708/1219 1221/709/1220 1222/701/1222
f 1185/695/1186 1203/700/1221 1222/701/1222 1204/696/1187
f 1205/1741/1188 1204/1742/1187 1223/1743/1223 1224/1744/1224
f 1206/1749/1190 1205/1741/1188 1224/1744/1224 1225/1750/1225
f 1207/1755/1192 1206/1749/1190 1225/1750/1225 1226/1756/1226
f 1208/1761/1194 1207/1755/1192 1226/1756/1226 1227/1762/1227
f 1209/1769/1196 1208/1761/1194 1227/1762/1227 1228/1770/1228
f 1210/1776/1198 1209/1769/1196 1228/1770/1228 1229/1777/1229
f 1211/724/1200 1210/729/1198 1229/738/1229 1230/730/1230
f 1212/725/1202 1211/724/1200 1230/730/1230 1231/731/1231
f 1213/733/1204 1212/725/1202 1231/731/1231 1232/739/1232
f 1214/741/1206 1213/733/1204 1232/739/1232 1233/743/1233
f 1215/745/1208 1214/741/1206 1233/743/1233 1234/747/1234
f 1216/1783/1210 1215/1791/1208 1234/1792/1234 1235/1784/1235
f 1217/1778/1212 1216/1783/1210 1235/1784/1235 1236/1779/1236
f 1218/1771/1214 1217/1778/1212 1236/1779/1236 1237/1772/1237
f 1219/1763/1216 1218/1771/1214 1237/1772/1237 1238/1764/1238
f 1220/1757/1218 1219/1763/1216 1238/1764/1238 1239/1758/1239
f 1221/1751/1220 1220/1757/1218 1239/1758/1239 1240/1752/1240
f 1222/1745/1222 1221/1751/1220 1240/1752/1240 1241/1746/1241
f 1204/1742/1187 1222/1745/1222 1241/1746/1241 1223/1743/1223
f 1224/1744/1224 1223/1743/1223 1242/1747/1242 1243/1748/1243
f 1225/1750/1225 1224/1744/1224 1243/1748/1243 1244/1754/1244
f 1226/1756/1226 1225/1750/1225 1244/1754/1244 1245/1760/1245
f 1227/1762/1227 1226/1756/1226 1245/1760/1245 1246/1768/1246
f 1228/1770/1228 1227/1762/1227 1246/1768/1246 1247/1775/1247
f 1229/1777/1229 1228/1770/1228 1247/1775/1247 1248/1782/1248
f 1230/1789/1230 1229/1777/1229 1248/1782/1248 1249/1790/1249
f 1231/1796/1231 1230/1789/1230 1249/1790/1249 1250/1797/1250
f 1232/1801/1232 1231/1796/1231 1250/1797/1250 1251/1802/1251
f 1233/1803/1233 1232/1801/1232 1251/1802/1251 1252/1804/1252
f 1234/1792/1234 1233/1803/1233 1252/1804/1252 1253/1798/1253
f 1235/1784/1235 1234/1792/1234 1253/1798/1253 1254/1793/1254
f 1236/1779/1236 1235/1784/1235 1254/1793/1254 1255/1785/1255
f 1237/1772/1237 1236/1779/1236 1255/1785/1255 1256/1780/1256
f 1238/1764/1238 1237/1772/1237 1256/1780/1256 1257/1773/1257
f 1239/1758/1239 1238/1764/1238 1257/1773/1257 1258/1765/1258
f 1240/1752/1240 1239/1758/1239 1258/1765/1258 1259/1759/1259
f 1241/1746/1241 1240/1752/1240 1259/1759/1259 1260/1753/1260
f 1223/1743/1223 1241/1746/1241 1260/1753/1260 1242/1747/1242
f 1243/754/1243 1242/755/1242 1261/751/1261 1262/750/1262
f 1244/763/1244 1243/754/1243 1262/750/1262 1263/760/1263
f 1245/1760/1245 1244/1754/1244 1263/1766/1263 1264/1767/1264
f 1246/1768/1246 1245/1760/1245 1264/1767/1264 1265/1774/1265
f 1247/1775/1247 1246/1768/1246 1265/1774/1265 1266/1781/1266
f 1248/1782/1248 1247/1775/1247 1266/1781/1266 1267/1788/1267
f 1249/1790/1249 1248/1782/1248 1267/1788/1267 1268/1795/1268
f 1250/1797/1250 1249/1790/1249 1268/1795/1268 1269/1800/1269
f 1251/1802/1251 1250/1797/1250 1269/1800/1269 1270/1806/1270
f 1252/1804/1252 1251/1802/1251 1270/1806/1270 1271/1807/1271
f 1253/1798/1253 1252/1804/1252 1271/1807/1271 1272/1805/1272
f 1254/1793/1254 1253/1798/1253 1272/1805/1272 1273/1799/1273
f 1255/1785/1255 1254/1793/1254 1273/1799/1273 1274/1794/1274
f 1256/1780/1256 1255/1785/1255 1274/1794/1274 1275/1786/1275
f 1257/1773/1257 1256/1780/1256 1275/1786/1275 1276/1787/1276
f 1258/772/1258 1257/776/1257 1276/773/1276 1277/769/1277
f 1259/768/1259 1258/772/1258 1277/769/1277 1278/764/1278
f 1260/762/1260 1259/768/1259 1278/764/1278 1279/756/1279
f 1242/755/1242 1260/762/1260 1279/756/1279 1261/751/1261
f 1262/750/1262 1261/751/1261 1280/752/1280 1281/753/1281
f 1263/760/1263 1262/750/1262 1281/753/1281 1282/761/1282
f 1264/2340/1264 1263/2341/1263 1282/2342/1282 1283/2343/1283
f 1265/2346/1265 1264/2340/1264 1283/2343/1283 1284/2347/1284
f 1266/2349/1266 1265/2346/1265 1284/2347/1284 1285/2350/1285
f 1267/2352/1267 1266/2349/1266 1285/2350/1285 1286/2353/1286
f 1268/779/1268 1267/782/1267 1286/783/1286 1287/780/1287
f 1269/778/1269 1268/779/1268 1287/780/1287 1288/781/1288
f 1270/786/1270 1269/778/1269 1288/781/1288 1289/787/1289
f 1271/792/1271 1270/786/1270 1289/787/1289 1290/793/1290
f 1272/799/1272 1271/792/1271 1290/793/1290 1291/800/1291
f 1273/2354/1273 1272/2355/1272 1291/2356/1291 1292/2357/1292
f 1274/2358/1274 1273/2354/1273 1292/2357/1292 1293/2359/1293
f 1275/2362/1275 1274/2358/1274 1293/2359/1293 1294/2363/1294
f 1276/2365/1276 1275/2362/1275 1294/2363/1294 1295/2366/1295
f 1277/769/1277 1276/773/1276 1295/774/1295 1296/770/1296
f 1278/764/1278 1277/769/1277 1296/770/1296 1297/765/1297
f 1279/756/1279 1278/764/1278 1297/765/1297 1298/757/1298
f 1261/751/1261 1279/756/1279 1298/757/1298 1280/752/1280
f 1281/753/1281 1280/752/1280 1299/758/1299 1300/759/1300
f 1282/761/1282 1281/753/1281 1300/759/1300 1301/767/1301
f 1283/2343/1283 1282/2342/1282 1301/2344/1301 1302/2345/1302
f 1284/2347/1284 1283/2343/1283 1302/2345/1302 1303/2348/1303
f 1285/2350/1285 1284/2347/1284 1303/2348/1303 1304/2351/1304
f 1286/783/1286 1285/794/1285 1304/795/1304 1305/788/1305
f 1287/780/1287 1286/783/1286 1305/788/1305 1306/784/1306
f 1288/781/1288 1287/780/1287 1306/784/1306 1307/785/1307
f 1289/787/1289 1288/781/1288 1307/785/1307 1308/791/1308
f 1290/793/1290 1289/787/1289 1308/791/1308 1309/798/1309
f 1291/800/1291 1290/793/1290 1309/798/1309 1310/802/1310
f 1292/804/1292 1291/800/1291 1310/802/1310 1311/805/1311
f 1293/2359/1293 1292/2357/1292 1311/2360/1311 1312/2361/1312
f 1294/2363/1294 1293/2359/1293 1312/2361/1312 1313/2364/1313
f 1295/2366/1295 1294/2363/1294 1313/2364/1313 1314/2367/1314
f 1296/770/1296 1295/774/1295 1314/777/1314 1315/775/1315
f 1297/765/1297 1296/770/1296 1315/775/1315 1316/771/1316
f 1298/757/1298 1297/765/1297 1316/771/1316 1317/766/1317
f 1280/752/1280 1298/757/1298 1317/766/1317 1299/758/1299
f 1300/1808/1300 1299/1809/1299 1318/1810/1318 1319/1811/1319
f 1301/1816/1301 1300/1808/1300 1319/1811/1319 1320/1817/1320
f 1302/1822/1302 1301/1816/1301 1320/1817/1320 1321/1823/1321
f 1303/1828/1303 1302/1822/1302 1321/1823/1321 1322/1829/1322
f 1304/1836/1304 1303/1828/1303 1322/1829/1322 1323/1837/1323
f 1305/1843/1305 1304/1836/1304 1323/1837/1323 1324/1844/1324
f 1306/784/1306 1305/788/1305 1324/796/1324 1325/789/1325
f 1307/785/1307 1306/784/1306 1325/789/1325 1326/790/1326
f 1308/791/1308 1307/785/1307 1326/790/1326 1327/797/1327
f 1309/798/1309 1308/791/1308 1327/797/1327 1328/801/1328
f 1310/802/1310 1309/798/1309 1328/801/1328 1329/803/1329
f 1311/1850/1311 1310/1858/1310 1329/1859/1329 1330/1851/1330
f 1312/1845/1312 1311/1850/1311 1330/1851/1330 1331/1846/1331
f 1313/1838/1313 1312/1845/1312 1331/1846/1331 1332/1839/1332
f 1314/1830/1314 1313/1838/1313 1332/1839/1332 1333/1831/1333
f 1315/1824/1315 1314/1830/1314 1333/1831/1333 1334/1825/1334
f 1316/1818/1316 1315/1824/1315 1334/1825/1334 1335/1819/1335
f 1317/1812/1317 1316/1818/1316 1335/1819/1335 1336/1813/1336
f 1299/1809/1299 1317/1812/1317 1336/1813/1336 1318/1810/1318
f 1319/1811/1319 1318/1810/1318 1337/1814/1337 1338/1815/1338
f 1320/1817/1320 1319/1811/1319 1338/1815/1338 1339/1821/1339
f 1321/1823/1321 1320/1817/1320 1339/1821/1339 1340/1827/1340
f 1322/1829/1322 1321/1823/1321 1340/1827/1340 1341/1835/1341
f 1323/1837/1323 1322/1829/1322 1341/1835/1341 1342/1842/1342
f 1324/1844/1324 1323/1837/1323 1342/1842/1342 1343/1849/1343
f 1325/1856/1325 1324/1844/1324 1343/1849/1343 1344/1857/1344
f 1326/1863/1326 1325/1856/1325 1344/1857/1344 1345/1864/1345
f 1327/1868/1327 1326/1863/1326 1345/1864/1345 1346/1869/1346
f 1328/1870/1328 1327/1868/1327 1346/1869/1346 1347/1871/1347
f 1329/1859/1329 1328/1870/1328 1347/1871/1347 1348/1865/1348
f 1330/1851/1330 1329/1859/1329 1348/1865/1348 1349/1860/1349
f 1331/1846/1331 1330/1851/1330 1349/1860/1349 1350/1852/1350
f 1332/1839/1332 1331/1846/1331 1350/1852/1350 1351/1847/1351
f 1333/1831/1333 1332/1839/1332 1351/1847/1351 1352/1840/1352
f 1334/1825/1334 1333/1831/1333 1352/1840/1352 1353/1832/1353
f 1335/1819/1335 1334/1825/1334 1353/1832/1353 1354/1826/1354
f 1336/1813/1336 1335/1819/1335 1354/1826/1354 1355/1820/1355
f 1318/1810/1318 1336/1813/1336 1355/1820/1355 1337/1814/1337
f 1338/704/1338 1337/705/1337 1356/699/1356 1357/698/1357
f 1339/711/1339 1338/704/1338 1357/698/1357 1358/707/1358
f 1340/1827/1340 1339/1821/1339 1358/1833/1358 1359/1834/1359
f 1341/1835/1341 1340/1827/1340 1359/1834/1359 1360/1841/1360
f 1342/1842/1342 1341/1835/1341 1360/1841/1360 1361/1848/1361
f 1343/1849/1343 1342/1842/1342 1361/1848/1361 1362/1855/1362
f 1344/1857/1344 1343/1849/1343 1362/1855/1362 1363/1862/1363
f 1345/1864/1345 1344/1857/1344 1363/1862/1363 1364/1867/1364
f 1346/1869/1346 1345/1864/1345 1364/1867/1364 1365/1873/1365
f 1347/1871/1347 1346/1869/1346 1365/1873/1365 1366/1874/1366
f 1348/1865/1348 1347/1871/1347 1366/1874/1366 1367/1872/1367
f 1349/1860/1349 1348/1865/1348 1367/1872/1367 1368/1866/1368
f 1350/1852/1350 1349/1860/1349 1368/1866/1368 1369/1861/1369
f 1351/1847/1351 1350/1852/1350 1369/1861/1369 1370/1853/1370
f 1352/1840/1352 1351/1847/1351 1370/1853/1370 1371/1854/1371
f 1353/719/1353 1352/721/1352 1371/720/1371 1372/716/1372
f 1354/715/1354 1353/719/1353 1372/716/1372 1373/712/1373
f 1355/710/1355 1354/715/1354 1373/712/1373 1374/706/1374
f 1337/705/1337 1355/710/1355 1374/706/1374 1356/699/1356
f 1357/698/1357 1356/699/1356 1185/695/1186 1186/694/1185
f 1358/707/1358 1357/698/1357 1186/694/1185 1187/702/1189
f 1359/2316/1359 1358/2317/1358 1187/2313/1189 1188/2312/1191
f 1360/2320/1360 1359/2316/1359 1188/2312/1191 1189/2318/1193
f 1361/2323/1361 1360/2320/1360 1189/2318/1193 1190/2321/1195
f 1362/2324/1362 1361/2323/1361 1190/2321/1195 1191/2325/1197
f 1363/727/1363 1362/734/1362 1191/728/1197 1192/723/1199
f 1364/726/1364 1363/727/1363 1192/723/1199 1193/722/1201
f 1365/735/1365 1364/726/1364 1193/722/1201 1194/732/1203
f 1366/742/1366 1365/735/1365 1194/732/1203 1195/740/1205
f 1367/746/1367 1366/742/1366 1195/740/1205 1196/744/1207
f 1368/2331/1368 1367/2334/1367 1196/2335/1207 1197/2327/1209
f 1369/2330/1369 1368/2331/1368 1197/2327/1209 1198/2326/1211
f 1370/2336/1370 1369/2330/1369 1198/2326/1211 1199/2332/1213
f 1371/2339/1371 1370/2336/1370 1199/2332/1213 1200/2337/1215
f 1372/716/1372 1371/720/1371 1200/717/1215 1201/713/1217
f 1373/712/1373 1372/716/1372 1201/713/1217 1202/708/1219
f 1374/706/1374 1373/712/1373 1202/708/1219 1203/700/1221
f 1356/699/1356 1374/706/1374 1203/700/1221 1185/695/1186
s 18
f 1375/851/1375 1433/859/1376 1461/860/1377 1436/852/1378
f 1433/2368/1376 1391/2369/1379 1434/2370/1380 1461/2371/1377
f 1461/2371/1377 1434/2370/1380 1392/2376/1381 1435/2377/1382
f 1436/852/1378 1461/860/1377 1435/866/1382 1387/861/1383
f 1377/1875/1384 1437/1876/1385 1462/1877/1386 1440/1878/1387
f 1437/1876/1385 1393/1881/1388 1438/1882/1389 1462/1877/1386
f 1462/1877/1386 1438/1882/1389 1394/1891/1390 1439/1883/1391
f 1440/1878/1387 1462/1877/1386 1439/1883/1391 1379/1884/1392
f 1388/854/1393 1441/864/1394 1463/855/1395 1444/848/1396
f 1441/2389/1394 1395/2390/1397 1442/2391/1398 1463/2392/1395
f 1463/2392/1395 1442/2391/1398 1396/2397/1399 1443/2398/1400
f 1444/848/1396 1463/855/1395 1443/856/1400 1381/845/1401
f 1383/1904/1402 1445/1905/1403 1464/1906/1404 1448/1907/1405
f 1445/1905/1403 1397/1910/1406 1446/1911/1407 1464/1906/1404
f 1464/1906/1404 1446/1911/1407 1398/1918/1408 1447/1912/1409
f 1448/1907/1405 1464/1906/1404 1447/1912/1409 1386/1913/1410
f 1376/806/1411 1449/807/1412 1465/808/1413 1452/809/1414
f 1449/807/1412 1382/812/1415 1450/813/1416 1465/808/1413
f 1465/808/1413 1450/813/1416 1389/821/1417 1451/814/1418
f 1452/809/1414 1465/808/1413 1451/814/1418 1390/815/1419
f 1381/845/1401 1453/846/1420 1466/847/1421 1444/848/1396
f 1453/846/1420 1375/851/1375 1436/852/1378 1466/847/1421
f 1466/847/1421 1436/852/1378 1387/861/1383 1454/853/1422
f 1444/848/1396 1466/847/1421 1454/853/1422 1388/854/1393
f 1381/845/1401 1443/856/1400 1467/857/1423 1456/849/1424
f 1443/2398/1400 1396/2397/1399 1455/2405/1425 1467/2406/1423
f 1467/1909/1423 1455/1915/1425 1397/1910/1406 1445/1905/1403
f 1456/1908/1424 1467/1909/1423 1445/1905/1403 1383/1904/1402
f 1382/812/1415 1449/807/1412 1468/811/1426 1459/818/1427
f 1449/807/1412 1376/806/1411 1457/810/1428 1468/811/1426
f 1468/1927/1426 1457/1932/1428 1385/1928/1429 1458/1923/1430
f 1459/1926/1427 1468/1927/1426 1458/1923/1430 1384/1922/1431
f 1398/1918/1408 1460/1925/1432 1469/1919/1433 1447/1912/1409
f 1460/2372/1432 1391/2369/1379 1433/2368/1376 1469/2373/1433
f 1469/865/1433 1433/859/1376 1375/851/1375 1405/858/1434
f 1447/1912/1409 1469/1919/1433 1405/1920/1434 1386/1913/1410
f 1375/851/1375 1453/846/1420 1470/850/1435 1405/858/1434
f 1453/846/1420 1381/845/1401 1456/849/1424 1470/850/1435
f 1470/1914/1435 1456/1908/1424 1383/1904/1402 1448/1907/1405
f 1405/1920/1434 1470/1914/1435 1448/1907/1405 1386/1913/1410
f 1399/869/1436 1406/868/1437 1471/871/1438 1408/872/1439
f 1406/868/1437 1400/870/1440 1407/873/1441 1471/871/1438
f 1471/1885/1438 1407/1879/1441 1377/1875/1384 1440/1878/1387
f 1408/1893/1439 1471/1885/1438 1440/1878/1387 1379/1884/1392
f 1379/1884/1392 1439/1883/1391 1472/1892/1442 1408/1893/1439
f 1439/1883/1391 1394/1891/1390 1409/1897/1443 1472/1892/1442
f 1472/1892/1442 1409/1897/1443 1404/1902/1444 1410/1898/1445
f 1408/1893/1439 1472/1892/1442 1410/1898/1445 1399/1899/1436
f 1402/828/1446 1411/827/1447 1473/832/1448 1414/833/1449
f 1411/827/1447 1403/831/1450 1412/836/1451 1473/832/1448
f 1473/832/1448 1412/836/1451 1380/841/1452 1413/837/1453
f 1414/833/1449 1473/832/1448 1413/837/1453 1378/838/1454
f 1400/1886/1440 1415/1887/1455 1474/1880/1456 1407/1879/1441
f 1415/1887/1455 1401/1894/1457 1416/1888/1458 1474/1880/1456
f 1474/1880/1456 1416/1888/1458 1393/1881/1388 1437/1876/1385
f 1407/1879/1441 1474/1880/1456 1437/1876/1385 1377/1875/1384
f 1392/2376/1381 1434/2370/1380 1475/2375/1459 1418/2379/1460
f 1434/2370/1380 1391/2369/1379 1417/2374/1461 1475/2375/1459
f 1475/816/1459 1417/817/1461 1376/806/1411 1452/809/1414
f 1418/824/1460 1475/816/1459 1452/809/1414 1390/815/1419
f 1393/1881/1388 1416/1888/1458 1476/1895/1462 1420/1889/1463
f 1416/1888/1458 1401/1894/1457 1419/1900/1464 1476/1895/1462
f 1476/839/1462 1419/834/1464 1402/828/1446 1414/833/1449
f 1420/843/1463 1476/839/1462 1414/833/1449 1378/838/1454
f 1394/1891/1390 1438/1882/1389 1477/1890/1465 1421/1896/1466
f 1438/1882/1389 1393/1881/1388 1420/1889/1463 1477/1890/1465
f 1477/842/1465 1420/843/1463 1378/838/1454 1413/837/1453
f 1421/844/1466 1477/842/1465 1413/837/1453 1380/841/1452
f 1403/831/1450 1422/835/1467 1478/840/1468 1412/836/1451
f 1422/1903/1467 1404/1902/1444 1409/1897/1443 1478/1901/1468
f 1478/1901/1468 1409/1897/1443 1394/1891/1390 1421/1896/1466
f 1412/836/1451 1478/840/1468 1421/844/1466 1380/841/1452
f 1396/2397/1399 1442/2391/1398 1479/2396/1469 1424/2404/1470
f 1442/2391/1398 1395/2390/1397 1423/2395/1471 1479/2396/1469
f 1479/820/1469 1423/825/1471 1389/821/1417 1450/813/1416
f 1424/819/1470 1479/820/1469 1450/813/1416 1382/812/1415
f 1397/1910/1406 1455/1915/1425 1480/1921/1472 1425/1916/1473
f 1455/2405/1425 1396/2397/1399 1424/2404/1470 1480/2409/1472
f 1480/1921/1472 1424/1930/1470 1382/1931/1415 1459/1926/1427
f 1425/1916/1473 1480/1921/1472 1459/1926/1427 1384/1922/1431
f 1398/1918/1408 1446/1911/1407 1481/1917/1474 1426/1924/1475
f 1446/1911/1407 1397/1910/1406 1425/1916/1473 1481/1917/1474
f 1481/1917/1474 1425/1916/1473 1384/1922/1431 1458/1923/1430
f 1426/1924/1475 1481/1917/1474 1458/1923/1430 1385/1928/1429
f 1376/1933/1411 1417/1934/1461 1482/1929/1476 1457/1932/1428
f 1417/2374/1461 1391/2369/1379 1460/2372/1432 1482/2378/1476
f 1482/1929/1476 1460/1925/1432 1398/1918/1408 1426/1924/1475
f 1457/1932/1428 1482/1929/1476 1426/1924/1475 1385/1928/1429
f 1388/854/1393 1454/853/1422 1483/862/1477 1428/863/1478
f 1454/853/1422 1387/861/1383 1427/867/1479 1483/862/1477
f 1483/862/1477 1427/867/1479 1400/870/1440 1406/868/1437
f 1428/863/1478 1483/862/1477 1406/868/1437 1399/869/1436
f 1387/2385/1383 1435/2377/1382 1484/2381/1480 1427/2386/1479
f 1435/2377/1382 1392/2376/1381 1429/2380/1481 1484/2381/1480
f 1484/2381/1480 1429/2380/1481 1401/2383/1457 1415/2384/1455
f 1427/2386/1479 1484/2381/1480 1415/2384/1455 1400/2388/1440
f 1402/828/1446 1419/834/1464 1485/829/1482 1430/823/1483
f 1419/2387/1464 1401/2383/1457 1429/2380/1481 1485/2382/1482
f 1485/2382/1482 1429/2380/1481 1392/2376/1381 1418/2379/1460
f 1430/823/1483 1485/829/1482 1418/824/1460 1390/815/1419
f 1390/815/1419 1451/814/1418 1486/822/1484 1430/823/1483
f 1451/814/1418 1389/821/1417 1431/826/1485 1486/822/1484
f 1486/822/1484 1431/826/1485 1403/831/1450 1411/827/1447
f 1430/823/1483 1486/822/1484 1411/827/1447 1402/828/1446
f 1395/2390/1397 1432/2394/1486 1487/2401/1487 1423/2395/1471
f 1432/2394/1486 1404/2400/1444 1422/2407/1467 1487/2401/1487
f 1487/830/1487 1422/835/1467 1403/831/1450 1431/826/1485
f 1423/825/1471 1487/830/1487 1431/826/1485 1389/821/1417
f 1399/2408/1436 1410/2399/1445 1488/2393/1488 1428/2402/1478
f 1410/2399/1445 1404/2400/1444 1432/2394/1486 1488/2393/1488
f 1488/2393/1488 1432/2394/1486 1395/2390/1397 1441/2389/1394
f 1428/2402/1478 1488/2393/1488 1441/2389/1394 1388/2403/1393
s 25
f 1489/2410/1489 1567/2411/1490 1605/2412/1491 1570/2413/1492
f 1567/2411/1490 1490/2414/1493 1568/2415/1494 1605/2412/1491
f 1605/2412/1491 1568/2415/1494 1518/2418/1495 1569/2416/1496
f 1570/2413/1492 1605/2412/1491 1569/2416/1496 1509/2417/1497
f 1491/1948/1498 1571/1939/1499 1606/1935/1500 1574/1943/1501
f 1571/1939/1499 1492/1940/1502 1572/1936/1503 1606/1935/1500
f 1606/1935/1500 1572/1936/1503 1508/1937/1504 1573/1938/1505
f 1574/1943/1501 1606/1935/1500 1573/1938/1505 1505/1944/1506
f 1513/2427/1507 1575/2428/1508 1607/2429/1509 1578/2430/1510
f 1575/2428/1508 1514/2433/1511 1576/2434/1512 1607/2429/1509
f 1607/2429/1509 1576/2434/1512 1496/2442/1513 1577/2435/1514
f 1578/2430/1510 1607/2429/1509 1577/2435/1514 1495/2436/1515
f 1506/884/1516 1579/874/1517 1608/877/1518 1581/885/1519
f 1579/874/1517 1507/875/1520 1580/876/1521 1608/877/1518
f 1608/877/1518 1580/876/1521 1490/882/1493 1567/883/1490
f 1581/885/1519 1608/877/1518 1567/883/1490 1489/893/1489
f 1490/882/1493 1580/876/1521 1609/881/1522 1568/892/1494
f 1580/876/1521 1507/875/1520 1582/880/1523 1609/881/1522
f 1609/881/1522 1582/880/1523 1517/890/1524 1583/891/1525
f 1568/892/1494 1609/881/1522 1583/891/1525 1518/904/1495
f 1519/952/1526 1584/942/1527 1610/945/1528 1587/953/1529
f 1584/942/1527 1520/943/1530 1585/944/1531 1610/945/1528
f 1610/945/1528 1585/944/1531 1521/950/1532 1586/951/1533
f 1587/1980/1529 1610/1981/1528 1586/1979/1533 1522/1978/1534
f 1523/1997/1535 1588/1995/1536 1611/2000/1537 1591/2001/1538
f 1588/987/1536 1524/982/1539 1589/974/1540 1611/980/1537
f 1611/980/1537 1589/974/1540 1525/973/1541 1590/981/1542
f 1591/988/1538 1611/980/1537 1590/981/1542 1526/989/1543
f 1495/932/1515 1577/923/1514 1612/915/1544 1594/926/1545
f 1577/923/1514 1496/924/1513 1592/916/1546 1612/915/1544
f 1612/915/1544 1592/916/1546 1504/906/1547 1593/905/1548
f 1594/926/1545 1612/915/1544 1593/905/1548 1501/918/1549
f 1514/937/1511 1595/933/1550 1613/925/1551 1576/931/1512
f 1595/933/1550 1515/927/1552 1596/917/1553 1613/925/1551
f 1613/925/1551 1596/917/1553 1504/906/1547 1592/916/1546
f 1576/931/1512 1613/925/1551 1592/916/1546 1496/924/1513
f 1502/1962/1554 1597/1958/1555 1614/1961/1556 1600/1965/1557
f 1597/1958/1555 1503/1957/1558 1598/1960/1559 1614/1961/1556
f 1614/1961/1556 1598/1960/1559 1494/1963/1560 1599/1964/1561
f 1600/1965/1557 1614/1961/1556 1599/1964/1561 1493/1969/1562
f 1527/958/1563 1601/965/1564 1615/966/1565 1603/959/1566
f 1601/965/1564 1525/973/1541 1589/974/1540 1615/966/1565
f 1615/966/1565 1589/974/1540 1524/982/1539 1602/975/1567
f 1603/959/1566 1615/966/1565 1602/975/1567 1528/967/1568
f 1497/1956/1569 1604/1950/1570 1616/1955/1571 1530/1959/1572
f 1604/1950/1570 1500/1949/1573 1529/1954/1574 1616/1955/1571
f 1616/1955/1571 1529/1954/1574 1503/1957/1558 1597/1958/1555
f 1530/1959/1572 1616/1955/1571 1597/1958/1555 1502/1962/1554
f 1515/927/1552 1531/919/1575 1617/907/1576 1596/917/1553
f 1531/919/1575 1516/909/1577 1532/898/1578 1617/907/1576
f 1617/907/1576 1532/898/1578 1499/887/1579 1533/897/1580
f 1596/917/1553 1617/907/1576 1533/897/1580 1504/906/1547
f 1501/918/1549 1593/905/1548 1618/896/1581 1535/908/1582
f 1593/905/1548 1504/906/1547 1533/897/1580 1618/896/1581
f 1618/896/1581 1533/897/1580 1499/887/1579 1534/886/1583
f 1535/908/1582 1618/896/1581 1534/886/1583 1498/899/1584
f 1520/943/1530 1536/948/1585 1619/949/1586 1585/944/1531
f 1536/948/1585 1527/958/1563 1603/959/1566 1619/949/1586
f 1619/949/1586 1603/959/1566 1528/967/1568 1537/960/1587
f 1585/944/1531 1619/949/1586 1537/960/1587 1521/950/1532
f 1498/899/1584 1534/886/1583 1620/878/1588 1539/889/1589
f 1534/886/1583 1499/887/1579 1538/879/1590 1620/878/1588
f 1620/878/1588 1538/879/1590 1507/875/1520 1579/874/1517
f 1539/889/1589 1620/878/1588 1579/874/1517 1506/884/1516
f 1516/909/1577 1540/900/1591 1621/888/1592 1532/898/1578
f 1540/900/1591 1517/890/1524 1582/880/1523 1621/888/1592
f 1621/888/1592 1582/880/1523 1507/875/1520 1538/879/1590
f 1532/898/1578 1621/888/1592 1538/879/1590 1499/887/1579
f 1505/1944/1506 1573/1938/1505 1622/1942/1593 1542/1951/1594
f 1573/1938/1505 1508/1937/1504 1541/1941/1595 1622/1942/1593
f 1622/1942/1593 1541/1941/1595 1500/1949/1573 1604/1950/1570
f 1542/1951/1594 1622/1942/1593 1604/1950/1570 1497/1956/1569
f 1505/969/1506 1543/961/1596 1623/962/1597 1574/970/1501
f 1543/961/1596 1510/955/1598 1544/954/1599 1623/962/1597
f 1623/2424/1597 1544/2425/1599 1509/2417/1497 1545/2420/1600
f 1574/1943/1501 1623/1953/1597 1545/1952/1600 1491/1948/1498
f 1497/984/1569 1546/976/1601 1624/968/1602 1542/977/1594
f 1546/976/1601 1511/971/1603 1547/963/1604 1624/968/1602
f 1624/968/1602 1547/963/1604 1510/955/1598 1543/961/1596
f 1542/977/1594 1624/968/1602 1543/961/1596 1505/969/1506
f 1502/995/1554 1548/990/1605 1625/983/1606 1530/991/1572
f 1548/990/1605 1512/985/1607 1549/978/1608 1625/983/1606
f 1625/983/1606 1549/978/1608 1511/971/1603 1546/976/1601
f 1530/991/1572 1625/983/1606 1546/976/1601 1497/984/1569
f 1513/2427/1507 1550/2440/1609 1626/2441/1610 1551/2431/1611
f 1550/992/1609 1512/985/1607 1548/990/1605 1626/994/1610
f 1626/994/1610 1548/990/1605 1502/995/1554 1600/996/1557
f 1551/1970/1611 1626/1971/1610 1600/1965/1557 1493/1969/1562
f 1493/1969/1562 1599/1964/1561 1627/1968/1612 1551/1970/1611
f 1599/1964/1561 1494/1963/1560 1552/1967/1613 1627/1968/1612
f 1627/2432/1612 1552/2439/1613 1514/2433/1511 1575/2428/1508
f 1551/2431/1611 1627/2432/1612 1575/2428/1508 1513/2427/1507
f 1503/939/1558 1553/935/1614 1628/938/1615 1598/941/1559
f 1553/935/1614 1515/927/1552 1595/933/1550 1628/938/1615
f 1628/938/1615 1595/933/1550 1514/937/1511 1552/940/1613
f 1598/1960/1559 1628/1966/1615 1552/1967/1613 1494/1963/1560
f 1500/930/1573 1554/921/1616 1629/929/1617 1529/936/1574
f 1554/921/1616 1516/909/1577 1531/919/1575 1629/929/1617
f 1629/929/1617 1531/919/1575 1515/927/1552 1553/935/1614
f 1529/936/1574 1629/929/1617 1553/935/1614 1503/939/1558
f 1508/912/1504 1555/902/1618 1630/911/1619 1541/922/1595
f 1555/902/1618 1517/890/1524 1540/900/1591 1630/911/1619
f 1630/911/1619 1540/900/1591 1516/909/1577 1554/921/1616
f 1541/922/1595 1630/911/1619 1554/921/1616 1500/930/1573
f 1518/904/1495 1583/891/1525 1631/903/1620 1556/914/1621
f 1583/891/1525 1517/890/1524 1555/902/1618 1631/903/1620
f 1631/903/1620 1555/902/1618 1508/912/1504 1572/913/1503
f 1556/1946/1621 1631/1947/1620 1572/1936/1503 1492/1940/1502
f 1509/2417/1497 1569/2416/1496 1632/2419/1622 1545/2420/1600
f 1569/2416/1496 1518/2418/1495 1556/2423/1621 1632/2419/1622
f 1632/1945/1622 1556/1946/1621 1492/1940/1502 1571/1939/1499
f 1545/1952/1600 1632/1945/1622 1571/1939/1499 1491/1948/1498
f 1509/2417/1497 1544/2425/1599 1633/2426/1623 1558/2421/1624
f 1544/954/1599 1510/955/1598 1557/947/1625 1633/946/1623
f 1633/946/1623 1557/947/1625 1520/943/1530 1584/942/1527
f 1558/957/1624 1633/946/1623 1584/942/1527 1519/952/1526
f 1506/884/1516 1581/885/1519 1634/894/1626 1560/895/1627
f 1581/1972/1519 1489/1973/1489 1559/1974/1628 1634/1975/1626
f 1634/1975/1626 1559/1974/1628 1522/1978/1534 1586/1979/1533
f 1560/1982/1627 1634/1975/1626 1586/1979/1533 1521/1983/1532
f 1489/1973/1489 1570/1976/1492 1635/1977/1629 1559/1974/1628
f 1570/2413/1492 1509/2417/1497 1558/2421/1624 1635/2422/1629
f 1635/1977/1629 1558/1984/1624 1519/1985/1526 1587/1980/1529
f 1559/1974/1628 1635/1977/1629 1587/1980/1529 1522/1978/1534
f 1495/1998/1515 1594/1999/1545 1636/1994/1630 1562/1996/1631
f 1594/926/1545 1501/918/1549 1561/928/1632 1636/934/1630
f 1636/1994/1630 1561/1992/1632 1524/1993/1539 1588/1995/1536
f 1562/1996/1631 1636/1994/1630 1588/1995/1536 1523/1997/1535
f 1512/985/1607 1550/992/1609 1637/986/1633 1564/979/1634
f 1550/2440/1609 1513/2427/1507 1563/2438/1635 1637/2443/1633
f 1637/986/1633 1563/993/1635 1526/989/1543 1590/981/1542
f 1564/979/1634 1637/986/1633 1590/981/1542 1525/973/1541
f 1513/2427/1507 1578/2430/1510 1638/2437/1636 1563/2438/1635
f 1578/2003/1510 1495/1998/1515 1562/1996/1631 1638/2002/1636
f 1638/2002/1636 1562/1996/1631 1523/1997/1535 1591/2001/1538
f 1563/2004/1635 1638/2002/1636 1591/2001/1538 1526/2005/1543
f 1511/971/1603 1549/978/1608 1639/972/1637 1565/964/1638
f 1549/978/1608 1512/985/1607 1564/979/1634 1639/972/1637
f 1639/972/1637 1564/979/1634 1525/973/1541 1601/965/1564
f 1565/964/1638 1639/972/1637 1601/965/1564 1527/958/1563
f 1501/918/1549 1535/908/1582 1640/920/1639 1561/928/1632
f 1535/908/1582 1498/899/1584 1566/910/1640 1640/920/1639
f 1640/1990/1639 1566/1988/1640 1528/1989/1568 1602/1991/1567
f 1561/1992/1632 1640/1990/1639 1602/1991/1567 1524/1993/1539
f 1510/955/1598 1547/963/1604 1641/956/1641 1557/947/1625
f 1547/963/1604 1511/971/1603 1565/964/1638 1641/956/1641
f 1641/956/1641 1565/964/1638 1527/958/1563 1536/948/1585
f 1557/947/1625 1641/956/1641 1536/948/1585 1520/943/1530
f 1498/899/1584 1539/889/1589 1642/901/1642 1566/910/1640
f 1539/889/1589 1506/884/1516 1560/895/1627 1642/901/1642
f 1642/1986/1642 1560/1982/1627 1521/1983/1532 1537/1987/1587
f 1566/1988/1640 1642/1986/1642 1537/1987/1587 1528/1989/1568
v 0.103788 0.832276 -0.423562
v -0.011546 0.821092 -0.446848
v -0.031499 0.867174 -0.552566
v 0.071503 0.906837 -0.594612
v 0.155114 0.885274 -0.514873
v 0.019410 1.269647 -0.224509
v -0.095923 1.258462 -0.247807
v -0.115877 1.304548 -0.353519
v -0.012876 1.344214 -0.395550
v 0.070737 1.322644 -0.315822
v -0.045885 1.398286 -0.262658
v 0.113815 0.800605 -0.438692
v 0.011107 0.757532 -0.477685
v -0.008847 0.803614 -0.583404
v 0.081528 0.875173 -0.609747
v 0.157339 0.873311 -0.520306
v 0.384383 0.372597 -0.667995
v 0.281672 0.329523 -0.706980
v 0.261721 0.375602 -0.812708
v 0.352096 0.447157 -0.839047
v 0.427905 0.445295 -0.749619
v 0.382699 0.365831 -0.705119
v 0.314096 0.337062 -0.731149
v 0.300768 0.367841 -0.801786
v 0.361135 0.415638 -0.819372
v 0.411772 0.414393 -0.759636
v 0.454521 0.254030 -0.734694
v 0.371453 0.221922 -0.771145
v 0.443714 0.236030 -0.840345
v 0.352271 0.266220 -0.872753
v 0.423488 0.325703 -0.899101
v 0.486682 0.318175 -0.813758
vt 0.948063 0.475204
vt 0.959634 0.338881
vt 0.966154 0.352585
vt 0.954584 0.488910
vt 0.952808 0.509688
vt 0.946288 0.495983
vt 0.939787 0.660587
vt 0.933266 0.646878
vt 0.995313 0.344992
vt 0.993104 0.383806
vt 0.986851 0.370666
vt 0.990967 0.335854
vt 0.889036 0.583363
vt 0.896529 0.656654
vt 0.878244 0.655822
vt 0.870751 0.582533
vt 0.900675 0.576510
vt 0.908168 0.649801
vt 0.893405 0.667580
vt 0.871297 0.571362
vt 0.889110 0.577860
vt 0.900457 0.574509
vt 0.893553 0.490238
vt 0.911365 0.496736
vt 0.922712 0.493383
vt 0.899228 0.487209
vt 0.911126 0.491547
vt 0.918705 0.489308
vt 0.893891 0.482868
vt 0.899454 0.482284
vt 0.902598 0.468448
vt 0.916814 0.474010
vt 0.925925 0.470368
vt 0.915261 0.459544
vt 0.902923 0.461367
vt 0.875216 0.775043
vt 0.882575 0.703064
vt 0.900738 0.706719
vt 0.893379 0.778700
vt 0.897133 0.684281
vt 0.911631 0.701742
vt 0.904272 0.773721
vt 0.893452 0.784104
vt 0.875753 0.786014
vt 0.882243 0.695829
vt 0.904058 0.775686
vt 0.915309 0.863777
vt 0.897610 0.865688
vt 0.925915 0.855362
vt 0.914896 0.864985
vt 0.903074 0.866262
vt 0.920639 0.885641
vt 0.906480 0.886804
vt 0.921980 0.859363
vt 0.929071 0.877964
vt 0.918597 0.888594
vt 0.698540 0.206515
vt 0.696601 0.182726
vt 0.704215 0.189335
vt 0.040926 0.356897
vt 0.040188 0.347849
vt 0.044127 0.335138
vt 0.046822 0.337867
vn 0.434175 -0.303360 0.848213
vn 0.444204 -0.230965 0.865643
vn -0.695447 -0.343716 0.631041
vn -0.689607 -0.417703 0.591579
vn -0.890336 0.108000 -0.442309
vn -0.887250 0.023337 -0.460699
vn 0.124824 0.494193 -0.860344
vn 0.116743 0.429073 -0.895694
vn 0.955384 0.289406 -0.059037
vn 0.970634 0.227261 -0.078883
vn -0.562865 -0.705290 0.430986
vn 0.482445 -0.766892 -0.423230
vn 0.467710 -0.260110 0.844743
vn -0.752656 -0.271785 -0.599701
vn 0.153690 0.465005 -0.871866
vn 0.909408 0.415690 0.013393
vn -0.171836 0.892482 0.417072
vn -0.613985 -0.623926 0.483465
vn 0.403577 -0.221367 0.887762
vn -0.802266 -0.178373 -0.569695
vn 0.081235 0.509373 -0.856703
vn 0.863264 0.502188 0.050816
vn -0.574428 -0.664434 0.478079
vn 0.435299 -0.232364 0.869782
vn -0.773282 -0.213841 -0.596915
vn 0.120166 0.495738 -0.860119
vn 0.872915 0.485084 0.052093
vn -0.538214 -0.758057 0.368342
vn 0.515583 -0.279591 0.809940
vn -0.711958 -0.341855 -0.613393
vn 0.203736 0.426589 -0.881200
vn 0.918252 0.395974 -0.004161
s 1
g Grandma pCylinder6
f 1643/2456/1643 1648/2457/1644 1649/2458/1645 1644/2459/1646
f 1644/2444/1646 1649/2445/1645 1650/2446/1647 1645/2447/1648
f 1645/2479/1648 1650/2480/1647 1651/2481/1649 1646/2482/1650
f 1646/2482/1650 1651/2481/1649 1652/2484/1651 1647/2485/1652
f 1647/2460/1652 1652/2461/1651 1648/2457/1644 1643/2456/1643
f 1670/2474/1653 1671/2477/1654 1669/2475/1655
f 1672/2478/1656 1671/2477/1654 1670/2474/1653
f 1673/2495/1657 1671/2499/1654 1672/2496/1656
f 1674/2500/1658 1671/2501/1654 1673/2502/1657
f 1669/2475/1655 1671/2477/1654 1674/2476/1658
f 1648/2457/1644 1653/2462/1659 1649/2458/1645
f 1649/2488/1645 1653/2483/1659 1650/2480/1647
f 1650/2480/1647 1653/2483/1659 1651/2481/1649
f 1651/2481/1649 1653/2483/1659 1652/2484/1651
f 1652/2461/1651 1653/2462/1659 1648/2457/1644
f 1644/2459/1646 1655/2463/1660 1654/2464/1661 1643/2456/1643
f 1645/2447/1648 1656/2448/1662 1655/2449/1660 1644/2444/1646
f 1646/2482/1650 1657/2486/1663 1656/2487/1662 1645/2479/1648
f 1647/2485/1652 1658/2489/1664 1657/2486/1663 1646/2482/1650
f 1643/2456/1643 1654/2464/1661 1658/2465/1664 1647/2460/1652
f 1655/2463/1660 1660/2466/1665 1659/2467/1666 1654/2464/1661
f 1656/2448/1662 1661/2450/1667 1660/2451/1665 1655/2449/1660
f 1657/2486/1663 1662/2490/1668 1661/2491/1667 1656/2487/1662
f 1658/2489/1664 1663/2492/1669 1662/2490/1668 1657/2486/1663
f 1654/2464/1661 1659/2467/1666 1663/2468/1669 1658/2465/1664
f 1660/2466/1665 1665/2469/1670 1664/2470/1671 1659/2467/1666
f 1661/2472/1667 1666/2473/1672 1665/2469/1670 1660/2466/1665
f 1662/2490/1668 1667/2493/1673 1666/2494/1672 1661/2491/1667
f 1663/2503/1669 1668/2504/1674 1667/2505/1673 1662/2506/1668
f 1659/2467/1666 1664/2470/1671 1668/2471/1674 1663/2468/1669
f 1665/2469/1670 1670/2474/1653 1669/2475/1655 1664/2470/1671
f 1666/2452/1672 1672/2453/1656 1670/2454/1653 1665/2455/1670
f 1667/2493/1673 1673/2495/1657 1672/2496/1656 1666/2494/1672
f 1668/2497/1674 1674/2498/1658 1673/2495/1657 1667/2493/1673
f 1664/2470/1671 1669/2475/1655 1674/2476/1658 1668/2471/1674
